-6333 -4711 -4225
-6331 -4694 -4236
-6330 -4687 -4284
-6329 -4738 -4300
-6325 -4731 -4322
-6324 -4739 -4285
-6323 -4748 -4213
-6323 -4726 -4333
-6323 -4696 -4351
-6322 -4760 -4321
-6321 -4715 -4344
-6321 -4703 -4361
-6321 -4698 -4367
-6320 -4821 -4362
-6320 -4754 -4377
-6318 -4769 -4365
-6318 -4637 -4383
-6317 -4771 -4372
-6316 -4706 -4381
-6315 -4809 -4385
-6315 -4741 -4386
-6314 -4747 -4431
-6313 -4776 -4398
-6312 -4781 -4429
-6312 -4654 -4438
-6311 -4837 -4439
-6311 -4832 -4445
-6311 -4705 -4454
-6310 -4844 -4423
-6308 -4854 -4434
-6308 -4715 -4446
-6307 -4863 -4362
-6307 -4769 -4452
-6306 -4837 -4445
-6306 -4825 -4462
-6306 -4820 -4468
-6305 -4885 -4418
-6305 -4830 -4493
-6304 -4881 -4509
-6302 -4788 -4516
-6301 -4783 -4517
-6298 -4891 -4499
-6297 -4908 -4456
-6297 -4870 -4521
-6296 -4907 -4487
-6296 -4896 -4501
-6296 -4895 -4504
-6296 -4868 -4522
-6295 -4929 -4337
-6295 -4925 -4388
-6295 -4911 -4461
-6295 -4908 -4479
-6295 -4809 -4524
-6295 -4753 -4527
-6294 -4921 -4440
-6294 -4916 -4446
-6294 -4910 -4492
-6294 -4884 -4515
-6294 -4772 -4529
-6293 -4918 -4490
-6293 -4836 -4528
-6293 -4790 -4546
-6293 -4760 -4561
-6292 -4927 -4418
-6292 -4924 -4445
-6292 -4919 -4451
-6292 -4887 -4520
-6292 -4860 -4527
-6292 -4858 -4539
-6292 -4841 -4562
-6292 -4811 -4577
-6291 -4938 -4474
-6291 -4921 -4497
-6291 -4901 -4501
-6291 -4889 -4524
-6291 -4872 -4547
-6290 -4930 -4477
-6290 -4904 -4533
-6290 -4894 -4549
-6290 -4892 -4550
-6290 -4880 -4551
-6289 -4945 -4565
-6288 -4974 -4541
-6288 -4858 -4588
-6288 -4825 -4589
-6287 -4893 -4582
-6287 -4786 -4591
-6286 -4957 -4552
-6285 -4950 -4600
-6285 -4764 -4605
-6284 -4960 -4557
-6283 -4813 -4607
-6282 -4984 -4454
-6282 -4900 -4607
-6282 -4889 -4616
-6281 -4992 -4401
-6281 -4979 -4534
-6281 -4971 -4543
-6280 -4987 -4459
-6280 -4903 -4612
-6280 -4899 -4620
-6279 -4980 -4502
-6279 -4974 -4548
-6278 -5011 -4529
-6278 -4873 -4643
-6277 -4953 -4583
-6277 -4875 -4633
-6276 -5014 -4534
-6276 -4939 -4607
-6276 -4866 -4647
-6275 -4968 -4589
-6275 -4823 -4650
-6274 -4879 -4621
-6273 -4986 -4555
-6273 -4980 -4581
-6273 -4971 -4594
-6273 -4931 -4610
-6273 -4922 -4644
-6273 -4872 -4652
-6273 -4861 -4661
-6273 -4805 -4663
-6272 -5000 -4570
-6272 -4951 -4620
-6272 -4802 -4668
-6271 -5015 -4462
-6271 -4927 -4627
-6271 -4903 -4646
-6271 -4870 -4661
-6270 -4998 -4575
-6270 -4993 -4584
-6270 -4987 -4586
-6270 -4980 -4591
-6270 -4956 -4640
-6270 -4811 -4668
-6269 -5007 -4560
-6269 -4976 -4629
-6269 -4927 -4679
-6269 -4833 -4682
-6269 -4741 -4684
-6268 -5001 -4580
-6268 -4983 -4596
-6268 -4934 -4646
-6267 -5011 -4565
-6267 -4954 -4649
-6267 -4790 -4686
-6266 -5015 -4516
-6266 -4999 -4593
-6266 -4948 -4650
-6266 -4936 -4653
-6266 -4866 -4695
-6266 -4772 -4698
-6265 -5020 -4524
-6264 -5005 -4591
-6264 -4978 -4613
-6264 -4951 -4655
-6264 -4892 -4680
-6264 -4876 -4699
-6264 -4821 -4700
-6263 -5021 -4429
-6263 -5017 -4569
-6263 -5010 -4624
-6263 -4940 -4658
-6262 -5037 -4558
-6262 -4850 -4722
-6261 -5002 -4628
-6261 -4965 -4634
-6261 -4960 -4637
-6260 -4965 -4636
-6260 -4938 -4667
-6260 -4916 -4686
-6260 -4843 -4726
-6259 -4990 -4637
-6259 -4970 -4670
-6259 -4952 -4671
-6259 -4887 -4690
-6258 -5053 -4570
-6258 -5017 -4571
-6258 -4994 -4632
-6258 -4928 -4676
-6258 -4871 -4701
-6257 -5012 -4584
-6257 -4971 -4638
-6257 -4908 -4689
-6257 -4838 -4740
-6257 -4782 -4742
-6256 -4992 -4637
-6256 -4979 -4664
-6256 -4931 -4681
-6256 -4928 -4693
-6256 -4856 -4710
-6255 -4970 -4691
-6255 -4911 -4694
-6254 -5048 -4588
-6254 -5024 -4604
-6254 -5013 -4615
-6254 -4982 -4669
-6254 -4933 -4719
-6254 -4866 -4721
-6253 -5019 -4611
-6253 -5013 -4637
-6253 -4962 -4695
-6253 -4837 -4743
-6252 -5042 -4611
-6252 -5021 -4664
-6252 -4868 -4723
-6252 -4855 -4724
-6251 -5057 -4503
-6251 -5024 -4647
-6251 -4888 -4731
-6251 -4876 -4735
-6251 -4846 -4753
-6250 -5040 -4616
-6250 -5025 -4622
-6250 -4981 -4672
-6250 -4913 -4732
-6249 -5018 -4670
-6249 -4982 -4671
-6249 -4943 -4699
-6249 -4917 -4727
-6248 -5031 -4620
-6248 -5025 -4637
-6248 -4939 -4707
-6247 -5043 -4598
-6247 -4978 -4674
-6247 -4946 -4698
-6247 -4917 -4737
-6247 -4900 -4738
-6247 -4887 -4744
-6247 -4852 -4748
-6247 -4851 -4750
-6247 -4783 -4755
-6247 -4772 -4757
-6246 -5074 -4566
-6246 -5035 -4634
-6246 -4973 -4682
-6246 -4958 -4697
-6246 -4924 -4732
-6246 -4834 -4771
-6245 -4988 -4673
-6245 -4975 -4695
-6245 -4947 -4699
-6245 -4944 -4707
-6245 -4942 -4708
-6245 -4936 -4710
-6244 -5083 -4525
-6244 -5077 -4571
-6244 -5057 -4577
-6244 -5008 -4677
-6244 -4954 -4705
-6244 -4893 -4747
-6244 -4872 -4749
-6244 -4856 -4753
-6244 -4711 -4773
-6243 -5050 -4625
-6243 -5036 -4632
-6243 -5011 -4693
-6243 -4993 -4709
-6243 -4938 -4716
-6243 -4929 -4750
-6243 -4864 -4769
-6242 -5086 -4530
-6242 -5079 -4599
-6242 -5050 -4647
-6242 -5030 -4649
-6242 -4941 -4713
-6242 -4905 -4755
-6242 -4866 -4757
-6242 -4848 -4780
-6241 -5053 -4630
-6241 -4958 -4726
-6240 -5084 -4535
-6240 -5080 -4559
-6240 -5059 -4606
-6240 -5012 -4691
-6240 -4969 -4716
-6240 -4956 -4737
-6240 -4908 -4760
-6239 -5022 -4668
-6238 -5061 -4612
-6238 -5025 -4651
-6238 -4993 -4716
-6238 -4833 -4784
-6237 -5056 -4618
-6237 -5034 -4655
-6237 -5028 -4657
-6237 -4997 -4711
-6237 -4973 -4728
-6237 -4938 -4739
-6237 -4936 -4741
-6237 -4880 -4781
-6237 -4838 -4790
-6236 -5072 -4622
-6236 -5062 -4654
-6236 -5004 -4696
-6236 -4955 -4756
-6235 -5095 -4464
-6235 -5090 -4609
-6235 -5044 -4658
-6235 -5037 -4671
-6235 -5019 -4687
-6235 -4998 -4706
-6235 -4980 -4722
-6235 -4960 -4733
-6235 -4916 -4763
-6235 -4828 -4798
-6235 -4772 -4800
-6234 -5066 -4645
-6234 -5048 -4661
-6234 -5017 -4695
-6234 -5010 -4714
-6234 -5004 -4716
-6234 -4983 -4719
-6234 -4958 -4761
-6234 -4888 -4764
-6234 -4886 -4767
-6234 -4835 -4793
-6233 -5073 -4620
-6233 -5040 -4676
-6233 -5022 -4692
-6233 -4977 -4724
-6233 -4973 -4742
-6233 -4910 -4768
-6233 -4860 -4794
-6233 -4821 -4802
-6232 -5105 -4488
-6232 -5066 -4668
-6232 -5030 -4680
-6232 -5001 -4718
-6232 -4978 -4723
-6232 -4935 -4769
-6232 -4909 -4772
-6232 -4908 -4774
-6232 -4783 -4810
-6231 -5076 -4625
-6231 -5073 -4635
-6231 -5021 -4707
-6231 -5009 -4734
-6231 -4982 -4735
-6231 -4930 -4772
-6231 -4923 -4777
-6231 -4864 -4823
-6230 -4959 -4748
-6230 -4938 -4774
-6230 -4893 -4778
-6229 -5033 -4699
-6229 -4884 -4785
-6229 -4878 -4789
-6229 -4866 -4793
-6228 -5098 -4600
-6228 -5087 -4632
-6228 -5049 -4700
-6228 -4964 -4749
-6228 -4931 -4784
-6228 -4903 -4790
-6227 -5089 -4627
-6227 -5077 -4655
-6227 -5059 -4671
-6227 -5052 -4683
-6227 -5031 -4704
-6227 -5016 -4710
-6227 -5013 -4720
-6227 -4967 -4760
-6227 -4915 -4795
-6227 -4892 -4799
-6227 -4871 -4803
-6226 -5107 -4559
-6226 -5101 -4605
-6226 -4993 -4742
-6226 -4969 -4764
-6226 -4942 -4774
-6226 -4876 -4812
-6225 -5091 -4609
-6225 -5062 -4676
-6225 -5016 -4725
-6225 -4971 -4756
-6225 -4918 -4800
-6225 -4912 -4802
-6225 -4894 -4806
-6224 -5110 -4564
-6224 -5106 -4588
-6224 -5082 -4636
-6224 -5053 -4714
-6224 -5035 -4730
-6224 -4994 -4737
-6224 -4976 -4753
-6224 -4971 -4771
-6224 -4935 -4788
-6224 -4877 -4808
-6224 -4829 -4834
-6223 -5114 -4535
-6223 -5094 -4614
-6223 -5063 -4671
-6223 -5060 -4681
-6223 -4996 -4737
-6223 -4969 -4801
-6223 -4891 -4808
-6222 -5104 -4593
-6222 -5094 -4628
-6222 -5085 -4641
-6222 -5067 -4674
-6222 -5038 -4735
-6222 -4988 -4746
-6222 -4981 -4751
-6222 -4915 -4802
-6222 -4890 -4821
-6222 -4872 -4825
-6221 -5082 -4647
-6221 -5074 -4656
-6221 -5070 -4657
-6221 -5067 -4690
-6221 -4989 -4763
-6221 -4926 -4802
-6221 -4854 -4827
-6220 -5113 -4567
-6220 -5107 -4598
-6220 -5096 -4614
-6220 -5092 -4633
-6220 -5074 -4678
-6220 -5017 -4743
-6220 -4999 -4747
-6220 -4998 -4749
-6220 -4908 -4817
-6220 -4854 -4836
-6220 -4838 -4838
-6219 -5122 -4562
-6219 -5077 -4661
-6219 -5070 -4687
-6219 -5021 -4745
-6219 -5010 -4756
-6219 -4996 -4758
-6219 -4944 -4807
-6218 -5104 -4613
-6218 -5099 -4619
-6218 -5095 -4638
-6218 -4848 -4837
-6218 -4809 -4839
-6218 -4793 -4854
-6217 -5114 -4643
-6217 -5096 -4659
-6217 -5055 -4696
-6217 -5022 -4743
-6217 -4998 -4765
-6217 -4941 -4809
-6217 -4834 -4840
-6216 -5087 -4686
-6216 -5060 -4691
-6216 -5013 -4756
-6216 -4983 -4774
-6216 -4980 -4788
-6216 -4931 -4838
-6216 -4842 -4845
-6216 -4826 -4860
-6215 -5117 -4648
-6215 -5099 -4664
-6215 -5054 -4698
-6215 -5042 -4730
-6215 -5023 -4738
-6215 -5020 -4748
-6215 -5013 -4763
-6215 -4995 -4779
-6215 -4956 -4804
-6215 -4943 -4816
-6214 -5072 -4687
-6214 -5058 -4696
-6214 -5054 -4714
-6214 -5027 -4741
-6213 -5069 -4693
-6213 -5059 -4707
-6213 -5043 -4718
-6213 -5027 -4757
-6213 -4998 -4784
-6213 -4971 -4789
-6213 -4952 -4809
-6213 -4870 -4854
-6213 -4781 -4872
-6212 -5089 -4669
-6212 -5061 -4695
-6212 -5057 -4719
-6212 -5039 -4735
-6212 -5015 -4772
-6212 -4990 -4785
-6212 -4977 -4810
-6212 -4959 -4814
-6212 -4806 -4873
-6211 -5096 -4686
-6211 -5057 -4733
-6211 -5046 -4744
-6211 -5039 -4749
-6211 -5008 -4783
-6211 -4990 -4799
-6211 -4937 -4818
-6210 -5128 -4523
-6210 -5101 -4656
-6210 -5064 -4700
-6210 -4904 -4846
-6210 -4876 -4851
-6210 -4826 -4863
-6209 -5127 -4569
-6209 -5083 -4705
-6209 -5074 -4710
-6209 -5035 -4753
-6209 -4993 -4804
-6209 -4854 -4881
-6208 -5131 -4528
-6208 -5086 -4688
-6208 -5074 -4732
-6208 -5047 -4737
-6208 -5029 -4754
-6208 -5017 -4776
-6208 -5006 -4787
-6208 -4952 -4816
-6208 -4934 -4820
-6207 -5106 -4654
-6207 -5086 -4710
-6207 -5077 -4715
-6207 -5037 -4760
-6207 -5035 -4763
-6207 -5010 -4781
-6207 -4938 -4825
-6207 -4921 -4842
-6206 -5130 -4622
-6206 -5119 -4633
-6206 -5106 -4670
-6206 -5092 -4706
-6206 -4965 -4825
-6206 -4932 -4838
-6206 -4855 -4855
-6205 -5118 -4648
-6205 -5095 -4692
-6205 -5046 -4753
-6205 -5018 -4774
-6205 -5009 -4787
-6205 -4935 -4827
-6205 -4913 -4845
-6205 -4900 -4853
-6205 -4882 -4857
-6205 -4879 -4860
-6204 -5118 -4662
-6204 -5107 -4673
-6204 -5100 -4678
-6204 -5049 -4736
-6204 -5041 -4772
-6204 -5011 -4822
-6204 -4944 -4830
-6204 -4935 -4843
-6204 -4842 -4899
-6203 -5131 -4562
-6203 -5083 -4732
-6203 -5056 -4753
-6203 -5021 -4779
-6203 -5017 -4783
-6203 -4916 -4850
-6203 -4902 -4860
-6203 -4884 -4864
-6203 -4881 -4867
-6203 -4867 -4900
-6202 -5137 -4601
-6202 -5127 -4634
-6202 -5059 -4738
-6202 -5043 -4760
-6202 -5031 -4784
-6202 -4968 -4823
-6202 -4947 -4835
-6202 -4870 -4872
-6201 -5146 -4596
-6201 -5043 -4772
-6201 -4961 -4829
-6201 -4950 -4838
-6201 -4932 -4845
-6201 -4907 -4864
-6201 -4889 -4868
-6200 -5140 -4606
-6200 -5136 -4616
-6200 -5119 -4639
-6200 -5102 -4688
-6200 -5073 -4746
-6200 -4971 -4828
-6200 -4888 -4871
-6199 -5149 -4601
-6199 -5131 -4617
-6199 -5103 -4693
-6199 -5046 -4777
-6199 -5025 -4785
-6199 -5020 -4791
-6199 -5015 -4792
-6199 -4997 -4827
-6199 -4964 -4834
-6199 -4960 -4842
-6199 -4919 -4856
-6199 -4842 -4906
-6198 -5124 -4656
-6198 -5106 -4679
-6198 -5090 -4728
-6198 -5063 -4749
-6198 -5025 -4792
-6198 -4983 -4830
-6198 -4890 -4878
-6197 -5120 -4685
-6197 -5102 -4701
-6197 -5090 -4735
-6197 -5072 -4751
-6197 -5055 -4759
-6197 -4943 -4849
-6197 -4934 -4865
-6196 -5115 -4701
-6196 -5096 -4702
-6196 -5094 -4719
-6196 -5043 -4779
-6196 -5038 -4788
-6196 -5018 -4798
-6196 -4986 -4835
-6196 -4961 -4836
-6196 -4936 -4855
-6196 -4868 -4879
-6195 -5100 -4715
-6195 -5075 -4756
-6195 -5048 -4761
-6195 -5043 -4799
-6195 -5012 -4806
-6195 -4961 -4856
-6195 -4937 -4863
-6195 -4927 -4869
-6195 -4893 -4878
-6195 -4778 -4909
-6194 -5095 -4723
-6194 -5062 -4767
-6194 -5046 -4784
-6194 -5030 -4806
-6194 -5012 -4822
-6194 -4964 -4841
-6194 -4871 -4882
-6193 -5123 -4675
-6193 -5107 -4704
-6193 -5085 -4736
-6193 -5060 -4770
-6193 -5055 -4772
-6193 -5049 -4781
-6193 -5015 -4811
-6193 -4967 -4838
-6193 -4944 -4860
-6193 -4939 -4870
-6193 -4914 -4878
-6193 -4896 -4883
-6193 -4823 -4913
-6192 -5155 -4512
-6192 -5151 -4515
-6192 -5128 -4634
-6192 -5127 -4666
-6192 -5107 -4706
-6192 -5044 -4797
-6192 -5015 -4827
-6192 -4992 -4832
-6192 -4971 -4840
-6192 -4963 -4845
-6192 -4951 -4858
-6192 -4940 -4867
-6192 -4933 -4874
-6192 -4922 -4883
-6191 -5142 -4662
-6191 -5129 -4692
-6191 -5095 -4744
-6191 -5063 -4775
-6191 -5045 -4791
-6191 -4996 -4841
-6191 -4988 -4846
-6191 -4947 -4884
-6191 -4787 -4915
-6191 -4771 -4930
-6190 -5158 -4517
-6190 -5151 -4586
-6190 -5147 -4612
-6190 -5115 -4706
-6190 -5099 -4734
-6190 -5077 -4774
-6190 -5050 -4795
-6190 -4969 -4853
-6190 -4959 -4858
-6190 -4917 -4900
-6190 -4868 -4904
-6190 -4826 -4913
-6190 -4812 -4916
-6190 -4796 -4931
-6189 -5134 -4675
-6189 -5117 -4701
-6189 -5104 -4708
-6189 -5089 -4747
-6189 -5080 -4757
-6189 -5059 -4797
-6189 -5026 -4810
-6189 -4991 -4851
-6189 -4970 -4853
-6189 -4950 -4864
-6189 -4921 -4889
-6189 -4904 -4904
-6189 -4843 -4906
-6188 -5156 -4522
-6188 -5153 -4611
-6188 -5133 -4690
-6188 -5119 -4706
-6188 -5109 -4712
-6188 -5104 -4728
-6188 -5083 -4748
-6188 -5062 -4780
-6188 -5036 -4802
-6188 -5021 -4816
-6188 -5005 -4845
-6188 -4987 -4852
-6188 -4963 -4858
-6188 -4816 -4921
-6187 -5135 -4670
-6187 -5122 -4715
-6187 -5079 -4759
-6187 -5069 -4777
-6187 -5062 -4802
-6187 -5035 -4807
-6187 -5017 -4823
-6187 -5009 -4835
-6187 -4975 -4857
-6187 -4951 -4865
-6187 -4825 -4914
-6187 -4823 -4916
-6186 -5159 -4587
-6186 -5145 -4635
-6186 -5143 -4653
-6186 -5136 -4664
-6186 -5110 -4734
-6186 -5022 -4811
-6186 -4990 -4857
-6186 -4963 -4872
-6186 -4938 -4885
-6186 -4897 -4913
-6186 -4809 -4925
-6186 -4771 -4937
-6185 -5166 -4518
-6185 -5123 -4710
-6185 -5109 -4749
-6185 -5094 -4750
-6185 -5085 -4752
-6185 -5082 -4764
-6185 -5072 -4782
-6185 -5034 -4812
-6185 -5026 -4814
-6185 -5024 -4816
-6185 -5018 -4822
-6185 -4997 -4875
-6185 -4927 -4889
-6185 -4911 -4904
-6185 -4833 -4920
-6184 -5147 -4620
-6184 -5146 -4658
-6184 -5124 -4704
-6184 -5098 -4774
-6184 -5034 -4823
-6184 -5026 -4830
-6184 -4918 -4895
-6184 -4909 -4921
-6184 -4815 -4924
-6184 -4764 -4941
-6183 -5164 -4523
-6183 -5158 -4599
-6183 -5111 -4724
-6183 -5082 -4790
-6183 -5041 -4809
-6183 -5017 -4837
-6183 -4954 -4876
-6183 -4952 -4883
-6183 -4934 -4887
-6183 -4882 -4922
-6183 -4836 -4929
-6182 -5155 -4636
-6182 -5144 -4661
-6182 -5142 -4666
-6182 -5141 -4683
-6182 -5102 -4752
-6182 -5086 -4780
-6182 -5037 -4841
-6182 -5004 -4848
-6182 -4955 -4898
-6182 -4839 -4927
-6181 -5167 -4581
-6181 -5152 -4638
-6181 -5144 -4677
-6181 -5130 -4692
-6181 -5126 -4693
-6181 -5121 -4721
-6181 -5049 -4819
-6181 -4967 -4876
-6181 -4958 -4881
-6180 -5158 -4641
-6180 -5153 -4643
-6180 -5147 -4654
-6180 -5145 -4671
-6180 -5134 -4690
-6180 -5130 -4706
-6180 -5106 -4752
-6180 -5031 -4842
-6180 -4918 -4900
-6180 -4845 -4924
-6179 -5161 -4594
-6179 -5153 -4659
-6179 -5109 -4761
-6179 -5067 -4792
-6179 -4977 -4890
-6179 -4922 -4903
-6179 -4858 -4941
-6178 -5146 -4681
-6178 -5138 -4690
-6178 -5135 -4692
-6178 -5133 -4711
-6178 -5120 -4736
-6178 -5112 -4744
-6178 -5097 -4780
-6178 -5058 -4804
-6178 -5041 -4825
-6178 -5006 -4845
-6178 -4930 -4913
-6178 -4882 -4929
-6177 -5170 -4553
-6177 -5167 -4627
-6177 -5141 -4699
-6177 -5123 -4715
-6177 -5078 -4793
-6177 -5070 -4799
-6177 -5063 -4802
-6177 -5052 -4813
-6177 -5041 -4837
-6177 -5023 -4853
-6177 -4984 -4888
-6177 -4832 -4964
-6176 -5172 -4479
-6176 -5166 -4635
-6176 -5155 -4653
-6176 -5135 -4731
-6176 -5085 -4820
-6176 -5052 -4827
-6176 -5003 -4877
-6175 -5175 -4630
-6175 -5161 -4645
-6175 -5157 -4646
-6175 -5155 -4667
-6175 -5147 -4709
-6175 -5117 -4742
-6175 -5055 -4831
-6175 -5026 -4858
-6175 -5016 -4859
-6175 -5006 -4860
-6175 -4941 -4907
-6175 -4825 -4968
-6174 -5179 -4546
-6174 -5117 -4758
-6174 -5099 -4774
-6174 -5054 -4835
-6174 -5043 -4846
-6174 -5029 -4848
-6174 -5018 -4864
-6174 -4989 -4878
-6174 -4977 -4897
-6174 -4964 -4904
-6174 -4910 -4921
-6174 -4883 -4926
-6173 -5160 -4651
-6173 -5156 -4681
-6173 -5102 -4763
-6173 -5101 -4775
-6173 -4945 -4927
-6173 -4927 -4943
-6172 -5182 -4551
-6172 -5160 -4667
-6172 -5151 -4689
-6172 -5118 -4743
-6172 -5102 -4779
-6172 -5066 -4824
-6172 -5027 -4852
-6172 -5009 -4868
-6172 -4998 -4879
-6172 -4978 -4892
-6172 -4834 -4949
-6171 -5165 -4640
-6171 -5158 -4709
-6171 -5146 -4719
-6171 -5144 -4721
-6171 -5128 -4750
-6171 -5089 -4782
-6171 -5027 -4859
-6171 -5009 -4875
-6171 -4994 -4888
-6171 -4980 -4890
-6171 -4955 -4916
-6171 -4884 -4944
-6171 -4859 -4950
-6171 -4838 -4952
-6170 -5177 -4588
-6170 -5161 -4679
-6170 -5146 -4735
-6170 -5132 -4740
-6170 -5089 -4798
-6170 -5045 -4850
-6170 -5010 -4866
-6169 -5161 -4714
-6169 -5146 -4749
-6169 -5110 -4761
-6169 -5103 -4772
-6169 -5065 -4839
-6169 -5039 -4851
-6169 -5038 -4865
-6169 -5021 -4867
-6169 -5012 -4880
-6169 -4986 -4896
-6169 -4957 -4923
-6169 -4885 -4947
-6169 -4843 -4956
-6168 -5189 -4497
-6168 -5181 -4557
-6168 -5179 -4563
-6168 -5172 -4632
-6168 -5170 -4638
-6168 -5149 -4719
-6168 -5120 -4780
-6168 -5092 -4797
-6168 -5068 -4821
-6168 -5043 -4853
-6168 -4993 -4894
-6168 -4985 -4899
-6168 -4967 -4903
-6168 -4960 -4912
-6168 -4944 -4937
-6168 -4903 -4944
-6167 -5190 -4552
-6167 -5170 -4654
-6167 -5149 -4754
-6167 -5122 -4759
-6167 -5096 -4787
-6167 -5086 -4804
-6167 -5042 -4856
-6167 -5024 -4872
-6167 -4998 -4888
-6167 -4993 -4906
-6167 -4975 -4922
-6167 -4911 -4947
-6167 -4833 -4964
-6167 -4736 -4977
-6166 -5181 -4591
-6166 -5176 -4614
-6166 -5173 -4641
-6166 -5164 -4714
-6166 -5125 -4763
-6166 -5101 -4785
-6166 -5086 -4820
-6166 -5015 -4880
-6166 -5009 -4882
-6166 -4892 -4954
-6166 -4840 -4959
-6166 -4808 -4970
-6166 -4787 -4972
-6165 -5184 -4561
-6165 -5176 -4630
-6165 -5089 -4809
-6165 -5032 -4868
-6165 -5019 -4877
-6165 -5003 -4895
-6165 -4978 -4908
-6165 -4826 -4968
-6165 -4813 -4974
-6164 -5184 -4577
-6164 -5179 -4605
-6164 -5126 -4758
-6164 -5105 -4789
-6164 -5095 -4792
-6164 -5089 -4825
-6164 -5071 -4834
-6164 -5049 -4852
-6164 -5025 -4869
-6164 -5007 -4885
-6164 -4917 -4953
-6164 -4887 -4971
-6164 -4788 -4976
-6163 -5150 -4727
-6163 -5106 -4786
-6163 -5096 -4800
-6163 -5044 -4853
-6163 -5037 -4871
-6163 -5026 -4873
-6163 -4956 -4926
-6163 -4946 -4927
-6163 -4935 -4938
-6163 -4928 -4943
-6162 -5184 -4601
-6162 -5178 -4625
-6162 -5106 -4802
-6162 -5091 -4803
-6162 -5010 -4890
-6162 -4908 -4957
-6162 -4899 -4965
-6162 -4833 -4992
-6162 -4754 -4999
-6161 -5191 -4532
-6161 -5182 -4610
-6161 -5158 -4726
-6161 -5108 -4781
-6161 -5092 -4805
-6161 -5063 -4843
-6161 -5062 -4855
-6161 -5043 -4866
-6161 -5025 -4911
-6161 -4952 -4936
-6160 -5198 -4588
-6160 -5187 -4606
-6160 -5173 -4649
-6160 -5171 -4672
-6160 -5127 -4758
-6160 -5123 -4779
-6160 -5118 -4794
-6160 -5103 -4806
-6160 -5079 -4843
-6160 -5054 -4866
-6160 -4929 -4941
-6160 -4911 -4957
-6160 -4856 -4974
-6159 -5207 -4570
-6159 -5183 -4613
-6159 -5179 -4623
-6159 -5132 -4755
-6159 -5126 -4762
-6159 -5123 -4795
-6159 -5109 -4802
-6159 -5096 -4821
-6159 -5083 -4833
-6159 -5045 -4873
-6159 -4982 -4912
-6159 -4964 -4928
-6159 -4963 -4930
-6159 -4875 -4989
-6158 -5179 -4639
-6158 -5172 -4685
-6158 -5150 -4738
-6158 -5135 -4757
-6158 -5127 -4766
-6158 -5126 -4778
-6158 -5112 -4809
-6158 -5073 -4848
-6158 -5055 -4864
-6158 -5034 -4876
-6158 -4965 -4932
-6158 -4947 -4940
-6158 -4928 -4960
-6157 -5188 -4634
-6157 -5181 -4680
-6157 -5169 -4691
-6157 -5150 -4754
-6157 -5136 -4759
-6157 -5098 -4814
-6157 -5058 -4868
-6157 -5051 -4871
-6157 -5040 -4880
-6157 -5029 -4895
-6157 -4976 -4922
-6157 -4899 -4972
-6156 -5167 -4695
-6156 -5131 -4766
-6156 -5099 -4819
-6156 -5081 -4835
-6156 -5065 -4856
-6156 -5058 -4880
-6156 -5040 -4896
-6156 -4983 -4928
-6156 -4940 -4954
-6155 -5197 -4593
-6155 -5192 -4617
-6155 -5190 -4662
-6155 -5174 -4683
-6155 -5172 -4696
-6155 -5159 -4726
-6155 -5135 -4778
-6155 -5123 -4801
-6155 -5104 -4812
-6155 -5083 -4846
-6155 -5073 -4859
-6155 -5047 -4884
-6155 -5043 -4885
-6155 -5031 -4899
-6155 -5006 -4925
-6155 -4979 -4930
-6155 -4877 -4975
-6155 -4844 -4992
-6155 -4782 -4994
-6154 -5208 -4498
-6154 -5184 -4672
-6154 -5178 -4688
-6154 -5169 -4707
-6154 -5145 -4756
-6154 -5132 -4780
-6154 -5105 -4816
-6154 -5098 -4825
-6154 -5086 -4840
-6154 -5069 -4861
-6154 -5043 -4901
-6154 -4993 -4932
-6154 -4957 -4936
-6154 -4916 -4963
-6154 -4877 -4991
-6154 -4665 -5008
-6153 -5193 -4667
-6153 -5178 -4702
-6153 -5173 -4708
-6153 -5145 -4772
-6153 -5095 -4827
-6153 -5050 -4889
-6153 -4994 -4929
-6153 -4889 -4975
-6153 -4801 -4993
-6152 -5211 -4503
-6152 -5204 -4577
-6152 -5173 -4724
-6152 -5152 -4733
-6152 -5148 -4755
-6152 -5135 -4785
-6152 -5114 -4803
-6152 -5092 -4835
-6152 -5083 -4851
-6152 -5063 -4863
-6152 -4997 -4937
-6152 -4985 -4950
-6152 -4967 -4955
-6152 -4909 -4971
-6152 -4896 -4973
-6152 -4848 -4992
-6152 -4755 -4999
-6151 -5200 -4644
-6151 -5187 -4674
-6151 -5181 -4707
-6151 -5173 -4738
-6151 -5164 -4751
-6151 -5145 -4777
-6151 -5109 -4811
-6151 -5083 -4867
-6151 -5051 -4888
-6151 -5026 -4911
-6151 -5015 -4922
-6151 -4940 -4956
-6151 -4924 -4971
-6151 -4907 -4974
-6151 -4880 -4979
-6151 -4825 -4996
-6151 -4821 -5007
-6150 -5213 -4531
-6150 -5205 -4594
-6150 -5183 -4687
-6150 -5161 -4764
-6150 -5149 -4767
-6150 -5145 -4793
-6150 -5108 -4826
-6150 -5095 -4840
-6150 -5046 -4890
-6150 -4972 -4959
-6150 -4951 -4961
-6150 -4913 -4976
-6150 -4789 -5008
-6149 -5178 -4722
-6149 -5176 -4743
-6149 -5152 -4791
-6149 -5132 -4797
-6149 -5119 -4809
-6149 -5112 -4816
-6149 -5045 -4893
-6149 -5027 -4909
-6149 -4910 -4979
-6149 -4828 -4996
-6149 -4762 -5023
-6148 -5215 -4523
-6148 -5208 -4580
-6148 -5186 -4692
-6148 -5167 -4751
-6148 -5149 -4797
-6148 -5137 -4807
-6148 -5092 -4852
-6148 -5041 -4904
-6148 -5023 -4916
-6148 -5018 -4917
-6148 -4991 -4941
-6148 -4974 -4966
-6148 -4929 -4968
-6148 -4925 -4970
-6148 -4856 -5003
-6147 -5189 -4675
-6147 -5166 -4762
-6147 -5137 -4823
-6147 -5122 -4824
-6147 -5104 -4830
-6147 -5095 -4845
-6147 -5050 -4890
-6147 -5025 -4914
-6147 -5004 -4930
-6147 -4961 -4970
-6147 -4955 -4973
-6147 -4916 -4975
-6147 -4900 -4982
-6147 -4858 -4996
-6146 -5210 -4565
-6146 -5181 -4741
-6146 -5152 -4802
-6146 -5092 -4862
-6146 -5062 -4868
-6146 -5059 -4869
-6146 -5032 -4907
-6146 -4928 -4978
-6146 -4876 -4993
-6146 -4812 -5018
-6146 -4804 -5020
-6145 -5216 -4551
-6145 -5190 -4679
-6145 -5186 -4728
-6145 -5181 -4757
-6145 -5065 -4874
-6145 -5020 -4922
-6145 -5019 -4934
-6145 -4939 -4979
-6145 -4913 -4982
-6145 -4726 -5035
-6144 -5215 -4559
-6144 -5205 -4602
-6144 -5201 -4604
-6144 -5197 -4646
-6144 -5187 -4688
-6144 -5095 -4846
-6144 -5020 -4938
-6144 -4999 -4940
-6144 -4988 -4948
-6144 -4934 -4980
-6144 -4900 -4986
-6144 -4878 -4989
-6144 -4871 -4994
-6144 -4837 -5007
-6144 -4830 -5017
-6143 -5224 -4541
-6143 -5215 -4566
-6143 -5197 -4653
-6143 -5174 -4768
-6143 -5156 -4769
-6143 -5106 -4827
-6143 -5100 -4831
-6143 -5067 -4870
-6143 -5066 -4880
-6143 -5065 -4892
-6143 -5002 -4939
-6143 -4942 -4984
-6143 -4934 -4996
-6143 -4817 -5018
-6142 -5211 -4633
-6142 -5204 -4638
-6142 -5200 -4651
-6142 -5189 -4728
-6142 -5153 -4778
-6142 -5121 -4831
-6142 -5106 -4843
-6142 -5077 -4870
-6142 -5068 -4875
-6142 -5043 -4906
-6142 -4991 -4953
-6142 -4975 -4961
-6142 -4973 -4969
-6142 -4946 -4974
-6142 -4888 -5008
-6142 -4850 -5019
-6141 -5220 -4615
-6141 -5213 -4620
-6141 -5201 -4644
-6141 -5117 -4838
-6141 -5099 -4858
-6141 -5088 -4871
-6141 -5079 -4882
-6141 -5044 -4900
-6141 -5031 -4921
-6141 -4850 -5035
-6140 -5205 -4634
-6140 -5195 -4654
-6140 -5114 -4839
-6140 -5109 -4848
-6140 -5103 -4850
-6140 -5079 -4898
-6140 -5054 -4900
-6140 -5052 -4903
-6140 -5042 -4910
-6140 -5034 -4919
-6140 -5001 -4942
-6140 -4976 -4957
-6140 -4866 -5010
-6139 -5224 -4570
-6139 -5204 -4649
-6139 -5195 -4701
-6139 -5161 -4780
-6139 -5153 -4791
-6139 -5126 -4829
-6139 -5091 -4876
-6139 -5082 -4891
-6139 -5067 -4913
-6139 -5042 -4926
-6139 -5015 -4947
-6139 -5000 -4948
-6139 -4987 -4958
-6139 -4879 -5009
-6138 -5225 -4470
-6138 -5196 -4666
-6138 -5157 -4792
-6138 -5139 -4808
-6138 -5109 -4849
-6138 -5099 -4860
-6138 -5097 -4872
-6138 -5022 -4935
-6138 -4982 -4959
-6138 -4766 -5038
-6137 -5210 -4638
-6137 -5205 -4661
-6137 -5202 -4665
-6137 -5200 -4685
-6137 -5138 -4823
-6137 -5100 -4858
-6137 -5051 -4919
-6137 -5046 -4922
-6137 -4990 -4963
-6137 -4982 -4975
-6137 -4968 -4983
-6137 -4915 -5007
-6136 -5226 -4425
-6136 -5223 -4602
-6136 -5205 -4677
-6136 -5200 -4701
-6136 -5153 -4802
-6136 -5142 -4813
-6136 -5110 -4845
-6136 -5104 -4852
-6136 -5101 -4862
-6136 -5046 -4938
-6136 -4936 -4987
-6136 -4892 -5011
-6136 -4889 -5014
-6135 -5232 -4584
-6135 -5209 -4644
-6135 -5206 -4645
-6135 -5205 -4691
-6135 -5196 -4704
-6135 -5190 -4705
-6135 -5148 -4809
-6135 -5121 -4835
-6135 -5116 -4841
-6135 -5098 -4864
-6135 -5061 -4917
-6135 -5053 -4926
-6135 -4995 -4950
-6135 -4991 -4961
-6135 -4919 -5012
-6135 -4898 -5014
-6135 -4889 -5030
-6134 -5217 -4622
-6134 -5215 -4640
-6134 -5209 -4660
-6134 -5193 -4717
-6134 -5188 -4741
-6134 -5162 -4774
-6134 -5149 -4807
-6134 -5131 -4825
-6134 -5086 -4888
-6134 -5036 -4950
-6134 -4894 -5018
-6133 -5208 -4696
-6133 -5197 -4708
-6133 -5184 -4744
-6133 -5175 -4768
-6133 -5146 -4811
-6133 -5124 -4836
-6133 -5086 -4904
-6133 -5048 -4938
-6133 -5014 -4953
-6133 -5004 -4961
-6133 -4944 -4991
-6133 -4933 -4997
-6132 -5240 -4520
-6132 -5218 -4645
-6132 -5200 -4704
-6132 -5164 -4778
-6132 -5160 -4781
-6132 -5152 -4812
-6132 -5150 -4814
-6132 -5143 -4820
-6132 -5135 -4826
-6132 -5131 -4830
-6132 -5126 -4831
-6132 -5120 -4854
-6132 -5111 -4863
-6132 -5051 -4927
-6132 -5014 -4964
-6132 -5002 -4977
-6132 -4987 -4979
-6132 -4821 -5037
-6132 -4675 -5040
-6131 -5221 -4615
-6131 -5209 -4699
-6131 -5204 -4701
-6131 -5195 -4722
-6131 -5179 -4780
-6131 -5155 -4798
-6131 -5137 -4829
-6131 -5131 -4846
-6131 -5098 -4873
-6131 -5096 -4879
-6131 -5051 -4943
-6131 -5014 -4980
-6131 -5002 -4993
-6131 -4913 -5016
-6131 -4828 -5039
-6130 -5216 -4648
-6130 -5213 -4670
-6130 -5204 -4717
-6130 -5189 -4729
-6130 -5184 -4755
-6130 -5146 -4825
-6130 -5126 -4854
-6130 -5100 -4866
-6130 -5096 -4895
-6130 -5068 -4915
-6130 -5026 -4953
-6130 -4941 -4994
-6130 -4930 -5003
-6130 -4905 -5018
-6130 -4842 -5039
-6130 -4838 -5050
-6129 -5223 -4607
-6129 -5218 -4681
-6129 -5198 -4728
-6129 -5162 -4791
-6129 -5155 -4812
-6129 -5125 -4869
-6129 -5111 -4874
-6129 -5071 -4905
-6129 -5060 -4925
-6129 -5022 -4955
-6129 -4959 -4994
-6129 -4941 -5010
-6129 -4930 -5019
-6129 -4861 -5033
-6129 -4815 -5054
-6129 -4776 -5056
-6128 -5247 -4499
-6128 -5229 -4586
-6128 -5222 -4629
-6128 -5189 -4738
-6128 -5184 -4778
-6128 -5171 -4781
-6128 -5160 -4799
-6128 -5157 -4800
-6128 -5155 -4839
-6128 -5129 -4859
-6128 -5061 -4918
-6128 -5023 -4964
-6128 -4942 -4997
-6128 -4898 -5022
-6128 -4779 -5066
-6127 -5229 -4593
-6127 -5223 -4609
-6127 -5206 -4721
-6127 -5190 -4729
-6127 -5184 -4794
-6127 -5108 -4881
-6127 -5067 -4917
-6126 -5243 -4573
-6126 -5232 -4591
-6126 -5225 -4594
-6126 -5224 -4635
-6126 -5217 -4685
-6126 -5195 -4731
-6126 -5190 -4745
-6126 -5186 -4755
-6126 -5162 -4798
-6126 -5157 -4803
-6126 -5133 -4840
-6126 -5097 -4883
-6126 -5083 -4915
-6126 -5067 -4933
-6126 -4945 -5005
-6126 -4874 -5031
-6126 -4866 -5035
-6126 -4862 -5041
-6126 -4840 -5044
-6126 -4835 -5059
-6125 -5213 -4686
-6125 -5201 -4757
-6125 -5164 -4804
-6125 -5112 -4870
-6125 -5111 -4882
-6125 -5100 -4884
-6125 -5070 -4916
-6125 -4952 -4997
-6125 -4949 -5005
-6125 -4945 -5021
-6125 -4910 -5022
-6125 -4893 -5036
-6125 -4851 -5045
-6124 -5238 -4622
-6124 -5227 -4640
-6124 -5219 -4649
-6124 -5211 -4706
-6124 -5187 -4767
-6124 -5163 -4815
-6124 -5134 -4842
-6124 -5112 -4872
-6124 -5094 -4900
-6124 -5053 -4944
-6124 -5028 -4955
-6124 -5025 -4959
-6124 -4976 -5006
-6124 -4867 -5038
-6124 -4792 -5060
-6123 -5247 -4604
-6123 -5227 -4654
-6123 -5220 -4673
-6123 -5214 -4689
-6123 -5187 -4783
-6123 -5157 -4824
-6123 -5134 -4858
-6123 -5082 -4919
-6123 -5077 -4921
-6123 -5040 -4948
-6123 -5039 -4958
-6123 -5028 -4971
-6123 -4870 -5040
-6123 -4854 -5050
-6123 -4841 -5053
-6122 -5229 -4668
-6122 -5206 -4755
-6122 -5190 -4772
-6122 -5178 -4810
-6122 -5177 -4816
-6122 -5106 -4887
-6122 -5094 -4909
-6122 -5082 -4935
-6122 -5041 -4953
-6122 -5031 -4960
-6122 -4974 -5019
-6122 -4930 -5027
-6122 -4869 -5041
-6121 -5235 -4644
-6121 -5217 -4694
-6121 -5208 -4713
-6121 -5206 -4771
-6121 -5190 -4788
-6121 -5164 -4817
-6121 -5160 -4829
-6121 -5139 -4841
-6121 -5097 -4898
-6121 -5094 -4913
-6121 -5085 -4918
-6121 -5048 -4948
-6121 -5031 -4976
-6121 -5004 -4981
-6121 -4986 -4997
-6121 -4917 -5033
-6121 -4890 -5042
-6120 -5252 -4454
-6120 -5232 -4654
-6120 -5217 -4708
-6120 -5141 -4844
-6120 -5124 -4872
-6120 -5109 -4892
-6120 -5102 -4897
-6120 -5097 -4914
-6120 -5060 -4942
-6120 -5048 -4964
-6120 -5007 -4983
-6120 -4977 -5000
-6120 -4942 -5028
-6120 -4898 -5040
-6120 -4890 -5058
-6119 -5220 -4678
-6119 -5141 -4860
-6119 -5127 -4865
-6119 -5115 -4884
-6119 -5084 -4925
-6119 -4993 -5000
-6119 -4936 -5032
-6119 -4913 -5035
-6119 -4784 -5061
-6118 -5249 -4562
-6118 -5241 -4613
-6118 -5236 -4647
-6118 -5220 -4694
-6118 -5209 -4741
-6118 -5156 -4839
-6118 -5145 -4850
-6118 -5126 -4876
-6118 -5115 -4900
-6118 -5070 -4961
-6118 -5003 -4997
-6118 -4975 -5007
-6118 -4757 -5070
-6117 -5252 -4489
-6117 -5250 -4533
-6117 -5245 -4629
-6117 -5238 -4634
-6117 -5218 -4736
-6117 -5133 -4864
-6117 -5129 -4866
-6117 -5119 -4878
-6117 -5099 -4916
-6117 -5087 -4930
-6117 -5039 -4978
-6117 -4985 -5010
-6117 -4814 -5061
-6117 -4771 -5070
-6116 -5255 -4464
-6116 -5250 -4579
-6116 -5232 -4657
-6116 -5212 -4746
-6116 -5191 -4778
-6116 -5141 -4871
-6116 -5133 -4880
-6116 -5104 -4912
-6116 -5090 -4923
-6116 -5054 -4967
-6116 -4985 -5026
-6116 -4909 -5038
-6116 -4897 -5046
-6116 -4776 -5070
-6116 -4760 -5085
-6115 -5241 -4639
-6115 -5227 -4675
-6115 -5222 -4678
-6115 -5221 -4741
-6115 -5186 -4794
-6115 -5149 -4848
-6115 -5147 -4850
-6115 -5117 -4891
-6115 -5094 -4925
-6115 -4936 -5039
-6115 -4909 -5054
-6115 -4897 -5062
-6115 -4793 -5073
-6114 -5258 -4447
-6114 -5253 -4565
-6114 -5248 -4588
-6114 -5236 -4657
-6114 -5230 -4665
-6114 -5192 -4798
-6114 -5179 -4801
-6114 -5164 -4836
-6114 -5155 -4849
-6114 -5153 -4851
-6114 -5012 -4993
-6114 -4764 -5074
-6113 -5248 -4604
-6113 -5230 -4681
-6113 -5196 -4776
-6113 -5163 -4837
-6113 -5158 -4843
-6113 -5150 -4855
-6113 -5126 -4887
-6113 -5120 -4896
-6113 -5111 -4902
-6113 -5054 -4980
-6113 -5019 -4981
-6113 -4924 -5042
-6113 -4854 -5063
-6113 -4803 -5064
-6113 -4795 -5066
-6113 -4780 -5075
-6113 -4764 -5090
-6112 -5255 -4557
-6112 -5254 -4569
-6112 -5233 -4668
-6112 -5222 -4698
-6112 -5194 -4788
-6112 -5178 -4816
-6112 -5167 -4841
-6112 -5152 -4853
-6112 -5149 -4862
-6112 -5128 -4890
-6112 -5111 -4918
-6112 -4955 -5027
-6112 -4947 -5039
-6112 -4874 -5068
-6111 -5260 -4507
-6111 -5240 -4643
-6111 -5230 -4684
-6111 -5224 -4699
-6111 -5222 -4714
-6111 -5158 -4849
-6111 -5152 -4858
-6111 -5131 -4890
-6111 -5128 -4906
-6111 -5114 -4911
-6111 -5102 -4930
-6111 -5086 -4931
-6111 -5079 -4939
-6111 -5074 -4942
-6111 -5016 -4991
-6111 -4901 -5069
-6111 -4721 -5091
-6110 -5259 -4515
-6110 -5256 -4575
-6110 -5250 -4582
-6110 -5249 -4625
-6110 -5230 -4697
-6110 -5224 -4715
-6110 -5207 -4749
-6110 -5132 -4896
-6110 -5113 -4922
-6110 -5102 -4946
-6110 -5056 -4970
-6110 -5022 -4992
-6110 -5002 -5002
-6110 -4925 -5042
-6110 -4924 -5052
-6110 -4903 -5064
-6110 -4885 -5080
-6110 -4815 -5084
-6109 -5268 -4497
-6109 -5250 -4598
-6109 -5235 -4679
-6109 -5233 -4710
-6109 -5230 -4713
-6109 -5222 -4722
-6109 -5210 -4754
-6109 -5207 -4765
-6109 -5177 -4820
-6109 -5171 -4825
-6109 -5134 -4877
-6109 -5024 -4981
-6109 -5020 -5002
-6109 -5002 -5018
-6109 -4945 -5041
-6109 -4842 -5085
-6108 -5270 -4562
-6108 -5259 -4580
-6108 -5250 -4601
-6108 -5244 -4674
-6108 -5237 -4701
-6108 -5213 -4744
-6108 -5209 -4758
-6108 -5200 -4780
-6108 -5195 -4789
-6108 -5186 -4810
-6108 -5177 -4826
-6108 -5175 -4828
-6108 -5166 -4845
-6108 -5128 -4917
-6108 -5071 -4961
-6108 -5060 -4972
-6108 -5038 -4983
-6108 -5034 -4984
-6108 -5029 -4988
-6108 -5011 -5004
-6108 -4970 -5029
-6108 -4832 -5097
-6107 -5252 -4626
-6107 -5246 -4629
-6107 -5225 -4716
-6107 -5223 -4719
-6107 -5218 -4753
-6107 -5195 -4805
-6107 -5076 -4957
-6107 -5034 -5000
-6106 -5261 -4608
-6106 -5234 -4711
-6106 -5232 -4714
-6106 -5225 -4741
-6106 -5210 -4763
-6106 -5209 -4769
-6106 -5174 -4830
-6106 -5171 -4839
-6106 -5152 -4865
-6106 -5150 -4867
-6106 -5133 -4895
-6106 -5083 -4950
-6106 -5014 -5009
-6106 -4938 -5043
-6106 -4852 -5086
-6106 -4789 -5098
-6105 -5253 -4654
-6105 -5241 -4678
-6105 -5186 -4811
-6105 -5183 -4822
-6105 -5181 -4831
-6105 -5176 -4833
-6105 -5161 -4847
-6105 -5154 -4857
-6105 -5150 -4883
-6105 -5136 -4888
-6105 -5080 -4958
-6105 -5064 -4970
-6105 -5042 -4995
-6105 -4964 -5031
-6105 -4907 -5057
-6105 -4857 -5087
-6104 -5245 -4657
-6104 -5193 -4809
-6104 -5181 -4847
-6104 -5163 -4859
-6104 -5154 -4873
-6104 -5152 -4874
-6104 -5133 -4900
-6104 -5081 -4951
-6104 -5070 -4971
-6104 -5068 -4973
-6104 -5044 -4990
-6104 -5026 -5006
-6104 -5014 -5013
-6104 -4951 -5043
-6104 -4933 -5059
-6103 -5255 -4622
-6103 -5244 -4683
-6103 -5241 -4694
-6103 -5235 -4702
-6103 -5229 -4718
-6103 -5208 -4773
-6103 -5201 -4783
-6103 -5193 -4825
-6103 -5174 -4851
-6103 -5166 -4863
-6103 -5163 -4875
-6103 -5151 -4885
-6103 -5137 -4890
-6103 -5133 -4916
-6103 -5105 -4929
-6103 -5094 -4948
-6103 -5083 -4963
-6103 -5057 -4975
-6103 -5045 -4998
-6103 -5034 -5013
-6103 -4987 -5023
-6103 -4986 -5030
-6103 -4958 -5034
-6103 -4783 -5101
-6102 -5268 -4587
-6102 -5258 -4620
-6102 -5244 -4697
-6102 -5242 -4699
-6102 -5235 -4710
-6102 -5231 -4727
-6102 -5220 -4745
-6102 -5215 -4759
-6102 -5189 -4830
-6102 -5166 -4864
-6102 -5137 -4906
-6102 -5109 -4923
-6102 -5100 -4951
-6102 -5058 -4980
-6102 -5051 -4984
-6102 -5010 -5020
-6102 -4994 -5021
-6102 -4991 -5046
-6102 -4894 -5073
-6102 -4859 -5083
-6102 -4722 -5104
-6101 -5276 -4540
-6101 -5254 -4646
-6101 -5250 -4676
-6101 -5232 -4723
-6101 -5219 -4753
-6101 -5217 -4759
-6101 -5203 -4788
-6101 -5189 -4846
-6101 -5177 -4856
-6101 -5166 -4880
-6101 -5144 -4887
-6101 -5140 -4896
-6101 -5103 -4930
-6101 -5073 -4971
-6101 -5048 -5003
-6101 -5015 -5014
-6101 -5003 -5024
-6101 -4992 -5036
-6101 -4934 -5047
-6101 -4864 -5082
-6101 -4740 -5102
-6100 -5263 -4636
-6100 -5249 -4681
-6100 -5244 -4699
-6100 -5236 -4711
-6100 -5223 -4750
-6100 -5211 -4761
-6100 -5205 -4783
-6100 -5198 -4791
-6100 -5196 -4804
-6100 -5141 -4899
-6100 -5055 -4984
-6100 -4994 -5027
-6100 -4948 -5047
-6100 -4937 -5062
-6100 -4907 -5085
-6099 -5277 -4473
-6099 -5272 -4618
-6099 -5259 -4648
-6099 -5253 -4681
-6099 -5238 -4710
-6099 -5235 -4720
-6099 -5220 -4756
-6099 -5217 -4764
-6099 -5208 -4785
-6099 -5207 -4786
-6099 -5205 -4799
-6099 -5203 -4808
-6099 -5144 -4892
-6099 -5108 -4931
-6099 -5106 -4935
-6099 -5090 -4967
-6099 -5059 -4978
-6099 -5049 -4985
-6099 -5018 -5019
-6099 -5010 -5028
-6099 -5001 -5032
-6099 -4994 -5043
-6099 -4982 -5051
-6099 -4941 -5056
-6099 -4866 -5094
-6099 -4817 -5098
-6099 -4803 -5099
-6098 -5277 -4568
-6098 -5237 -4721
-6098 -5224 -4751
-6098 -5220 -4765
-6098 -5217 -4780
-6098 -5215 -4786
-6098 -5207 -4795
-6098 -5203 -4824
-6098 -5144 -4908
-6098 -5069 -4974
-6098 -5020 -5024
-6098 -4983 -5048
-6098 -4951 -5052
-6098 -4908 -5067
-6098 -4830 -5100
-6098 -4719 -5113
-6097 -5278 -4515
-6097 -5260 -4658
-6097 -5247 -4688
-6097 -5224 -4778
-6097 -5215 -4802
-6097 -5205 -4804
-6097 -5196 -4825
-6097 -5194 -4828
-6097 -5116 -4922
-6097 -5105 -4940
-6097 -5068 -4981
-6097 -5056 -4990
-6097 -4959 -5055
-6097 -4817 -5106
-6097 -4814 -5111
-6096 -5287 -4497
-6096 -5226 -4741
-6096 -5225 -4746
-6096 -5219 -4787
-6096 -5211 -4804
-6096 -5208 -4805
-6096 -5205 -4820
-6096 -5195 -4835
-6096 -5149 -4886
-6096 -5122 -4928
-6096 -5068 -4997
-6096 -4922 -5065
-6096 -4921 -5067
-6096 -4918 -5070
-6096 -4823 -5104
-6096 -4682 -5115
-6095 -5262 -4637
-6095 -5229 -4728
-6095 -5227 -4735
-6095 -5223 -4784
-6095 -5220 -4799
-6095 -5210 -4814
-6095 -5153 -4892
-6095 -5134 -4918
-6095 -5123 -4933
-6095 -5111 -4952
-6095 -5096 -4953
-6095 -4956 -5058
-6095 -4923 -5073
-6095 -4914 -5089
-6095 -4771 -5112
-6094 -5291 -4455
-6094 -5241 -4706
-6094 -5228 -4746
-6094 -5223 -4800
-6094 -5210 -4830
-6094 -5170 -4878
-6094 -5158 -4886
-6094 -5146 -4896
-6094 -5135 -4920
-6094 -5127 -4927
-6094 -5105 -4961
-6094 -5096 -4969
-6094 -4943 -5063
-6094 -4938 -5066
-6094 -4932 -5067
-6094 -4931 -5071
-6094 -4928 -5074
-6094 -4833 -5096
-6094 -4827 -5109
-6093 -5267 -4632
-6093 -5262 -4653
-6093 -5260 -4659
-6093 -5254 -4662
-6093 -5242 -4708
-6093 -5228 -4750
-6093 -5225 -4751
-6093 -5195 -4846
-6093 -5181 -4851
-6093 -5155 -4895
-6093 -5137 -4923
-6093 -5112 -4944
-6093 -5062 -4999
-6093 -4963 -5052
-6093 -4948 -5062
-6093 -4937 -5071
-6093 -4924 -5077
-6093 -4872 -5097
-6093 -4787 -5120
-6092 -5282 -4501
-6092 -5276 -4614
-6092 -5269 -4641
-6092 -5245 -4697
-6092 -5241 -4711
-6092 -5237 -4760
-6092 -5229 -4772
-6092 -5166 -4885
-6092 -5161 -4891
-6092 -5128 -4945
-6092 -5075 -4978
-6092 -5020 -5029
-6092 -4964 -5062
-6092 -4932 -5079
-6092 -4917 -5086
-6092 -4864 -5099
-6091 -5279 -4548
-6091 -5257 -4669
-6091 -5255 -4672
-6091 -5250 -4693
-6091 -5248 -4699
-6091 -5246 -4755
-6091 -5180 -4857
-6091 -5131 -4938
-6091 -5013 -5034
-6091 -4968 -5052
-6091 -4939 -5068
-6091 -4774 -5122
-6091 -4735 -5124
-6090 -5278 -4579
-6090 -5275 -4615
-6090 -5266 -4651
-6090 -5264 -4654
-6090 -5257 -4681
-6090 -5247 -4711
-6090 -5217 -4812
-6090 -5148 -4907
-6090 -5131 -4954
-6090 -5090 -4974
-6090 -5082 -4982
-6090 -5074 -4985
-6090 -5049 -5011
-6090 -5022 -5016
-6090 -4920 -5091
-6090 -4902 -5107
-6090 -4791 -5125
-6090 -4731 -5127
-6089 -5283 -4529
-6089 -5273 -4618
-6089 -5232 -4791
-6089 -5183 -4862
-6089 -5175 -4869
-6089 -5156 -4892
-6089 -5145 -4910
-6089 -5141 -4911
-6089 -5100 -4966
-6089 -5017 -5030
-6089 -4992 -5050
-6089 -4965 -5065
-6089 -4962 -5068
-6089 -4895 -5116
-6088 -5281 -4584
-6088 -5255 -4692
-6088 -5250 -4711
-6088 -5247 -4712
-6088 -5236 -4769
-6088 -5232 -4807
-6088 -5192 -4855
-6088 -5177 -4867
-6088 -5165 -4887
-6088 -5155 -4902
-6088 -5136 -4932
-6088 -5093 -4975
-6088 -5086 -4987
-6088 -5079 -4992
-6088 -5056 -5005
-6088 -5046 -5015
-6088 -5028 -5031
-6088 -5017 -5046
-6087 -5288 -4462
-6087 -5286 -4534
-6087 -5276 -4623
-6087 -5267 -4655
-6087 -5265 -4657
-6087 -5262 -4659
-6087 -5258 -4668
-6087 -5256 -4691
-6087 -5250 -4727
-6087 -5247 -4728
-6087 -5179 -4870
-6087 -5177 -4872
-6087 -5167 -4880
-6087 -5139 -4915
-6087 -5137 -4930
-6087 -5039 -5021
-6087 -5028 -5036
-6087 -4975 -5053
-6087 -4971 -5054
-6087 -4941 -5074
-6087 -4852 -5117
-6087 -4833 -5122
-6087 -4707 -5128
-6086 -5297 -4444
-6086 -5277 -4604
-6086 -5276 -4637
-6086 -5274 -4639
-6086 -5263 -4667
-6086 -5253 -4698
-6086 -5192 -4862
-6086 -5180 -4872
-6086 -5167 -4885
-6086 -5159 -4892
-6086 -5156 -4902
-6086 -5150 -4922
-6086 -5110 -4957
-6086 -5100 -4977
-6086 -5068 -4998
-6086 -5032 -5030
-6086 -5031 -5036
-6086 -4975 -5069
-6086 -4951 -5070
-6086 -4746 -5129
-6086 -4667 -5130
-6085 -5293 -4511
-6085 -5286 -4586
-6085 -5264 -4663
-6085 -5260 -4693
-6085 -5259 -4696
-6085 -5250 -4733
-6085 -5211 -4814
-6085 -5202 -4834
-6085 -5193 -4860
-6085 -5182 -4875
-6085 -5163 -4901
-6085 -5162 -4903
-6085 -5153 -4915
-6085 -5140 -4935
-6085 -5097 -4985
-6085 -5068 -5014
-6085 -5042 -5026
-6085 -4986 -5059
-6085 -4943 -5072
-6085 -4924 -5082
-6085 -4910 -5092
-6084 -5295 -4576
-6084 -5282 -4606
-6084 -5269 -4688
-6084 -5250 -4747
-6084 -5238 -4757
-6084 -5192 -4867
-6084 -5170 -4884
-6084 -5169 -4901
-6084 -5153 -4931
-6084 -5085 -5000
-6084 -5061 -5017
-6084 -5043 -5033
-6084 -5022 -5038
-6084 -4968 -5070
-6084 -4950 -5086
-6084 -4913 -5095
-6084 -4897 -5110
-6084 -4846 -5120
-6083 -5289 -4585
-6083 -5262 -4692
-6083 -5252 -4701
-6083 -5239 -4759
-6083 -5238 -4773
-6083 -5234 -4778
-6083 -5205 -4839
-6083 -5192 -4883
-6083 -5180 -4893
-6083 -5169 -4917
-6083 -5150 -4943
-6083 -5100 -4990
-6083 -5051 -5040
-6083 -5036 -5042
-6083 -5003 -5057
-6083 -4976 -5072
-6083 -4923 -5091
-6083 -4867 -5119
-6083 -4831 -5128
-6082 -5283 -4616
-6082 -5275 -4647
-6082 -5257 -4728
-6082 -5248 -4754
-6082 -5239 -4775
-6082 -5235 -4777
-6082 -5199 -4841
-6082 -5195 -4872
-6082 -5154 -4933
-6082 -5108 -4964
-6082 -5101 -4969
-6082 -5014 -5047
-6082 -4990 -5071
-6082 -4966 -5079
-6082 -4911 -5100
-6082 -4775 -5135
-6081 -5278 -4668
-6081 -5260 -4713
-6081 -5248 -4770
-6081 -5236 -4780
-6081 -5220 -4809
-6081 -5218 -4811
-6081 -5214 -4820
-6081 -5208 -4836
-6081 -5201 -4847
-6081 -5195 -4888
-6081 -5170 -4905
-6081 -5109 -4972
-6081 -5071 -5002
-6081 -5070 -5006
-6081 -5062 -5015
-6081 -5052 -5022
-6081 -5022 -5045
-6081 -5021 -5056
-6081 -5000 -5068
-6081 -4952 -5081
-6081 -4924 -5089
-6081 -4920 -5094
-6080 -5296 -4490
-6080 -5279 -4617
-6080 -5272 -4691
-6080 -5269 -4695
-6080 -5258 -4719
-6080 -5251 -4740
-6080 -5223 -4815
-6080 -5215 -4818
-6080 -5209 -4834
-6080 -5198 -4849
-6080 -5174 -4895
-6080 -5114 -4956
-6080 -5111 -4965
-6080 -5072 -5011
-6080 -5062 -5017
-6080 -4954 -5089
-6080 -4931 -5090
-6080 -4904 -5105
-6080 -4784 -5131
-6080 -4755 -5136
-6080 -4716 -5151
-6079 -5281 -4673
-6079 -5276 -4675
-6079 -5267 -4709
-6079 -5255 -4737
-6079 -5252 -4739
-6079 -5250 -4749
-6079 -5233 -4791
-6079 -5224 -4813
-6079 -5218 -4821
-6079 -5215 -4834
-6079 -5204 -4852
-6079 -5125 -4958
-6079 -5119 -4962
-6079 -5108 -4977
-6079 -5018 -5059
-6079 -4999 -5078
-6079 -4921 -5099
-6079 -4883 -5121
-6079 -4795 -5140
-6078 -5297 -4507
-6078 -5276 -4691
-6078 -5260 -4731
-6078 -5257 -4735
-6078 -5256 -4741
-6078 -5255 -4753
-6078 -5242 -4783
-6078 -5226 -4812
-6078 -5224 -4829
-6078 -5218 -4837
-6078 -5214 -4844
-6078 -5203 -4859
-6078 -5112 -4964
-6078 -5070 -5024
-6078 -5054 -5025
-6078 -5022 -5047
-6078 -5011 -5066
-6078 -5000 -5075
-6078 -4973 -5090
-6078 -4925 -5094
-6078 -4850 -5124
-6078 -4772 -5144
-6077 -5284 -4603
-6077 -5269 -4713
-6077 -5264 -4715
-6077 -5261 -4722
-6077 -5223 -4836
-6077 -5214 -4860
-6077 -5202 -4870
-6077 -5191 -4894
-6077 -5125 -4963
-6077 -5122 -4967
-6077 -5094 -4992
-6077 -5082 -5002
-6077 -5073 -5017
-6077 -5004 -5075
-6077 -4876 -5126
-6077 -4837 -5130
-6077 -4834 -5133
-6077 -4831 -5138
-6077 -4736 -5156
-6076 -5300 -4531
-6076 -5293 -4585
-6076 -5286 -4612
-6076 -5282 -4618
-6076 -5270 -4728
-6076 -5264 -4731
-6076 -5259 -4746
-6076 -5217 -4849
-6076 -5161 -4919
-6076 -5134 -4948
-6076 -5131 -4959
-6076 -5116 -4968
-6076 -5115 -4969
-6076 -5077 -5004
-6076 -4977 -5080
-6076 -4954 -5091
-6076 -4939 -5092
-6076 -4938 -5094
-6076 -4912 -5107
-6076 -4911 -5109
-6076 -4840 -5132
-6076 -4824 -5147
-6075 -5301 -4537
-6075 -5298 -4573
-6075 -5280 -4677
-6075 -5279 -4710
-6075 -5217 -4865
-6075 -5198 -4883
-6075 -5140 -4960
-6075 -5102 -4980
-6075 -5097 -4997
-6075 -5048 -5047
-6075 -4943 -5092
-6075 -4916 -5101
-6075 -4842 -5127
-6074 -5309 -4490
-6074 -5289 -4659
-6074 -5249 -4765
-6074 -5235 -4792
-6074 -5231 -4808
-6074 -5227 -4857
-6074 -5164 -4928
-6074 -5122 -4988
-6074 -5090 -5000
-6074 -5023 -5066
-6074 -4963 -5096
-6074 -4948 -5098
-6074 -4935 -5103
-6074 -4849 -5128
-6074 -4844 -5136
-6074 -4817 -5151
-6073 -5304 -4542
-6073 -5291 -4594
-6073 -5264 -4744
-6073 -5255 -4765
-6073 -5246 -4787
-6073 -5240 -4798
-6073 -5235 -4808
-6073 -5172 -4898
-6073 -5076 -5006
-6073 -5057 -5033
-6073 -4922 -5105
-6073 -4850 -5139
-6072 -5283 -4683
-6072 -5274 -4717
-6072 -5264 -4760
-6072 -5255 -4769
-6072 -5244 -4801
-6072 -5240 -4814
-6072 -5236 -4818
-6072 -5173 -4897
-6072 -5155 -4933
-6072 -5142 -4950
-6072 -5081 -5004
-6072 -5080 -5010
-6072 -5061 -5027
-6072 -4981 -5089
-6072 -4949 -5106
-6072 -4937 -5110
-6072 -4925 -5118
-6072 -4922 -5121
-6072 -4854 -5128
-6072 -4837 -5141
-6072 -4827 -5143
-6072 -4774 -5152
-6071 -5296 -4575
-6071 -5294 -4599
-6071 -5283 -4699
-6071 -5245 -4813
-6071 -5235 -4828
-6071 -5174 -4898
-6071 -5133 -4963
-6071 -5104 -5001
-6071 -5079 -5011
-6071 -5071 -5023
-6071 -5032 -5050
-6071 -5030 -5061
-6071 -4985 -5079
-6071 -4904 -5122
-6071 -4854 -5144
-6070 -5316 -4469
-6070 -5296 -4591
-6070 -5293 -4608
-6070 -5292 -4642
-6070 -5235 -4844
-6070 -5183 -4896
-6070 -5178 -4904
-6070 -5165 -4919
-6070 -5153 -4936
-6070 -5079 -5020
-6070 -4876 -5127
-6070 -4808 -5152
-6069 -5299 -4578
-6069 -5292 -4658
-6069 -5280 -4700
-6069 -5220 -4860
-6069 -5171 -4908
-6069 -5162 -4937
-6069 -5144 -4946
-6069 -5130 -4973
-6069 -5091 -5008
-6069 -5083 -5010
-6069 -5037 -5052
-6069 -5005 -5071
-6069 -4984 -5080
-6069 -4982 -5092
-6069 -4960 -5114
-6069 -4887 -5125
-6069 -4861 -5137
-6068 -5312 -4543
-6068 -5301 -4628
-6068 -5289 -4682
-6068 -5272 -4719
-6068 -5257 -4769
-6068 -5249 -4834
-6068 -5189 -4897
-6068 -5186 -4905
-6068 -5171 -4912
-6068 -5153 -4959
-6068 -5144 -4962
-6068 -5103 -5014
-6068 -5084 -5017
-6068 -5076 -5029
-6068 -5040 -5049
-6068 -5034 -5073
-6068 -4984 -5082
-6068 -4899 -5135
-6068 -4705 -5157
-6067 -5304 -4562
-6067 -5294 -4632
-6067 -5257 -4785
-6067 -5250 -4794
-6067 -5196 -4897
-6067 -5174 -4913
-6067 -5167 -4924
-6067 -5166 -4938
-6067 -5156 -4942
-6067 -5143 -4972
-6067 -5045 -5063
-6067 -4992 -5080
-6067 -4919 -5124
-6067 -4869 -5146
-6066 -5307 -4592
-6066 -5291 -4659
-6066 -5271 -4728
-6066 -5184 -4912
-6066 -5173 -4921
-6066 -5169 -4924
-6066 -5128 -4989
-6066 -5087 -5022
-6066 -5069 -5031
-6066 -5061 -5040
-6066 -4986 -5084
-6066 -4985 -5089
-6066 -4973 -5097
-6066 -4892 -5140
-6066 -4728 -5160
-6066 -4724 -5171
-6065 -5316 -4574
-6065 -5303 -4604
-6065 -5290 -4667
-6065 -5280 -4710
-6065 -5266 -4744
-6065 -5208 -4876
-6065 -5199 -4902
-6065 -5169 -4943
-6065 -5113 -5005
-6065 -5087 -5024
-6065 -4974 -5094
-6065 -4927 -5119
-6065 -4907 -5129
-6065 -4904 -5132
-6065 -4877 -5147
-6065 -4846 -5148
-6065 -4747 -5154
-6065 -4701 -5175
-6064 -5304 -4631
-6064 -5299 -4633
-6064 -5272 -4731
-6064 -5258 -4765
-6064 -5256 -4789
-6064 -5251 -4791
-6064 -5200 -4881
-6064 -5172 -4929
-6064 -5142 -4979
-6064 -5088 -5015
-6064 -5068 -5044
-6064 -5051 -5052
-6064 -5047 -5053
-6064 -5039 -5065
-6064 -4996 -5086
-6064 -4969 -5101
-6064 -4930 -5122
-6064 -4914 -5137
-6064 -4805 -5157
-6063 -5299 -4649
-6063 -5282 -4702
-6063 -5281 -4713
-6063 -5268 -4734
-6063 -5258 -4781
-6063 -5251 -4807
-6063 -5209 -4867
-6063 -5145 -4962
-6063 -5085 -5031
-6063 -5052 -5055
-6063 -4983 -5093
-6063 -4923 -5131
-6063 -4848 -5155
-6063 -4773 -5164
-6063 -4658 -5176
-6062 -5292 -4671
-6062 -5284 -4683
-6062 -5275 -4728
-6062 -5274 -4730
-6062 -5272 -4737
-6062 -5268 -4746
-6062 -5254 -4796
-6062 -5211 -4874
-6062 -5202 -4877
-6062 -5174 -4926
-6062 -5125 -4991
-6062 -5117 -4993
-6062 -5065 -5054
-6062 -4934 -5127
-6062 -4907 -5142
-6062 -4825 -5159
-6061 -5287 -4689
-6061 -5284 -4710
-6061 -5283 -4725
-6061 -5275 -4729
-6061 -5273 -4732
-6061 -5272 -4744
-6061 -5266 -4759
-6061 -5254 -4812
-6061 -5218 -4874
-6061 -5207 -4889
-6061 -5188 -4915
-6061 -5176 -4931
-6061 -5165 -4949
-6061 -5101 -5021
-6061 -5069 -5049
-6061 -5051 -5065
-6061 -5030 -5077
-6061 -5027 -5080
-6061 -5017 -5095
-6061 -4971 -5098
-6061 -4841 -5160
-6061 -4825 -5175
-6060 -5318 -4532
-6060 -5307 -4597
-6060 -5302 -4668
-6060 -5291 -4686
-6060 -5275 -4745
-6060 -5273 -4748
-6060 -5267 -4753
-6060 -5266 -4775
-6060 -5229 -4849
-6060 -5227 -4866
-6060 -5215 -4876
-6060 -5197 -4907
-6060 -5185 -4926
-6060 -5150 -4966
-6060 -5128 -4992
-6060 -5117 -4994
-6060 -5093 -5026
-6060 -4979 -5105
-6060 -4939 -5116
-6060 -4921 -5132
-6060 -4881 -5144
-6059 -5321 -4459
-6059 -5312 -4617
-6059 -5287 -4706
-6059 -5275 -4749
-6059 -5273 -4754
-6059 -5270 -4759
-6059 -5261 -4780
-6059 -5260 -4784
-6059 -5255 -4799
-6059 -5250 -4815
-6059 -5230 -4855
-6059 -5221 -4879
-6059 -5202 -4902
-6059 -5191 -4920
-6059 -5167 -4948
-6059 -5125 -5004
-6059 -5071 -5041
-6059 -5056 -5062
-6059 -4918 -5136
-6059 -4854 -5149
-6059 -4851 -5152
-6058 -5324 -4434
-6058 -5303 -4671
-6058 -5273 -4768
-6058 -5270 -4775
-6058 -5264 -4789
-6058 -5259 -4810
-6058 -5230 -4871
-6058 -5220 -4886
-6058 -5211 -4897
-6058 -5174 -4934
-6058 -5129 -4991
-6058 -5105 -5012
-6058 -5074 -5032
-6058 -5071 -5052
-6058 -4949 -5121
-6058 -4874 -5148
-6057 -5319 -4464
-6057 -5306 -4641
-6057 -5290 -4711
-6057 -5282 -4747
-6057 -5278 -4749
-6057 -5273 -4784
-6057 -5261 -4794
-6057 -5220 -4902
-6057 -5111 -5019
-6057 -5100 -5034
-6057 -5074 -5046
-6057 -4893 -5153
-6057 -4789 -5187
-6056 -5322 -4535
-6056 -5318 -4578
-6056 -5307 -4621
-6056 -5306 -4657
-6056 -5294 -4702
-6056 -5283 -4733
-6056 -5276 -4773
-6056 -5267 -4794
-6056 -5258 -4815
-6056 -5181 -4927
-6056 -5177 -4939
-6056 -5132 -4996
-6056 -5082 -5035
-6056 -5046 -5068
-6056 -5024 -5083
-6056 -4994 -5107
-6056 -4933 -5128
-6055 -5317 -4586
-6055 -5315 -4600
-6055 -5303 -4684
-6055 -5297 -4703
-6055 -5295 -4706
-6055 -5288 -4733
-6055 -5277 -4753
-6055 -5276 -4789
-6055 -5240 -4848
-6055 -5160 -4957
-6055 -5119 -5007
-6055 -5114 -5024
-6055 -5078 -5056
-6055 -5065 -5074
-6055 -5028 -5083
-6055 -4997 -5099
-6055 -4963 -5108
-6055 -4937 -5122
-6055 -4873 -5154
-6055 -4858 -5156
-6055 -4841 -5170
-6055 -4746 -5188
-6054 -5322 -4536
-6054 -5319 -4555
-6054 -5315 -4616
-6054 -5306 -4685
-6054 -5304 -4688
-6054 -5297 -4715
-6054 -5286 -4738
-6054 -5277 -4757
-6054 -5267 -4797
-6054 -5251 -4826
-6054 -5249 -4843
-6054 -5237 -4853
-6054 -5195 -4912
-6054 -5162 -4950
-6054 -5158 -4970
-6054 -5133 -4990
-6054 -5033 -5076
-6054 -5032 -5077
-6054 -4974 -5108
-6054 -4965 -5112
-6054 -4964 -5123
-6054 -4866 -5155
-6054 -4845 -5162
-6054 -4842 -5167
-6054 -4798 -5177
-6053 -5323 -4480
-6053 -5319 -4571
-6053 -5312 -4640
-6053 -5292 -4733
-6053 -5286 -4752
-6053 -5272 -4792
-6053 -5252 -4835
-6053 -5243 -4853
-6053 -5189 -4925
-6053 -5147 -4978
-6053 -5134 -4986
-6053 -5085 -5036
-6053 -5082 -5048
-6053 -5074 -5060
-6053 -5036 -5078
-6053 -5025 -5093
-6053 -5004 -5098
-6053 -4966 -5115
-6053 -4947 -5126
-6053 -4936 -5128
-6053 -4927 -5130
-6052 -5324 -4507
-6052 -5318 -4614
-6052 -5301 -4715
-6052 -5295 -4742
-6052 -5291 -4744
-6052 -5281 -4787
-6052 -5252 -4848
-6052 -5196 -4912
-6052 -5186 -4933
-6052 -5171 -4941
-6052 -5159 -4961
-6052 -5156 -4973
-6052 -5147 -4979
-6052 -5140 -4983
-6052 -5136 -4988
-6052 -5097 -5037
-6052 -5036 -5081
-6052 -5029 -5087
-6052 -5028 -5090
-6052 -4942 -5145
-6052 -4871 -5156
-6052 -4859 -5160
-6052 -4854 -5168
-6052 -4844 -5170
-6051 -5321 -4612
-6051 -5314 -4617
-6051 -5305 -4691
-6051 -5304 -4724
-6051 -5300 -4726
-6051 -5205 -4903
-6051 -5187 -4928
-6051 -5180 -4940
-6051 -5160 -4960
-6051 -5150 -4990
-6051 -5137 -4995
-6051 -5122 -5011
-6051 -5046 -5078
-6051 -5039 -5083
-6051 -5012 -5101
-6051 -4983 -5116
-6051 -4952 -5124
-6051 -4951 -5131
-6051 -4921 -5149
-6051 -4888 -5156
-6051 -4871 -5171
-6051 -4844 -5186
-6050 -5339 -4532
-6050 -5326 -4562
-6050 -5314 -4673
-6050 -5289 -4755
-6050 -5260 -4806
-6050 -5252 -4871
-6050 -5203 -4904
-6050 -5172 -4948
-6050 -5166 -4958
-6050 -5161 -4963
-6050 -5134 -5001
-6050 -5115 -5014
-6050 -5043 -5086
-6050 -5005 -5110
-6050 -4944 -5132
-6050 -4905 -5160
-6049 -5330 -4571
-6049 -5271 -4801
-6049 -5260 -4822
-6049 -5253 -4831
-6049 -5197 -4908
-6049 -5195 -4913
-6049 -5193 -4925
-6049 -5189 -4940
-6049 -5177 -4950
-6049 -5170 -4961
-6049 -5166 -4974
-6049 -5147 -5000
-6049 -5127 -5010
-6049 -5088 -5042
-6049 -5085 -5045
-6049 -5022 -5098
-6049 -5008 -5102
-6049 -4981 -5117
-6049 -4957 -5125
-6048 -5327 -4572
-6048 -5283 -4758
-6048 -5221 -4886
-6048 -5192 -4929
-6048 -5180 -4947
-6048 -5175 -4953
-6048 -5137 -5006
-6048 -5100 -5035
-6048 -5019 -5100
-6048 -5012 -5102
-6048 -5011 -5104
-6048 -4991 -5114
-6048 -4770 -5191
-6047 -5322 -4624
-6047 -5274 -4812
-6047 -5200 -4913
-6047 -5194 -4919
-6047 -5192 -4945
-6047 -5167 -4962
-6047 -5120 -5012
-6047 -5104 -5025
-6047 -5102 -5032
-6047 -5054 -5080
-6047 -5027 -5095
-6047 -4966 -5133
-6047 -4945 -5135
-6047 -4936 -5151
-6047 -4886 -5173
-6046 -5324 -4585
-6046 -5315 -4626
-6046 -5308 -4686
-6046 -5278 -4791
-6046 -5233 -4875
-6046 -5226 -4880
-6046 -5208 -4907
-6046 -5195 -4915
-6046 -5145 -5016
-6046 -5110 -5027
-6046 -5099 -5040
-6046 -5091 -5052
-6046 -4990 -5124
-6046 -4909 -5167
-6045 -5324 -4592
-6045 -5323 -4599
-6045 -5320 -4631
-6045 -5316 -4633
-6045 -5315 -4665
-6045 -5308 -4702
-6045 -5295 -4747
-6045 -5208 -4908
-6045 -5202 -4917
-6045 -5197 -4924
-6045 -5148 -4999
-6045 -5100 -5038
-6045 -5084 -5061
-6045 -5002 -5112
-6045 -4991 -5121
-6045 -4924 -5156
-6045 -4783 -5189
-6045 -4723 -5194
-6045 -4718 -5202
-6044 -5333 -4544
-6044 -5320 -4647
-6044 -5316 -4649
-6044 -5297 -4733
-6044 -5287 -4760
-6044 -5266 -4813
-6044 -5229 -4880
-6044 -5221 -4889
-6044 -5214 -4911
-6044 -5205 -4918
-6044 -5197 -4931
-6044 -5179 -4949
-6044 -5177 -4963
-6044 -5165 -4978
-6044 -5097 -5044
-6044 -5046 -5086
-6044 -4999 -5116
-6044 -4973 -5128
-6044 -4969 -5130
-6044 -4954 -5141
-6044 -4861 -5178
-6044 -4737 -5197
-6044 -4734 -5203
-6044 -4718 -5218
-6043 -5326 -4577
-6043 -5296 -4742
-6043 -5286 -4762
-6043 -5275 -4808
-6043 -5253 -4832
-6043 -5238 -4875
-6043 -5214 -4913
-6043 -5211 -4917
-6043 -5203 -4920
-6043 -5200 -4933
-6043 -5188 -4951
-6043 -5119 -5027
-6043 -5103 -5043
-6043 -5069 -5082
-6042 -5337 -4541
-6042 -5309 -4675
-6042 -5305 -4708
-6042 -5291 -4757
-6042 -5285 -4773
-6042 -5226 -4894
-6042 -5212 -4915
-6042 -5126 -5020
-6042 -5120 -5031
-6042 -5112 -5036
-6042 -5071 -5064
-6042 -5062 -5091
-6042 -5031 -5092
-6042 -4968 -5131
-6042 -4942 -5153
-6042 -4924 -5169
-6042 -4867 -5178
-6042 -4823 -5188
-6042 -4781 -5191
-6042 -4754 -5193
-6042 -4743 -5199
-6042 -4675 -5219
-6041 -5345 -4493
-6041 -5328 -4618
-6041 -5322 -4651
-6041 -5318 -4657
-6041 -5315 -4681
-6041 -5309 -4688
-6041 -5305 -4724
-6041 -5300 -4752
-6041 -5291 -4773
-6041 -5263 -4822
-6041 -5258 -4836
-6041 -5224 -4916
-6041 -5214 -4922
-6041 -5205 -4939
-6041 -5194 -4957
-6041 -5113 -5034
-6041 -5014 -5112
-6041 -4977 -5140
-6041 -4858 -5187
-6041 -4842 -5202
-6040 -5335 -4549
-6040 -5333 -4561
-6040 -5330 -4660
-6040 -5318 -4670
-6040 -5308 -4713
-6040 -5300 -4768
-6040 -5279 -4790
-6040 -5272 -4817
-6040 -5266 -4822
-6040 -5261 -4825
-6040 -5258 -4839
-6040 -5232 -4877
-6040 -5214 -4934
-6040 -5197 -4943
-6040 -5170 -4964
-6040 -5167 -4993
-6040 -5075 -5064
-6040 -5071 -5072
-6040 -5029 -5105
-6040 -4968 -5141
-6040 -4949 -5145
-6040 -4722 -5207
-6039 -5338 -4607
-6039 -5320 -4673
-6039 -5318 -4686
-6039 -5309 -4696
-6039 -5308 -4729
-6039 -5281 -4801
-6039 -5278 -4807
-6039 -5267 -4831
-6039 -5261 -4841
-6039 -5256 -4842
-6039 -5234 -4879
-6039 -5231 -4882
-6039 -5170 -4976
-6039 -5122 -5021
-6039 -5106 -5038
-6039 -5097 -5048
-6039 -5083 -5062
-6039 -5072 -5065
-6039 -5030 -5108
-6039 -4980 -5130
-6039 -4926 -5159
-6039 -4871 -5176
-6039 -4861 -5181
-6038 -5346 -4438
-6038 -5343 -4497
-6038 -5318 -4700
-6038 -5309 -4713
-6038 -5287 -4802
-6038 -5279 -4810
-6038 -5270 -4831
-6038 -5239 -4877
-6038 -5229 -4890
-6038 -5199 -4940
-6038 -5180 -4976
-6038 -5122 -5039
-6038 -5086 -5066
-6038 -5079 -5067
-6038 -5014 -5119
-6038 -4845 -5190
-6038 -4773 -5217
-6037 -5342 -4505
-6037 -5341 -4512
-6037 -5324 -4673
-6037 -5279 -4826
-6037 -5270 -4832
-6037 -5266 -4847
-6037 -5260 -4852
-6037 -5232 -4885
-6037 -5225 -4899
-6037 -5117 -5061
-6037 -5076 -5068
-6037 -5075 -5070
-6037 -5035 -5106
-6037 -5027 -5118
-6037 -5007 -5128
-6037 -4932 -5154
-6037 -4929 -5157
-6037 -4888 -5171
-6037 -4861 -5184
-6037 -4811 -5206
-6036 -5339 -4533
-6036 -5327 -4682
-6036 -5323 -4684
-6036 -5309 -4722
-6036 -5289 -4775
-6036 -5275 -4842
-6036 -5246 -4874
-6036 -5232 -4901
-6036 -5170 -4988
-6036 -5153 -5006
-6036 -5084 -5068
-6036 -5076 -5077
-6036 -5071 -5085
-6036 -4951 -5160
-6036 -4793 -5207
-6035 -5342 -4529
-6035 -5339 -4549
-6035 -5337 -4631
-6035 -5312 -4713
-6035 -5301 -4751
-6035 -5292 -4772
-6035 -5289 -4789
-6035 -5255 -4869
-6035 -5246 -4890
-6035 -5227 -4916
-6035 -5192 -4962
-6035 -5149 -5008
-6035 -5137 -5023
-6035 -5127 -5024
-6035 -5088 -5065
-6035 -5078 -5075
-6035 -5058 -5092
-6035 -5045 -5110
-6035 -5025 -5119
-6035 -4995 -5132
-6035 -4890 -5181
-6035 -4858 -5194
-6034 -5345 -4584
-6034 -5301 -4767
-6034 -5294 -4781
-6034 -5289 -4792
-6034 -5284 -4824
-6034 -5255 -4885
-6034 -5246 -4891
-6034 -5236 -4911
-6034 -5150 -5016
-6034 -5130 -5026
-6034 -5125 -5041
-6034 -5087 -5069
-6034 -5081 -5074
-6034 -4988 -5141
-6034 -4901 -5173
-6034 -4899 -5177
-6034 -4862 -5189
-6034 -4860 -5192
-6034 -4859 -5194
-6034 -4815 -5204
-6034 -4786 -5211
-6033 -5348 -4518
-6033 -5315 -4704
-6033 -5309 -4760
-6033 -5303 -4763
-6033 -5292 -4794
-6033 -5289 -4808
-6033 -5160 -4997
-6033 -5140 -5022
-6033 -5127 -5030
-6033 -5098 -5065
-6033 -5091 -5070
-6033 -5059 -5100
-6033 -5049 -5115
-6033 -5042 -5120
-6033 -5022 -5130
-6033 -4968 -5142
-6033 -4952 -5148
-6032 -5351 -4415
-6032 -5350 -4465
-6032 -5318 -4742
-6032 -5309 -4776
-6032 -5263 -4851
-6032 -5213 -4935
-6032 -5202 -4953
-6032 -5160 -4999
-6032 -5157 -5010
-6032 -5125 -5046
-6032 -5084 -5079
-6032 -5066 -5088
-6032 -4961 -5151
-6032 -4953 -5152
-6032 -4906 -5170
-6032 -4895 -5178
-6032 -4876 -5187
-6032 -4808 -5209
-6031 -5338 -4639
-6031 -5331 -4644
-6031 -5320 -4720
-6031 -5318 -4758
-6031 -5297 -4800
-6031 -5261 -4859
-6031 -5222 -4930
-6031 -5183 -4968
-6031 -5172 -4977
-6031 -5139 -5038
-6031 -4993 -5135
-6031 -4970 -5146
-6031 -4943 -5161
-6031 -4912 -5175
-6031 -4905 -5183
-6030 -5353 -4434
-6030 -5347 -4550
-6030 -5343 -4589
-6030 -5339 -4591
-6030 -5338 -4655
-6030 -5331 -4660
-6030 -5329 -4702
-6030 -5306 -4782
-6030 -5297 -4816
-6030 -5178 -4990
-6030 -5148 -5030
-6030 -5140 -5043
-6030 -5085 -5071
-6030 -5063 -5091
-6030 -5022 -5137
-6030 -4974 -5146
-6030 -4955 -5158
-6030 -4855 -5197
-6029 -5349 -4499
-6029 -5343 -4605
-6029 -5339 -4607
-6029 -5306 -4798
-6029 -5277 -4849
-6029 -5263 -4854
-6029 -5242 -4892
-6029 -5214 -4935
-6029 -5159 -5000
-6029 -5144 -5037
-6029 -5105 -5069
-6029 -5078 -5084
-6029 -5067 -5087
-6029 -4957 -5153
-6029 -4956 -5155
-6029 -4951 -5161
-6029 -4939 -5169
-6029 -4925 -5173
-6029 -4853 -5200
-6029 -4821 -5207
-6029 -4758 -5218
-6028 -5355 -4549
-6028 -5184 -4975
-6028 -5181 -4977
-6028 -5168 -4992
-6028 -5160 -5005
-6028 -5151 -5018
-6028 -5061 -5095
-6028 -5008 -5141
-6028 -4961 -5154
-6028 -4960 -5156
-6028 -4940 -5166
-6028 -4906 -5177
-6028 -4793 -5210
-6028 -4790 -5213
-6028 -4787 -5218
-6028 -4703 -5222
-6027 -5360 -4499
-6027 -5320 -4727
-6027 -5257 -4862
-6027 -5247 -4887
-6027 -5217 -4940
-6027 -5211 -4945
-6027 -5164 -4999
-6027 -5161 -5000
-6027 -5071 -5092
-6027 -5064 -5097
-6027 -5055 -5103
-6027 -4976 -5143
-6027 -4971 -5151
-6027 -4886 -5187
-6027 -4873 -5190
-6027 -4860 -5193
-6027 -4853 -5202
-6027 -4836 -5208
-6026 -5351 -4576
-6026 -5341 -4615
-6026 -5323 -4710
-6026 -5241 -4900
-6026 -5223 -4917
-6026 -5207 -4948
-6026 -5197 -4967
-6026 -5184 -4982
-6026 -4984 -5150
-6026 -4970 -5160
-6026 -4908 -5177
-6026 -4875 -5188
-6026 -4866 -5198
-6026 -4794 -5218
-6026 -4792 -5220
-6026 -4631 -5226
-6025 -5358 -4507
-6025 -5341 -4628
-6025 -5333 -4657
-6025 -5332 -4692
-6025 -5323 -4726
-6025 -5264 -4858
-6025 -5256 -4869
-6025 -5237 -4902
-6025 -5218 -4939
-6025 -5214 -4950
-6025 -5186 -4975
-6025 -5170 -4994
-6025 -5164 -5005
-6025 -5161 -5012
-6025 -5074 -5093
-6025 -5068 -5098
-6025 -4971 -5157
-6025 -4942 -5166
-6025 -4907 -5181
-6025 -4899 -5186
-6025 -4800 -5216
-6025 -4774 -5221
-6024 -5360 -4535
-6024 -5345 -4604
-6024 -5333 -4676
-6024 -5332 -4708
-6024 -5279 -4828
-6024 -5258 -4862
-6024 -5217 -4943
-6024 -5203 -4952
-6024 -5200 -4972
-6024 -5183 -4988
-6024 -5173 -5002
-6024 -5170 -5007
-6024 -5162 -5020
-6024 -5114 -5071
-6024 -5086 -5072
-6024 -5082 -5087
-6024 -5050 -5106
-6024 -5002 -5142
-6024 -4986 -5157
-6024 -4974 -5165
-6024 -4971 -5168
-6024 -4933 -5175
-6024 -4911 -5176
-6024 -4883 -5197
-6024 -4802 -5211
-6024 -4787 -5222
-6024 -4784 -5227
-6024 -4746 -5229
-6024 -4740 -5237
-6023 -5362 -4405
-6023 -5310 -4760
-6023 -5278 -4830
-6023 -5266 -4856
-6023 -5263 -4859
-6023 -5260 -4865
-6023 -5246 -4898
-6023 -5241 -4901
-6023 -5234 -4912
-6023 -5230 -4915
-6023 -5217 -4959
-6023 -5189 -4980
-6023 -5182 -4997
-6023 -5127 -5046
-6023 -5091 -5082
-6023 -5071 -5103
-6023 -5026 -5121
-6023 -4946 -5170
-6023 -4905 -5186
-6023 -4894 -5189
-6023 -4887 -5199
-6023 -4876 -5206
-6022 -5365 -4460
-6022 -5348 -4587
-6022 -5338 -4658
-6022 -5336 -4663
-6022 -5333 -4697
-6022 -5324 -4714
-6022 -5319 -4742
-6022 -5303 -4805
-6022 -5266 -4860
-6022 -5261 -4876
-6022 -5245 -4904
-6022 -5223 -4918
-6022 -5220 -4934
-6022 -5197 -4975
-6022 -5186 -4993
-6022 -5116 -5062
-6022 -5079 -5092
-6022 -5052 -5107
-6022 -4988 -5145
-6022 -4942 -5173
-6022 -4932 -5188
-6022 -4889 -5197
-6022 -4830 -5214
-6022 -4809 -5220
-6022 -4787 -5225
-6022 -4697 -5238
-6021 -5347 -4640
-6021 -5345 -4645
-6021 -5339 -4648
-6021 -5336 -4686
-6021 -5311 -4766
-6021 -5270 -4850
-6021 -5269 -4861
-6021 -5264 -4863
-6021 -5237 -4916
-6021 -5233 -4919
-6021 -5229 -4921
-6021 -5223 -4922
-6021 -5222 -4938
-6021 -5206 -4970
-6021 -5187 -4981
-6021 -5173 -5004
-6021 -5130 -5047
-6021 -5124 -5052
-6021 -5116 -5064
-6021 -5092 -5072
-6021 -5082 -5095
-6021 -5066 -5110
-6021 -5054 -5118
-6021 -5029 -5126
-6021 -4944 -5176
-6021 -4934 -5179
-6021 -4890 -5196
-6021 -4829 -5220
-6021 -4789 -5223
-6021 -4753 -5235
-6021 -4715 -5242
-6020 -5356 -4583
-6020 -5350 -4622
-6020 -5345 -4661
-6020 -5336 -4702
-6020 -5322 -4730
-6020 -5321 -4737
-6020 -5307 -4782
-6020 -5278 -4843
-6020 -5265 -4866
-6020 -5264 -4881
-6020 -5249 -4894
-6020 -5242 -4914
-6020 -5229 -4925
-6020 -5219 -4944
-6020 -5155 -5027
-6020 -5092 -5074
-6020 -5043 -5124
-6020 -5016 -5139
-6020 -5007 -5143
-6020 -4916 -5194
-6019 -5361 -4533
-6019 -5355 -4634
-6019 -5338 -4668
-6019 -5337 -4670
-6019 -5324 -4726
-6019 -5286 -4821
-6019 -5273 -4869
-6019 -5248 -4909
-6019 -5238 -4917
-6019 -5232 -4920
-6019 -5228 -4936
-6019 -5128 -5057
-6019 -5097 -5075
-6019 -5088 -5083
-6019 -5079 -5105
-6019 -5059 -5115
-6019 -5027 -5127
-6019 -4952 -5171
-6019 -4762 -5230
-6018 -5363 -4465
-6018 -5362 -4570
-6018 -5355 -4650
-6018 -5346 -4652
-6018 -5339 -4698
-6018 -5333 -4707
-6018 -5326 -4721
-6018 -5324 -4742
-6018 -5312 -4767
-6018 -5310 -4770
-6018 -5287 -4825
-6018 -5282 -4830
-6018 -5279 -4831
-6018 -5278 -4844
-6018 -5252 -4888
-6018 -5249 -4908
-6018 -5222 -4949
-6018 -5151 -5034
-6018 -5144 -5039
-6018 -5136 -5048
-6018 -5094 -5094
-6018 -5030 -5129
-6018 -5003 -5147
-6018 -4862 -5217
-6018 -4825 -5226
-6018 -4719 -5238
-6017 -5363 -4481
-6017 -5348 -4680
-6017 -5341 -4700
-6017 -5321 -4748
-6017 -5288 -4817
-6017 -5284 -4830
-6017 -5283 -4834
-6017 -5279 -4838
-6017 -5258 -4883
-6017 -5252 -4892
-6017 -5244 -4917
-6017 -5234 -4924
-6017 -5231 -4936
-6017 -5202 -4974
-6017 -5175 -5000
-6017 -5167 -5012
-6017 -5134 -5052
-6017 -5130 -5061
-6017 -5106 -5072
-6017 -5037 -5137
-6017 -5024 -5155
-6017 -4956 -5176
-6017 -4949 -5181
-6017 -4934 -5182
-6017 -4926 -5194
-6017 -4905 -5198
-6017 -4896 -5206
-6016 -5358 -4629
-6016 -5343 -4690
-6016 -5341 -4716
-6016 -5310 -4771
-6016 -5304 -4804
-6016 -5296 -4827
-6016 -5292 -4829
-6016 -5288 -4833
-6016 -5284 -4835
-6016 -5283 -4850
-6016 -5274 -4854
-6016 -5265 -4871
-6016 -5261 -4884
-6016 -5249 -4928
-6016 -5225 -4946
-6016 -5219 -4952
-6016 -5211 -4969
-6016 -5157 -5026
-6016 -5138 -5046
-6016 -5105 -5076
-6016 -5099 -5078
-6016 -5073 -5114
-6016 -4869 -5213
-6016 -4810 -5234
-6016 -4754 -5236
-6016 -4750 -5238
-6015 -5352 -4660
-6015 -5344 -4691
-6015 -5335 -4725
-6015 -5329 -4740
-6015 -5313 -4771
-6015 -5292 -4845
-6015 -5276 -4857
-6015 -5267 -4878
-6015 -5259 -4885
-6015 -5258 -4904
-6015 -5228 -4947
-6015 -5190 -4982
-6015 -5178 -5005
-6015 -5171 -5012
-6015 -5166 -5014
-6015 -5122 -5062
-6015 -5108 -5076
-6015 -5096 -5084
-6015 -5085 -5102
-6015 -4976 -5166
-6015 -4959 -5169
-6015 -4933 -5187
-6015 -4870 -5217
-6015 -4844 -5223
-6015 -4811 -5231
-6015 -4632 -5253
-6014 -5371 -4452
-6014 -5366 -4494
-6014 -5344 -4707
-6014 -5329 -4756
-6014 -5301 -4806
-6014 -5300 -4807
-6014 -5286 -4853
-6014 -5276 -4873
-6014 -5267 -4899
-6014 -5232 -4935
-6014 -5202 -4985
-6014 -5172 -5010
-6014 -5147 -5053
-6014 -5121 -5066
-6014 -5099 -5087
-6014 -5047 -5125
-6014 -5045 -5126
-6014 -4989 -5159
-6014 -4987 -5166
-6014 -4963 -5171
-6014 -4952 -5178
-6014 -4940 -5186
-6014 -4877 -5219
-6014 -4857 -5222
-6014 -4803 -5238
-6014 -4765 -5239
-6013 -5365 -4545
-6013 -5332 -4731
-6013 -5323 -4765
-6013 -5310 -4781
-6013 -5309 -4802
-6013 -5295 -4829
-6013 -5280 -4863
-6013 -5250 -4913
-6013 -5241 -4930
-6013 -5211 -4980
-6013 -5101 -5082
-6013 -5099 -5089
-6013 -5088 -5107
-6013 -5052 -5139
-6013 -5039 -5157
-6013 -4917 -5201
-6013 -4890 -5207
-6013 -4874 -5222
-6012 -5365 -4561
-6012 -5360 -4601
-6012 -5332 -4747
-6012 -5311 -4784
-6012 -5304 -4811
-6012 -5269 -4878
-6012 -5189 -4986
-6012 -5180 -4998
-6012 -5167 -5015
-6012 -5156 -5031
-6012 -5142 -5073
-6012 -5110 -5074
-6012 -5105 -5079
-6012 -5098 -5090
-6012 -5096 -5097
-6012 -5053 -5120
-6012 -4991 -5160
-6012 -4973 -5175
-6012 -4923 -5197
-6012 -4850 -5226
-6012 -4825 -5236
-6011 -5320 -4766
-6011 -5315 -4770
-6011 -5313 -4786
-6011 -5306 -4804
-6011 -5299 -4833
-6011 -5270 -4875
-6011 -5231 -4942
-6011 -5224 -4951
-6011 -5189 -4989
-6011 -5179 -5000
-6011 -5174 -5006
-6011 -5165 -5026
-6011 -5152 -5038
-6011 -5119 -5074
-6011 -5103 -5089
-6011 -5062 -5115
-6011 -5059 -5119
-6011 -5010 -5162
-6011 -4978 -5174
-6011 -4967 -5183
-6011 -4934 -5194
-6011 -4879 -5209
-6011 -4826 -5233
-6011 -4729 -5243
-6011 -4716 -5253
-6010 -5371 -4498
-6010 -5363 -4595
-6010 -5361 -4599
-6010 -5355 -4660
-6010 -5315 -4786
-6010 -5287 -4849
-6010 -5283 -4861
-6010 -5275 -4886
-6010 -5253 -4916
-6010 -5235 -4938
-6010 -5233 -4946
-6010 -5191 -4990
-6010 -5183 -5001
-6010 -5179 -5003
-6010 -5176 -5012
-6010 -5174 -5020
-6010 -5162 -5035
-6010 -5159 -5036
-6010 -5112 -5083
-6010 -5060 -5128
-6010 -5041 -5147
-6010 -4970 -5185
-6010 -4884 -5210
-6010 -4872 -5224
-6010 -4805 -5237
-6010 -4757 -5254
-6009 -5368 -4531
-6009 -5356 -4634
-6009 -5349 -4663
-6009 -5344 -4711
-6009 -5321 -4766
-6009 -5308 -4806
-6009 -5307 -4812
-6009 -5289 -4857
-6009 -5280 -4881
-6009 -5269 -4896
-6009 -5260 -4902
-6009 -5237 -4936
-6009 -5213 -4962
-6009 -5212 -4968
-6009 -5188 -4991
-6009 -5184 -5006
-6009 -5176 -5018
-6009 -5168 -5031
-6009 -5143 -5054
-6009 -5123 -5079
-6009 -5116 -5084
-6009 -4926 -5197
-6009 -4886 -5209
-6009 -4838 -5234
-6008 -5375 -4479
-6008 -5373 -4578
-6008 -5359 -4621
-6008 -5349 -4679
-6008 -5323 -4776
-6008 -5303 -4818
-6008 -5298 -4839
-6008 -5289 -4876
-6008 -5278 -4891
-6008 -5254 -4912
-6008 -5216 -4962
-6008 -5203 -4981
-6008 -5194 -4995
-6008 -5193 -5001
-6008 -5185 -5013
-6008 -5173 -5022
-6008 -5143 -5056
-6008 -5109 -5093
-6008 -5104 -5097
-6008 -4897 -5205
-6008 -4887 -5209
-6008 -4760 -5241
-6007 -5381 -4409
-6007 -5378 -4468
-6007 -5359 -4637
-6007 -5352 -4678
-6007 -5349 -4680
-6007 -5335 -4729
-6007 -5332 -4758
-6007 -5326 -4765
-6007 -5312 -4793
-6007 -5298 -4855
-6007 -5263 -4907
-6007 -5236 -4939
-6007 -5220 -4952
-6007 -5218 -4955
-6007 -5208 -4982
-6007 -5197 -4991
-6007 -5196 -4995
-6007 -5187 -5011
-6007 -5183 -5014
-6007 -5159 -5044
-6007 -5074 -5116
-6007 -5062 -5118
-6007 -5061 -5134
-6007 -4940 -5191
-6007 -4890 -5214
-6007 -4682 -5262
-6006 -5379 -4505
-6006 -5370 -4598
-6006 -5368 -4603
-6006 -5361 -4618
-6006 -5359 -4644
-6006 -5335 -4747
-6006 -5326 -4781
-6006 -5321 -4791
-6006 -5311 -4796
-6006 -5308 -4815
-6006 -5306 -4817
-6006 -5300 -4820
-6006 -5235 -4943
-6006 -5230 -4949
-6006 -5227 -4950
-6006 -5219 -4959
-6006 -5213 -4983
-6006 -5196 -5006
-6006 -5164 -5050
-6006 -5146 -5061
-6006 -5002 -5167
-6006 -4971 -5176
-6006 -4930 -5196
-6006 -4918 -5200
-6006 -4904 -5202
-6006 -4903 -5203
-6006 -4895 -5210
-6006 -4891 -5214
-6006 -4888 -5217
-6006 -4867 -5229
-6005 -5368 -4619
-6005 -5345 -4691
-6005 -5340 -4718
-6005 -5335 -4763
-6005 -5330 -4773
-6005 -5321 -4807
-6005 -5309 -4815
-6005 -5304 -4820
-6005 -5244 -4938
-6005 -5239 -4944
-6005 -5220 -4955
-6005 -5217 -4960
-6005 -5211 -4987
-6005 -5203 -5002
-6005 -5114 -5085
-6005 -5078 -5108
-6005 -5077 -5112
-6005 -5065 -5135
-6005 -5005 -5165
-6005 -4985 -5175
-6005 -4974 -5182
-6005 -4959 -5193
-6005 -4915 -5203
-6005 -4914 -5209
-6005 -4791 -5248
-6005 -4754 -5257
-6005 -4651 -5264
-6005 -4648 -5269
-6004 -5374 -4530
-6004 -5362 -4635
-6004 -5347 -4684
-6004 -5330 -4789
-6004 -5306 -4826
-6004 -5257 -4915
-6004 -5226 -4955
-6004 -5218 -4961
-6004 -5216 -4968
-6004 -5177 -5033
-6004 -5090 -5098
-6004 -5018 -5164
-6004 -4960 -5190
-6004 -4941 -5194
-6004 -4920 -5203
-6004 -4896 -5212
-6004 -4891 -5216
-6004 -4888 -5219
-6004 -4884 -5221
-6004 -4876 -5223
-6004 -4864 -5231
-6004 -4825 -5237
-6004 -4806 -5246
-6004 -4763 -5256
-6003 -5385 -4513
-6003 -5374 -4546
-6003 -5369 -4610
-6003 -5356 -4659
-6003 -5339 -4732
-6003 -5311 -4834
-6003 -5305 -4837
-6003 -5259 -4908
-6003 -5234 -4945
-6003 -5231 -4949
-6003 -5223 -4964
-6003 -5220 -4965
-6003 -5214 -4970
-6003 -5206 -5007
-6003 -5190 -5008
-6003 -5122 -5080
-6003 -5081 -5113
-6003 -5068 -5140
-6003 -5045 -5145
-6003 -5032 -5163
-6003 -4991 -5175
-6003 -4987 -5177
-6003 -4935 -5196
-6003 -4893 -5233
-6003 -4784 -5252
-6002 -5371 -4638
-6002 -5354 -4716
-6002 -5342 -4718
-6002 -5339 -4748
-6002 -5320 -4816
-6002 -5311 -4850
-6002 -5291 -4858
-6002 -5272 -4899
-6002 -5237 -4947
-6002 -5232 -4962
-6002 -5216 -4972
-6002 -5215 -4975
-6002 -5209 -4996
-6002 -5186 -5013
-6002 -5167 -5045
-6002 -5126 -5074
-6002 -5074 -5124
-6002 -4986 -5178
-6002 -4978 -5180
-6002 -4952 -5196
-6002 -4927 -5222
-6002 -4734 -5266
-6001 -5381 -4587
-6001 -5359 -4645
-6001 -5358 -4671
-6001 -5341 -4723
-6001 -5320 -4832
-6001 -5258 -4916
-6001 -5247 -4931
-6001 -5246 -4942
-6001 -5234 -4950
-6001 -5226 -4969
-6001 -5218 -4972
-6001 -5216 -4973
-6001 -5189 -5019
-6001 -5181 -5034
-6001 -5148 -5057
-6001 -5121 -5089
-6001 -5099 -5107
-6001 -5083 -5110
-6001 -5076 -5115
-6001 -4995 -5168
-6001 -4983 -5181
-6001 -4929 -5211
-6001 -4837 -5237
-6001 -4813 -5242
-6001 -4806 -5250
-6001 -4738 -5261
-6001 -4732 -5269
-6000 -5367 -4649
-6000 -5358 -4687
-6000 -5342 -4735
-6000 -5341 -4739
-6000 -5339 -4756
-6000 -5290 -4859
-6000 -5281 -4881
-6000 -5264 -4902
-6000 -5258 -4920
-6000 -5255 -4925
-6000 -5252 -4926
-6000 -5243 -4951
-6000 -5240 -4952
-6000 -5235 -4967
-6000 -5225 -4986
-6000 -5190 -5029
-6000 -5168 -5038
-6000 -5156 -5051
-6000 -5089 -5111
-6000 -5082 -5116
-6000 -5050 -5146
-6000 -5040 -5161
-6000 -5033 -5166
-6000 -4999 -5168
-6000 -4998 -5170
-6000 -4968 -5188
-6000 -4956 -5196
-6000 -4943 -5201
-6000 -4819 -5238
-6000 -4804 -5251
-6000 -4770 -5258
-5999 -5367 -4665
-5999 -5352 -4747
-5999 -5285 -4879
-5999 -5275 -4894
-5999 -5266 -4904
-5999 -5261 -4921
-5999 -5255 -4929
-5999 -5249 -4947
-5999 -5214 -4994
-5999 -5165 -5046
-5999 -5145 -5067
-5999 -5126 -5076
-5999 -5124 -5094
-5999 -5107 -5099
-5999 -5096 -5117
-5999 -5076 -5142
-5999 -4961 -5193
-5999 -4941 -5204
-5999 -4929 -5212
-5999 -4840 -5236
-5999 -4837 -5239
-5999 -4786 -5252
-5999 -4779 -5257
-5999 -4752 -5259
-5998 -5361 -4666
-5998 -5355 -4689
-5998 -5337 -4760
-5998 -5327 -4796
-5998 -5297 -4863
-5998 -5280 -4887
-5998 -5270 -4900
-5998 -5258 -4922
-5998 -5245 -4948
-5998 -5238 -4958
-5998 -5234 -4971
-5998 -5222 -4989
-5998 -5214 -4996
-5998 -5199 -5010
-5998 -5141 -5076
-5998 -5008 -5169
-5998 -5004 -5171
-5998 -4988 -5178
-5998 -4981 -5183
-5998 -4931 -5205
-5998 -4864 -5237
-5998 -4842 -5253
-5997 -5364 -4676
-5997 -5361 -4706
-5997 -5338 -4762
-5997 -5290 -4865
-5997 -5274 -4897
-5997 -5269 -4909
-5997 -5260 -4922
-5997 -5231 -4984
-5997 -5155 -5061
-5997 -5131 -5089
-5997 -5106 -5100
-5997 -5103 -5104
-5997 -4994 -5176
-5997 -4964 -5191
-5997 -4954 -5199
-5997 -4814 -5259
-5997 -4738 -5263
-5997 -4735 -5266
-5996 -5373 -4658
-5996 -5328 -4803
-5996 -5296 -4865
-5996 -5294 -4873
-5996 -5283 -4892
-5996 -5278 -4895
-5996 -5263 -4915
-5996 -5254 -4936
-5996 -5251 -4937
-5996 -5205 -5022
-5996 -5175 -5047
-5996 -5122 -5103
-5996 -5107 -5107
-5996 -5086 -5121
-5996 -5014 -5170
-5996 -4995 -5173
-5996 -4969 -5188
-5996 -4960 -5203
-5996 -4910 -5225
-5996 -4901 -5227
-5996 -4889 -5237
-5996 -4886 -5240
-5996 -4767 -5265
-5995 -5386 -4547
-5995 -5378 -4594
-5995 -5364 -4690
-5995 -5363 -4697
-5995 -5355 -4709
-5995 -5335 -4768
-5995 -5331 -4773
-5995 -5305 -4860
-5995 -5295 -4866
-5995 -5274 -4906
-5995 -5268 -4916
-5995 -5263 -4931
-5995 -5214 -5017
-5995 -5152 -5071
-5995 -5132 -5081
-5995 -5102 -5126
-5995 -5042 -5152
-5995 -4999 -5173
-5995 -4998 -5185
-5995 -4972 -5191
-5995 -4963 -5196
-5995 -4962 -5198
-5995 -4956 -5206
-5995 -4944 -5214
-5995 -4868 -5241
-5995 -4844 -5243
-5995 -4828 -5258
-5995 -4649 -5280
-5994 -5392 -4439
-5994 -5390 -4474
-5994 -5388 -4479
-5994 -5387 -4584
-5994 -5335 -4784
-5994 -5298 -4867
-5994 -5290 -4876
-5994 -5280 -4894
-5994 -5277 -4898
-5994 -5182 -5030
-5994 -5138 -5093
-5994 -5084 -5127
-5994 -5055 -5143
-5994 -5046 -5149
-5994 -5009 -5177
-5994 -5002 -5179
-5994 -4994 -5188
-5994 -4972 -5193
-5994 -4957 -5213
-5994 -4862 -5247
-5994 -4859 -5250
-5994 -4688 -5289
-5993 -5391 -4472
-5993 -5388 -4495
-5993 -5381 -4609
-5993 -5359 -4718
-5993 -5343 -4749
-5993 -5338 -4774
-5993 -5312 -4834
-5993 -5292 -4877
-5993 -5288 -4878
-5993 -5286 -4882
-5993 -5283 -4895
-5993 -5277 -4903
-5993 -5269 -4911
-5993 -5256 -4932
-5993 -5251 -4942
-5993 -5247 -4953
-5993 -5234 -4979
-5993 -5162 -5054
-5993 -4976 -5196
-5993 -4969 -5201
-5993 -4699 -5279
-5992 -5375 -4624
-5992 -5359 -4734
-5992 -5345 -4749
-5992 -5326 -4813
-5992 -5321 -4816
-5992 -5302 -4861
-5992 -5301 -4867
-5992 -5295 -4870
-5992 -5290 -4885
-5992 -5286 -4898
-5992 -5280 -4899
-5992 -5277 -4905
-5992 -5266 -4930
-5992 -5260 -4935
-5992 -5256 -4948
-5992 -5182 -5040
-5992 -5107 -5111
-5992 -5093 -5134
-5992 -5059 -5144
-5992 -5022 -5172
-5992 -4875 -5242
-5992 -4872 -5245
-5991 -5402 -4463
-5991 -5350 -4761
-5991 -5335 -4795
-5991 -5304 -4865
-5991 -5283 -4918
-5991 -5275 -4925
-5991 -5215 -4996
-5991 -5167 -5051
-5991 -5153 -5074
-5991 -5105 -5117
-5991 -5045 -5151
-5991 -5013 -5173
-5991 -4883 -5243
-5991 -4843 -5260
-5991 -4793 -5262
-5991 -4746 -5267
-5990 -5391 -4514
-5990 -5388 -4525
-5990 -5376 -4615
-5990 -5338 -4787
-5990 -5306 -4855
-5990 -5292 -4913
-5990 -5272 -4934
-5990 -5257 -4949
-5990 -5227 -4999
-5990 -5197 -5024
-5990 -5144 -5080
-5990 -5066 -5144
-5990 -5062 -5149
-5990 -5047 -5163
-5990 -5017 -5181
-5990 -5006 -5182
-5990 -4937 -5216
-5990 -4822 -5264
-5990 -4744 -5272
-5989 -5388 -4541
-5989 -5385 -4593
-5989 -5353 -4747
-5989 -5329 -4802
-5989 -5295 -4887
-5989 -5286 -4923
-5989 -5277 -4926
-5989 -5266 -4944
-5989 -5236 -4994
-5989 -5183 -5032
-5989 -5139 -5081
-5989 -5124 -5103
-5989 -5113 -5121
-5989 -4974 -5203
-5989 -4921 -5231
-5989 -4906 -5233
-5989 -4860 -5253
-5989 -4767 -5268
-5989 -4751 -5272
-5988 -5386 -4630
-5988 -5377 -4653
-5988 -5369 -4689
-5988 -5329 -4818
-5988 -5314 -4835
-5988 -5313 -4836
-5988 -5299 -4868
-5988 -5295 -4918
-5988 -5247 -4961
-5988 -5170 -5059
-5988 -5160 -5070
-5988 -5123 -5104
-5988 -5057 -5156
-5988 -5045 -5164
-5988 -5025 -5169
-5988 -4979 -5190
-5988 -4933 -5220
-5988 -4894 -5242
-5988 -4733 -5273
-5988 -4700 -5274
-5987 -5393 -4497
-5987 -5391 -4520
-5987 -5369 -4705
-5987 -5367 -4707
-5987 -5356 -4738
-5987 -5343 -4774
-5987 -5338 -4800
-5987 -5329 -4819
-5987 -5314 -4854
-5987 -5303 -4869
-5987 -5256 -4956
-5987 -5184 -5038
-5987 -5177 -5044
-5987 -5170 -5061
-5987 -5127 -5104
-5987 -5076 -5147
-5987 -5028 -5176
-5987 -5008 -5186
-5987 -4998 -5189
-5987 -4975 -5197
-5987 -4932 -5226
-5987 -4907 -5241
-5987 -4869 -5248
-5987 -4760 -5272
-5987 -4719 -5279
-5987 -4705 -5281
-5987 -4699 -5289
-5986 -5388 -4609
-5986 -5377 -4656
-5986 -5374 -4670
-5986 -5369 -4721
-5986 -5343 -4790
-5986 -5323 -4844
-5986 -5317 -4847
-5986 -5315 -4854
-5986 -5297 -4883
-5986 -5260 -4952
-5986 -5241 -4963
-5986 -5184 -5050
-5986 -5144 -5086
-5986 -5131 -5094
-5986 -5115 -5111
-5986 -5070 -5151
-5986 -5062 -5165
-5986 -4988 -5196
-5986 -4959 -5206
-5986 -4935 -5227
-5986 -4923 -5235
-5986 -4766 -5270
-5986 -4741 -5281
-5985 -5393 -4545
-5985 -5371 -4678
-5985 -5357 -4745
-5985 -5352 -4757
-5985 -5338 -4834
-5985 -5326 -4842
-5985 -5324 -4849
-5985 -5314 -4871
-5985 -5297 -4899
-5985 -5245 -4966
-5985 -5237 -4982
-5985 -5193 -5045
-5985 -5175 -5051
-5985 -5168 -5068
-5985 -5104 -5124
-5985 -5085 -5140
-5985 -5066 -5159
-5985 -5032 -5170
-5985 -4924 -5232
-5985 -4820 -5265
-5985 -4793 -5268
-5985 -4782 -5270
-5985 -4771 -5284
-5985 -4656 -5290
-5984 -5391 -4557
-5984 -5374 -4675
-5984 -5357 -4761
-5984 -5347 -4816
-5984 -5323 -4853
-5984 -5314 -4887
-5984 -5246 -4965
-5984 -5219 -5009
-5984 -5151 -5078
-5984 -5148 -5091
-5984 -5121 -5107
-5984 -5118 -5109
-5984 -5006 -5191
-5984 -5005 -5195
-5984 -4998 -5200
-5984 -4963 -5206
-5984 -4955 -5217
-5984 -4925 -5228
-5984 -4882 -5246
-5984 -4881 -5258
-5984 -4808 -5268
-5984 -4743 -5290
-5983 -5406 -4423
-5983 -5396 -4550
-5983 -5391 -4573
-5983 -5384 -4636
-5983 -5323 -4869
-5983 -5299 -4903
-5983 -5241 -4974
-5983 -5238 -4975
-5983 -5221 -5009
-5983 -5199 -5031
-5983 -5184 -5058
-5983 -5162 -5080
-5983 -5135 -5095
-5983 -5094 -5135
-5983 -5042 -5182
-5983 -4970 -5206
-5983 -4940 -5224
-5983 -4887 -5244
-5983 -4818 -5268
-5983 -4815 -5271
-5983 -4803 -5279
-5982 -5391 -4589
-5982 -5378 -4696
-5982 -5326 -4843
-5982 -5269 -4936
-5982 -5255 -4963
-5982 -5247 -4970
-5982 -5222 -5003
-5982 -5208 -5026
-5982 -5171 -5075
-5982 -5154 -5083
-5982 -5135 -5096
-5982 -5073 -5148
-5982 -5002 -5205
-5982 -4995 -5207
-5982 -4942 -5221
-5982 -4913 -5240
-5982 -4756 -5285
-5982 -4751 -5293
-5981 -5401 -4485
-5981 -5397 -4510
-5981 -5396 -4616
-5981 -5370 -4702
-5981 -5264 -4958
-5981 -5244 -4979
-5981 -5222 -5015
-5981 -5175 -5062
-5981 -5139 -5099
-5981 -5132 -5102
-5981 -5127 -5105
-5981 -5074 -5148
-5981 -5073 -5152
-5981 -4978 -5212
-5981 -4957 -5214
-5981 -4853 -5259
-5981 -4835 -5261
-5981 -4768 -5293
-5980 -5406 -4435
-5980 -5401 -4552
-5980 -5387 -4655
-5980 -5348 -4772
-5980 -5335 -4838
-5980 -5273 -4930
-5980 -5231 -4997
-5980 -5141 -5094
-5980 -5115 -5112
-5980 -5087 -5137
-5980 -5084 -5142
-5980 -5043 -5166
-5980 -5010 -5187
-5980 -4970 -5213
-5980 -4960 -5228
-5980 -4895 -5244
-5979 -5406 -4469
-5979 -5402 -4502
-5979 -5369 -4774
-5979 -5348 -4788
-5979 -5245 -4979
-5979 -5231 -5021
-5979 -5195 -5032
-5979 -5153 -5086
-5979 -5150 -5089
-5979 -5142 -5104
-5979 -5117 -5118
-5979 -5106 -5127
-5979 -5104 -5136
-5979 -5093 -5154
-5979 -5044 -5166
-5979 -5012 -5193
-5979 -4926 -5229
-5979 -4905 -5246
-5979 -4882 -5249
-5979 -4873 -5263
-5979 -4831 -5266
-5979 -4804 -5273
-5978 -5369 -4790
-5978 -5254 -4974
-5978 -5234 -4995
-5978 -5162 -5081
-5978 -5126 -5113
-5978 -5113 -5131
-5978 -5016 -5187
-5978 -4928 -5242
-5978 -4841 -5267
-5977 -5380 -4664
-5977 -5370 -4705
-5977 -5327 -4839
-5977 -5306 -4889
-5977 -5251 -4983
-5977 -5200 -5029
-5977 -5194 -5034
-5977 -5134 -5116
-5977 -5023 -5183
-5977 -5022 -5187
-5977 -5019 -5190
-5977 -5015 -5192
-5977 -5006 -5202
-5977 -5003 -5205
-5977 -4999 -5207
-5977 -4991 -5213
-5977 -4844 -5268
-5977 -4831 -5286
-5976 -5402 -4542
-5976 -5398 -4564
-5976 -5390 -4629
-5976 -5315 -4871
-5976 -5280 -4929
-5976 -5274 -4937
-5976 -5272 -4943
-5976 -5269 -4944
-5976 -5256 -4962
-5976 -5245 -4987
-5976 -5232 -5002
-5976 -5200 -5030
-5976 -5193 -5048
-5976 -5177 -5063
-5976 -5173 -5069
-5976 -5154 -5088
-5976 -5114 -5125
-5976 -5054 -5166
-5976 -5028 -5184
-5976 -4992 -5210
-5976 -4985 -5215
-5976 -4975 -5230
-5976 -4908 -5243
-5976 -4686 -5295
-5976 -4633 -5298
-5975 -5406 -4486
-5975 -5400 -4560
-5975 -5393 -4619
-5975 -5370 -4738
-5975 -5300 -4892
-5975 -5286 -4932
-5975 -5277 -4938
-5975 -5274 -4941
-5975 -5266 -4953
-5975 -5252 -4979
-5975 -5244 -4992
-5975 -5232 -5004
-5975 -5212 -5025
-5975 -5197 -5039
-5975 -5187 -5058
-5975 -5181 -5063
-5975 -5149 -5108
-5975 -5019 -5197
-5975 -5016 -5200
-5975 -4930 -5232
-5975 -4888 -5251
-5974 -5407 -4523
-5974 -5393 -4635
-5974 -5376 -4698
-5974 -5370 -4746
-5974 -5352 -4799
-5974 -5329 -4850
-5974 -5324 -4853
-5974 -5297 -4910
-5974 -5286 -4933
-5974 -5283 -4936
-5974 -5277 -4942
-5974 -5275 -4948
-5974 -5259 -4974
-5974 -5248 -4992
-5974 -5196 -5053
-5974 -5190 -5058
-5974 -5150 -5090
-5974 -5122 -5119
-5974 -5101 -5154
-5974 -5065 -5170
-5974 -5057 -5171
-5974 -4934 -5233
-5974 -4915 -5243
-5974 -4914 -5247
-5974 -4902 -5250
-5974 -4849 -5265
-5974 -4846 -5268
-5974 -4836 -5272
-5974 -4782 -5288
-5974 -4689 -5303
-5973 -5402 -4564
-5973 -5379 -4697
-5973 -5376 -4714
-5973 -5353 -4798
-5973 -5318 -4876
-5973 -5303 -4894
-5973 -5286 -4937
-5973 -5268 -4969
-5973 -5205 -5039
-5973 -5184 -5068
-5973 -5166 -5081
-5973 -5060 -5172
-5973 -5027 -5188
-5973 -4977 -5220
-5973 -4936 -5231
-5973 -4852 -5266
-5973 -4722 -5298
-5973 -4716 -5306
-5973 -4670 -5312
-5972 -5409 -4517
-5972 -5402 -4577
-5972 -5399 -4582
-5972 -5389 -4646
-5972 -5380 -4669
-5972 -5379 -4701
-5972 -5349 -4805
-5972 -5332 -4843
-5972 -5327 -4858
-5972 -5303 -4898
-5972 -5276 -4948
-5972 -5195 -5055
-5972 -5193 -5063
-5972 -5173 -5073
-5972 -5069 -5158
-5972 -5039 -5184
-5972 -5028 -5185
-5972 -5021 -5190
-5972 -4976 -5221
-5972 -4940 -5233
-5972 -4908 -5248
-5972 -4892 -5252
-5972 -4890 -5255
-5972 -4838 -5274
-5972 -4828 -5289
-5971 -5401 -4586
-5971 -5399 -4598
-5971 -5381 -4661
-5971 -5372 -4725
-5971 -5341 -4825
-5971 -5332 -4848
-5971 -5306 -4899
-5971 -5301 -4901
-5971 -5288 -4931
-5971 -5276 -4949
-5971 -5240 -4993
-5971 -5208 -5044
-5971 -5168 -5079
-5971 -5164 -5084
-5971 -5156 -5093
-5971 -5102 -5141
-5971 -5052 -5175
-5971 -5032 -5185
-5971 -5029 -5192
-5971 -4935 -5237
-5971 -4894 -5254
-5971 -4882 -5262
-5971 -4879 -5265
-5971 -4875 -5267
-5971 -4842 -5274
-5971 -4763 -5294
-5971 -4737 -5299
-5971 -4626 -5314
-5970 -5411 -4549
-5970 -5402 -4585
-5970 -5389 -4667
-5970 -5381 -4715
-5970 -5375 -4739
-5970 -5341 -4830
-5970 -5337 -4845
-5970 -5329 -4857
-5970 -5308 -4896
-5970 -5300 -4902
-5970 -5272 -4954
-5970 -5260 -4970
-5970 -5249 -4988
-5970 -5215 -5022
-5970 -5213 -5025
-5970 -5178 -5073
-5970 -5072 -5159
-5970 -5067 -5164
-5970 -5036 -5191
-5970 -5023 -5209
-5970 -4983 -5216
-5970 -4981 -5218
-5970 -4949 -5235
-5970 -4939 -5236
-5970 -4937 -5243
-5970 -4917 -5252
-5970 -4848 -5278
-5969 -5416 -4492
-5969 -5395 -4618
-5969 -5382 -4674
-5969 -5372 -4742
-5969 -5370 -4774
-5969 -5341 -4835
-5969 -5332 -4856
-5969 -5317 -4891
-5969 -5305 -4906
-5969 -5297 -4912
-5969 -5294 -4925
-5969 -5276 -4956
-5969 -5254 -4978
-5969 -5234 -4998
-5969 -5217 -5023
-5969 -5211 -5027
-5969 -5187 -5068
-5969 -5165 -5084
-5969 -5158 -5091
-5969 -5130 -5119
-5969 -5119 -5137
-5969 -5045 -5176
-5969 -4866 -5269
-5969 -4856 -5273
-5969 -4839 -5284
-5968 -5405 -4558
-5968 -5403 -4576
-5968 -5398 -4672
-5968 -5387 -4718
-5968 -5375 -4743
-5968 -5373 -4746
-5968 -5372 -4758
-5968 -5355 -4791
-5968 -5346 -4827
-5968 -5320 -4884
-5968 -5312 -4894
-5968 -5311 -4901
-5968 -5308 -4907
-5968 -5288 -4942
-5968 -5281 -4951
-5968 -5254 -4979
-5968 -5238 -5002
-5968 -5234 -5004
-5968 -5214 -5024
-5968 -5213 -5029
-5968 -5212 -5032
-5968 -5201 -5051
-5968 -5196 -5054
-5968 -5172 -5080
-5968 -5150 -5098
-5968 -5139 -5114
-5968 -5128 -5121
-5968 -5125 -5124
-5968 -5123 -5131
-5968 -5074 -5156
-5968 -5046 -5184
-5968 -4986 -5214
-5968 -4946 -5237
-5968 -4941 -5238
-5968 -4918 -5260
-5968 -4895 -5266
-5968 -4840 -5284
-5968 -4713 -5309
-5967 -5418 -4403
-5967 -5413 -4505
-5967 -5405 -4570
-5967 -5402 -4627
-5967 -5384 -4734
-5967 -5379 -4746
-5967 -5375 -4759
-5967 -5373 -4765
-5967 -5350 -4805
-5967 -5341 -4839
-5967 -5329 -4879
-5967 -5320 -4896
-5967 -5297 -4924
-5967 -5290 -4946
-5967 -5257 -4982
-5967 -5251 -4987
-5967 -5243 -4999
-5967 -5217 -5032
-5967 -5181 -5075
-5967 -5160 -5092
-5967 -5118 -5146
-5967 -5081 -5160
-5967 -5074 -5163
-5967 -5058 -5176
-5967 -5047 -5181
-5967 -5025 -5213
-5967 -4897 -5264
-5967 -4894 -5267
-5967 -4874 -5270
-5967 -4853 -5274
-5967 -4852 -5278
-5967 -4736 -5306
-5966 -5408 -4557
-5966 -5402 -4643
-5966 -5394 -4683
-5966 -5384 -4750
-5966 -5360 -4798
-5966 -5350 -4821
-5966 -5334 -4850
-5966 -5301 -4913
-5966 -5264 -4973
-5966 -5245 -4997
-5966 -5237 -5009
-5966 -5224 -5024
-5966 -5087 -5163
-5966 -4978 -5219
-5966 -4959 -5231
-5966 -4933 -5245
-5966 -4891 -5270
-5966 -4887 -5272
-5966 -4857 -5277
-5966 -4802 -5294
-5966 -4760 -5297
-5966 -4758 -5308
-5966 -4698 -5314
-5965 -5408 -4574
-5965 -5394 -4699
-5965 -5388 -4705
-5965 -5363 -4799
-5965 -5340 -4842
-5965 -5314 -4926
-5965 -5274 -4961
-5965 -5254 -4992
-5965 -5246 -5004
-5965 -5204 -5047
-5965 -5182 -5069
-5965 -5165 -5088
-5965 -5164 -5095
-5965 -5155 -5097
-5965 -5121 -5151
-5965 -5061 -5177
-5965 -5049 -5178
-5965 -4943 -5242
-5965 -4940 -5245
-5965 -4922 -5251
-5965 -4845 -5281
-5965 -4842 -5284
-5964 -5411 -4563
-5964 -5355 -4805
-5964 -5351 -4820
-5964 -5349 -4824
-5964 -5339 -4849
-5964 -5332 -4857
-5964 -5323 -4908
-5964 -5282 -4947
-5964 -5240 -5014
-5964 -5235 -5015
-5964 -5210 -5033
-5964 -5191 -5064
-5964 -5138 -5133
-5964 -5070 -5177
-5964 -5045 -5186
-5964 -4997 -5214
-5964 -4990 -5217
-5964 -4985 -5222
-5964 -4980 -5233
-5964 -4956 -5241
-5964 -4919 -5254
-5964 -4904 -5265
-5964 -4858 -5280
-5964 -4825 -5295
-5964 -4776 -5302
-5964 -4760 -5317
-5963 -5411 -4579
-5963 -5404 -4648
-5963 -5399 -4653
-5963 -5360 -4809
-5963 -5358 -4814
-5963 -5348 -4831
-5963 -5339 -4865
-5963 -5334 -4888
-5963 -5295 -4935
-5963 -5263 -4974
-5963 -5249 -5004
-5963 -5209 -5038
-5963 -5196 -5068
-5963 -5169 -5094
-5963 -5152 -5118
-5963 -5072 -5167
-5963 -5040 -5189
-5963 -5036 -5192
-5963 -5029 -5202
-5963 -5011 -5218
-5963 -4990 -5230
-5963 -4987 -5233
-5963 -4940 -5253
-5963 -4892 -5269
-5963 -4889 -5272
-5963 -4867 -5280
-5963 -4777 -5299
-5962 -5395 -4723
-5962 -5348 -4847
-5962 -5343 -4870
-5962 -5286 -4947
-5962 -5278 -4952
-5962 -5260 -4976
-5962 -5258 -4986
-5962 -5224 -5034
-5962 -5210 -5040
-5962 -5205 -5063
-5962 -5174 -5076
-5962 -5163 -5097
-5962 -5093 -5172
-5962 -5062 -5180
-5962 -5051 -5181
-5962 -5033 -5198
-5962 -5012 -5215
-5962 -4989 -5231
-5962 -4960 -5235
-5962 -4943 -5245
-5962 -4855 -5282
-5962 -4851 -5284
-5962 -4806 -5301
-5962 -4773 -5312
-5961 -5420 -4460
-5961 -5419 -4514
-5961 -5417 -4526
-5961 -5414 -4537
-5961 -5407 -4590
-5961 -5400 -4659
-5961 -5395 -4739
-5961 -5349 -4826
-5961 -5279 -4956
-5961 -5277 -4958
-5961 -5275 -4961
-5961 -5269 -4966
-5961 -5265 -4973
-5961 -5262 -4980
-5961 -5213 -5046
-5961 -5172 -5099
-5961 -5156 -5106
-5961 -5140 -5123
-5961 -5129 -5139
-5961 -5048 -5182
-5961 -5047 -5190
-5961 -4991 -5220
-5961 -4960 -5241
-5961 -4910 -5263
-5961 -4840 -5290
-5961 -4808 -5296
-5961 -4790 -5312
-5960 -5423 -4461
-5960 -5416 -4577
-5960 -5407 -4606
-5960 -5400 -4675
-5960 -5271 -4968
-5960 -5259 -4986
-5960 -5226 -5022
-5960 -5225 -5025
-5960 -5207 -5056
-5960 -5183 -5072
-5960 -5179 -5087
-5960 -5159 -5104
-5960 -5048 -5185
-5960 -5031 -5205
-5960 -4975 -5241
-5960 -4971 -5243
-5960 -4853 -5285
-5960 -4651 -5329
-5959 -5416 -4593
-5959 -5407 -4620
-5959 -5381 -4752
-5959 -5377 -4760
-5959 -5371 -4782
-5959 -5296 -4938
-5959 -5280 -4963
-5959 -5276 -4966
-5959 -5253 -4996
-5959 -5227 -5033
-5959 -5216 -5051
-5959 -5203 -5066
-5959 -5188 -5080
-5959 -5159 -5111
-5959 -5143 -5128
-5959 -5062 -5185
-5959 -4991 -5221
-5959 -4964 -5246
-5959 -4957 -5251
-5959 -4913 -5261
-5959 -4883 -5273
-5959 -4869 -5275
-5959 -4865 -5282
-5959 -4837 -5300
-5958 -5422 -4467
-5958 -5402 -4655
-5958 -5371 -4798
-5958 -5346 -4848
-5958 -5285 -4948
-5958 -5283 -4966
-5958 -5266 -4971
-5958 -5263 -4987
-5958 -5262 -4991
-5958 -5257 -4992
-5958 -5256 -4999
-5958 -5236 -5015
-5958 -5179 -5097
-5958 -5144 -5120
-5958 -5081 -5184
-5958 -5037 -5197
-5958 -5007 -5220
-5958 -4984 -5236
-5958 -4944 -5253
-5958 -4934 -5258
-5958 -4792 -5302
-5957 -5412 -4604
-5957 -5408 -4628
-5957 -5396 -4695
-5957 -5377 -4763
-5957 -5373 -4775
-5957 -5365 -4800
-5957 -5316 -4916
-5957 -5292 -4948
-5957 -5280 -4975
-5957 -5272 -4982
-5957 -5242 -5008
-5957 -5234 -5028
-5957 -5218 -5045
-5957 -5200 -5076
-5957 -5182 -5086
-5957 -5051 -5196
-5957 -5038 -5209
-5957 -4930 -5261
-5957 -4842 -5287
-5957 -4804 -5302
-5957 -4661 -5339
-5956 -5431 -4449
-5956 -5421 -4470
-5956 -5420 -4571
-5956 -5408 -4644
-5956 -5402 -4678
-5956 -5397 -4690
-5956 -5355 -4815
-5956 -5353 -4819
-5956 -5351 -4821
-5956 -5303 -4928
-5956 -5291 -4953
-5956 -5289 -4970
-5956 -5286 -4971
-5956 -5250 -5003
-5956 -5246 -5011
-5956 -5237 -5021
-5956 -5227 -5040
-5956 -5099 -5160
-5956 -5004 -5225
-5956 -4941 -5255
-5956 -4933 -5260
-5956 -4925 -5270
-5956 -4913 -5278
-5956 -4768 -5315
-5955 -5417 -4587
-5955 -5415 -4607
-5955 -5412 -4627
-5955 -5405 -4650
-5955 -5356 -4831
-5955 -5353 -4837
-5955 -5299 -4932
-5955 -5295 -4953
-5955 -5283 -4980
-5955 -5259 -4998
-5955 -5210 -5059
-5955 -5202 -5067
-5955 -5180 -5089
-5955 -5178 -5100
-5955 -5055 -5190
-5955 -5040 -5198
-5955 -5018 -5215
-5955 -5006 -5223
-5955 -4880 -5284
-5955 -4847 -5291
-5955 -4801 -5312
-5955 -4745 -5318
-5954 -5426 -4451
-5954 -5421 -4480
-5954 -5417 -4603
-5954 -5406 -4649
-5954 -5398 -4682
-5954 -5379 -4766
-5954 -5369 -4826
-5954 -5359 -4832
-5954 -5326 -4897
-5954 -5306 -4933
-5954 -5292 -4975
-5954 -5270 -4991
-5954 -5187 -5095
-5954 -5167 -5116
-5954 -5107 -5154
-5954 -5019 -5222
-5954 -4988 -5243
-5954 -4961 -5248
-5954 -4938 -5265
-5954 -4807 -5304
-5954 -4783 -5313
-5954 -4674 -5321
-5953 -5421 -4519
-5953 -5386 -4743
-5953 -5382 -4756
-5953 -5378 -4808
-5953 -5359 -4836
-5953 -5344 -4851
-5953 -5335 -4885
-5953 -5279 -4986
-5953 -5249 -5010
-5953 -5228 -5033
-5953 -5196 -5079
-5953 -5181 -5105
-5953 -5122 -5140
-5953 -5102 -5161
-5953 -5053 -5211
-5953 -4972 -5254
-5953 -4885 -5279
-5953 -4703 -5324
-5953 -4687 -5339
-5952 -5422 -4529
-5952 -5421 -4535
-5952 -5409 -4628
-5952 -5398 -4683
-5952 -5396 -4723
-5952 -5386 -4759
-5952 -5344 -4867
-5952 -5332 -4890
-5952 -5308 -4935
-5952 -5297 -4946
-5952 -5268 -4998
-5952 -5257 -5009
-5952 -5239 -5023
-5952 -5229 -5030
-5952 -5225 -5044
-5952 -5190 -5100
-5952 -5127 -5144
-5952 -5103 -5161
-5952 -5023 -5216
-5952 -5018 -5227
-5952 -4992 -5232
-5952 -4858 -5288
-5952 -4854 -5292
-5952 -4704 -5321
-5951 -5422 -4542
-5951 -5416 -4615
-5951 -5414 -4620
-5951 -5413 -4667
-5951 -5349 -4846
-5951 -5341 -4872
-5951 -5335 -4891
-5951 -5317 -4917
-5951 -5311 -4928
-5951 -5306 -4941
-5951 -5294 -4957
-5951 -5277 -4993
-5951 -5248 -5021
-5951 -5240 -5026
-5951 -5234 -5039
-5951 -5219 -5045
-5951 -5218 -5046
-5951 -5151 -5120
-5951 -5139 -5137
-5951 -5136 -5139
-5951 -5109 -5155
-5951 -5098 -5162
-5951 -5097 -5164
-5951 -5076 -5186
-5951 -5062 -5194
-5951 -5049 -5212
-5951 -5028 -5213
-5951 -5027 -5214
-5951 -5001 -5228
-5951 -4993 -5229
-5951 -4884 -5282
-5951 -4877 -5287
-5951 -4874 -5290
-5951 -4862 -5298
-5951 -4859 -5301
-5951 -4754 -5326
-5951 -4643 -5341
-5950 -5430 -4477
-5950 -5428 -4576
-5950 -5418 -4603
-5950 -5401 -4709
-5950 -5361 -4830
-5950 -5358 -4843
-5950 -5344 -4873
-5950 -5335 -4895
-5950 -5328 -4897
-5950 -5320 -4910
-5950 -5316 -4919
-5950 -5315 -4931
-5950 -5311 -4944
-5950 -5284 -4988
-5950 -5257 -5016
-5950 -5228 -5040
-5950 -5216 -5066
-5950 -5199 -5078
-5950 -5153 -5126
-5950 -5150 -5128
-5950 -5085 -5181
-5950 -5082 -5185
-5950 -4997 -5229
-5950 -4974 -5244
-5950 -4944 -5259
-5950 -4941 -5262
-5950 -4887 -5283
-5950 -4879 -5285
-5949 -5434 -4521
-5949 -5428 -4592
-5949 -5419 -4594
-5949 -5402 -4681
-5949 -5387 -4771
-5949 -5370 -4809
-5949 -5348 -4853
-5949 -5346 -4866
-5949 -5344 -4877
-5949 -5337 -4879
-5949 -5324 -4913
-5949 -5320 -4926
-5949 -5317 -4927
-5949 -5297 -4955
-5949 -5293 -4983
-5949 -5196 -5081
-5949 -5162 -5121
-5949 -5145 -5129
-5949 -5104 -5159
-5949 -5099 -5164
-5949 -5058 -5198
-5949 -5031 -5218
-5949 -4942 -5262
-5949 -4906 -5285
-5949 -4871 -5300
-5949 -4863 -5306
-5949 -4859 -5308
-5949 -4856 -5311
-5949 -4784 -5313
-5949 -4780 -5315
-5948 -5416 -4616
-5948 -5414 -4642
-5948 -5397 -4720
-5948 -5390 -4772
-5948 -5387 -4787
-5948 -5370 -4825
-5948 -5354 -4854
-5948 -5352 -4856
-5948 -5304 -4950
-5948 -5243 -5023
-5948 -5239 -5029
-5948 -5227 -5042
-5948 -5220 -5045
-5948 -5209 -5069
-5948 -5205 -5076
-5948 -5171 -5107
-5948 -5118 -5163
-5948 -5099 -5165
-5948 -5095 -5173
-5948 -5067 -5193
-5948 -4995 -5233
-5948 -4980 -5244
-5948 -4950 -5256
-5948 -4735 -5328
-5948 -4718 -5331
-5948 -4714 -5333
-5947 -5435 -4430
-5947 -5430 -4532
-5947 -5420 -4599
-5947 -5416 -4632
-5947 -5414 -4658
-5947 -5397 -4736
-5947 -5392 -4750
-5947 -5390 -4788
-5947 -5379 -4807
-5947 -5374 -4811
-5947 -5366 -4828
-5947 -5363 -4836
-5947 -5361 -4838
-5947 -5358 -4866
-5947 -5343 -4879
-5947 -5337 -4889
-5947 -5313 -4945
-5947 -5248 -5024
-5947 -5236 -5037
-5947 -5228 -5045
-5947 -5219 -5065
-5947 -5132 -5140
-5947 -5127 -5149
-5947 -5075 -5196
-5947 -5005 -5235
-5947 -4989 -5250
-5947 -4955 -5257
-5947 -4946 -5259
-5947 -4936 -5266
-5947 -4776 -5320
-5947 -4702 -5342
-5946 -5435 -4446
-5946 -5430 -4548
-5946 -5417 -4613
-5946 -5404 -4671
-5946 -5403 -4678
-5946 -5402 -4682
-5946 -5367 -4848
-5946 -5342 -4894
-5946 -5328 -4899
-5946 -5323 -4914
-5946 -5259 -5003
-5946 -5242 -5034
-5946 -5228 -5047
-5946 -5227 -5048
-5946 -5193 -5084
-5946 -5141 -5135
-5946 -5138 -5151
-5946 -5097 -5173
-5946 -5058 -5206
-5946 -5008 -5228
-5946 -5003 -5239
-5946 -4970 -5255
-5946 -4967 -5258
-5946 -4908 -5279
-5946 -4878 -5288
-5946 -4794 -5313
-5946 -4782 -5316
-5946 -4715 -5341
-5945 -5433 -4535
-5945 -5407 -4685
-5945 -5402 -4698
-5945 -5351 -4876
-5945 -5346 -4884
-5945 -5332 -4896
-5945 -5328 -4915
-5945 -5316 -4934
-5945 -5262 -5000
-5945 -5251 -5029
-5945 -5242 -5036
-5945 -5230 -5040
-5945 -5202 -5079
-5945 -5196 -5082
-5945 -5147 -5146
-5945 -5042 -5217
-5945 -5039 -5220
-5945 -5021 -5229
-5945 -4928 -5267
-5945 -4924 -5271
-5945 -4892 -5290
-5945 -4771 -5321
-5945 -4749 -5330
-5944 -5435 -4531
-5944 -5405 -4709
-5944 -5400 -4755
-5944 -5398 -4760
-5944 -5337 -4897
-5944 -5325 -4916
-5944 -5271 -4995
-5944 -5251 -5031
-5944 -5234 -5046
-5944 -5226 -5054
-5944 -5223 -5064
-5944 -5191 -5087
-5944 -5166 -5124
-5944 -5125 -5162
-5944 -5093 -5178
-5944 -5066 -5204
-5944 -5025 -5222
-5944 -4995 -5242
-5944 -4876 -5293
-5944 -4860 -5308
-5944 -4787 -5317
-5944 -4733 -5333
-5943 -5438 -4340
-5943 -5437 -4401
-5943 -5411 -4683
-5943 -5410 -4690
-5943 -5398 -4776
-5943 -5372 -4813
-5943 -5331 -4900
-5943 -5273 -4999
-5943 -5265 -5001
-5943 -5260 -5007
-5943 -5243 -5041
-5943 -5240 -5043
-5943 -5224 -5058
-5943 -5200 -5082
-5943 -5175 -5110
-5943 -5102 -5173
-5943 -5099 -5177
-5943 -5091 -5183
-5943 -4960 -5259
-5943 -4957 -5262
-5943 -4927 -5269
-5943 -4924 -5272
-5943 -4919 -5279
-5943 -4907 -5287
-5943 -4829 -5313
-5943 -4813 -5314
-5943 -4794 -5326
-5942 -5437 -4453
-5942 -5419 -4614
-5942 -5415 -4641
-5942 -5407 -4706
-5942 -5403 -4712
-5942 -5340 -4895
-5942 -5282 -4994
-5942 -5261 -5008
-5942 -5249 -5038
-5942 -5242 -5044
-5942 -5229 -5059
-5942 -5220 -5066
-5942 -5029 -5227
-5942 -4991 -5251
-5942 -4953 -5268
-5942 -4938 -5270
-5942 -4923 -5281
-5942 -4888 -5292
-5942 -4880 -5298
-5942 -4873 -5303
-5942 -4809 -5315
-5942 -4730 -5343
-5941 -5434 -4543
-5941 -5432 -4548
-5941 -5428 -4602
-5941 -5420 -4603
-5941 -5419 -4630
-5941 -5415 -4688
-5941 -5406 -4711
-5941 -5403 -4715
-5941 -5384 -4789
-5941 -5374 -4819
-5941 -5266 -5005
-5941 -5258 -5014
-5941 -5256 -5033
-5941 -5229 -5061
-5941 -5198 -5094
-5941 -5190 -5102
-5941 -5146 -5165
-5941 -5086 -5191
-5941 -5049 -5213
-5941 -5043 -5215
-5941 -5036 -5231
-5941 -4926 -5274
-5941 -4918 -5282
-5941 -4831 -5319
-5941 -4807 -5321
-5941 -4791 -5336
-5940 -5429 -4576
-5940 -5422 -4605
-5940 -5420 -4619
-5940 -5415 -4704
-5940 -5406 -4727
-5940 -5381 -4790
-5940 -5374 -4835
-5940 -5335 -4902
-5940 -5302 -4956
-5940 -5294 -4967
-5940 -5269 -5000
-5940 -5266 -5011
-5940 -5265 -5028
-5940 -5245 -5049
-5940 -5206 -5073
-5940 -5189 -5107
-5940 -5175 -5114
-5940 -5160 -5128
-5940 -5103 -5169
-5940 -5018 -5234
-5940 -4955 -5263
-5940 -4939 -5278
-5940 -4927 -5286
-5940 -4687 -5344
-5939 -5446 -4520
-5939 -5431 -4563
-5939 -5422 -4621
-5939 -5416 -4642
-5939 -5406 -4731
-5939 -5398 -4779
-5939 -5387 -4794
-5939 -5380 -4800
-5939 -5343 -4888
-5939 -5315 -4936
-5939 -5276 -4995
-5939 -5275 -5006
-5939 -5215 -5068
-5939 -5214 -5070
-5939 -5211 -5074
-5939 -5184 -5109
-5939 -5169 -5123
-5939 -5152 -5133
-5939 -5100 -5174
-5939 -5090 -5196
-5939 -5012 -5236
-5939 -5008 -5241
-5939 -4971 -5257
-5939 -4955 -5272
-5939 -4885 -5294
-5939 -4659 -5345
-5938 -5417 -4633
-5938 -5402 -4738
-5938 -5401 -4766
-5938 -5348 -4883
-5938 -5330 -4911
-5938 -5309 -4946
-5938 -5294 -4969
-5938 -5285 -4990
-5938 -5220 -5069
-5938 -5208 -5075
-5938 -5200 -5090
-5938 -5192 -5112
-5938 -5155 -5130
-5938 -5151 -5140
-5938 -5111 -5169
-5938 -5056 -5212
-5938 -5043 -5221
-5938 -4992 -5247
-5938 -4984 -5256
-5938 -4941 -5280
-5937 -5435 -4534
-5937 -5434 -4560
-5937 -5432 -4586
-5937 -5425 -4617
-5937 -5420 -4624
-5937 -5419 -4670
-5937 -5409 -4717
-5937 -5381 -4820
-5937 -5359 -4850
-5937 -5347 -4888
-5937 -5329 -4923
-5937 -5318 -4941
-5937 -5303 -4964
-5937 -5295 -4968
-5937 -5278 -4997
-5937 -5237 -5050
-5937 -5217 -5070
-5937 -5197 -5113
-5937 -5171 -5117
-5937 -5149 -5143
-5937 -5058 -5210
-5937 -5018 -5245
-5937 -4972 -5265
-5937 -4968 -5267
-5937 -4933 -5284
-5937 -4897 -5302
-5937 -4616 -5346
-5936 -5433 -4623
-5936 -5425 -4671
-5936 -5414 -4717
-5936 -5382 -4803
-5936 -5368 -4848
-5936 -5350 -4877
-5936 -5338 -4905
-5936 -5336 -4907
-5936 -5320 -4940
-5936 -5305 -4953
-5936 -5287 -4992
-5936 -5271 -5012
-5936 -5246 -5045
-5936 -5212 -5074
-5936 -5211 -5076
-5936 -5178 -5114
-5936 -5175 -5130
-5936 -5110 -5183
-5936 -5095 -5185
-5936 -5024 -5232
-5936 -4912 -5288
-5936 -4900 -5294
-5936 -4857 -5315
-5936 -4835 -5316
-5936 -4815 -5324
-5936 -4801 -5327
-5936 -4792 -5337
-5936 -4788 -5339
-5936 -4785 -5342
-5936 -4695 -5348
-5935 -5418 -4676
-5935 -5416 -4698
-5935 -5345 -4889
-5935 -5332 -4911
-5935 -5329 -4935
-5935 -5314 -4948
-5935 -5305 -4957
-5935 -5277 -4998
-5935 -5273 -5013
-5935 -5252 -5047
-5935 -5228 -5062
-5935 -5220 -5071
-5935 -5217 -5075
-5935 -5206 -5091
-5935 -5184 -5125
-5935 -5119 -5167
-5935 -5116 -5170
-5935 -5112 -5172
-5935 -5068 -5203
-5935 -5059 -5208
-5935 -5019 -5253
-5935 -4964 -5268
-5935 -4926 -5290
-5934 -5442 -4552
-5934 -5426 -4642
-5934 -5416 -4714
-5934 -5403 -4737
-5934 -5402 -4757
-5934 -5387 -4796
-5934 -5385 -4808
-5934 -5370 -4837
-5934 -5361 -4857
-5934 -5357 -4879
-5934 -5335 -4924
-5934 -5314 -4952
-5934 -5308 -4958
-5934 -5296 -4968
-5934 -5287 -5002
-5934 -5278 -5008
-5934 -5261 -5029
-5934 -5242 -5060
-5934 -5215 -5086
-5934 -5207 -5094
-5934 -5154 -5136
-5934 -5096 -5193
-5934 -5060 -5207
-5934 -5049 -5215
-5934 -5046 -5218
-5934 -5021 -5242
-5934 -4946 -5273
-5934 -4942 -5275
-5934 -4873 -5304
-5934 -4805 -5332
-5934 -4741 -5343
-5934 -4696 -5351
-5933 -5427 -4658
-5933 -5404 -4744
-5933 -5394 -4804
-5933 -5370 -4839
-5933 -5369 -4846
-5933 -5360 -4858
-5933 -5344 -4906
-5933 -5337 -4910
-5933 -5326 -4936
-5933 -5317 -4953
-5933 -5296 -4984
-5933 -5287 -5003
-5933 -5254 -5039
-5933 -5224 -5063
-5933 -5220 -5076
-5933 -5212 -5089
-5933 -5207 -5100
-5933 -5154 -5138
-5933 -5112 -5173
-5933 -5066 -5207
-5933 -5062 -5209
-5933 -5047 -5218
-5933 -5046 -5222
-5933 -4990 -5258
-5933 -4817 -5322
-5933 -4814 -5325
-5933 -4714 -5344
-5933 -4702 -5349
-5932 -5438 -4562
-5932 -5412 -4720
-5932 -5410 -4727
-5932 -5404 -4754
-5932 -5403 -4786
-5932 -5360 -4863
-5932 -5355 -4886
-5932 -5346 -4892
-5932 -5307 -4964
-5932 -5306 -4972
-5932 -5226 -5078
-5932 -5216 -5082
-5932 -5155 -5134
-5932 -5076 -5198
-5932 -5045 -5224
-5932 -4974 -5261
-5932 -4958 -5269
-5932 -4946 -5280
-5932 -4943 -5283
-5932 -4905 -5300
-5932 -4877 -5308
-5932 -4821 -5321
-5932 -4798 -5336
-5932 -4721 -5348
-5931 -5431 -4647
-5931 -5415 -4726
-5931 -5390 -4806
-5931 -5365 -4852
-5931 -5364 -4868
-5931 -5351 -4900
-5931 -5337 -4923
-5931 -5315 -4954
-5931 -5311 -4983
-5931 -5271 -5018
-5931 -5253 -5041
-5931 -5235 -5073
-5931 -5164 -5131
-5931 -5152 -5145
-5931 -5115 -5174
-5931 -5102 -5185
-5931 -5079 -5197
-5931 -5075 -5207
-5931 -5065 -5214
-5931 -4981 -5263
-5931 -4958 -5272
-5931 -4945 -5281
-5931 -4934 -5284
-5931 -4890 -5307
-5931 -4861 -5312
-5931 -4854 -5317
-5931 -4834 -5324
-5931 -4689 -5354
-5930 -5447 -4504
-5930 -5435 -4599
-5930 -5433 -4632
-5930 -5425 -4689
-5930 -5405 -4736
-5930 -5375 -4830
-5930 -5360 -4882
-5930 -5353 -4893
-5930 -5343 -4912
-5930 -5320 -4965
-5930 -5279 -5004
-5930 -5199 -5104
-5930 -5160 -5132
-5930 -5132 -5168
-5930 -5057 -5217
-5930 -5048 -5218
-5930 -5037 -5227
-5930 -5031 -5235
-5930 -4971 -5271
-5930 -4968 -5273
-5930 -4961 -5286
-5930 -4924 -5296
-5930 -4911 -5297
-5930 -4836 -5318
-5930 -4758 -5344
-5930 -4756 -5345
-5929 -5450 -4442
-5929 -5448 -4541
-5929 -5437 -4575
-5929 -5433 -4644
-5929 -5428 -4667
-5929 -5407 -4731
-5929 -5395 -4787
-5929 -5383 -4821
-5929 -5378 -4824
-5929 -5362 -4875
-5929 -5352 -4894
-5929 -5331 -4945
-5929 -5294 -4989
-5929 -5255 -5035
-5929 -5247 -5049
-5929 -5219 -5081
-5929 -5168 -5135
-5929 -5127 -5175
-5929 -5077 -5201
-5929 -5041 -5230
-5929 -5005 -5260
-5929 -4858 -5318
-5929 -4829 -5330
-5929 -4817 -5338
-5929 -4587 -5356
-5928 -5450 -4475
-5928 -5448 -4557
-5928 -5437 -4591
-5928 -5434 -4648
-5928 -5419 -4694
-5928 -5416 -4723
-5928 -5376 -4828
-5928 -5369 -4883
-5928 -5345 -4904
-5928 -5340 -4927
-5928 -5283 -5004
-5928 -5275 -5009
-5928 -5264 -5037
-5928 -5254 -5044
-5928 -5245 -5054
-5928 -5237 -5063
-5928 -5217 -5084
-5928 -5201 -5108
-5928 -5158 -5136
-5928 -5147 -5152
-5928 -5100 -5189
-5928 -5080 -5200
-5928 -5077 -5203
-5928 -5054 -5219
-5928 -5047 -5220
-5928 -5042 -5227
-5928 -5037 -5235
-5928 -5036 -5245
-5928 -4965 -5280
-5928 -4900 -5303
-5928 -4876 -5318
-5928 -4736 -5352
-5928 -4675 -5359
-5927 -5453 -4462
-5927 -5439 -4584
-5927 -5438 -4599
-5927 -5437 -4616
-5927 -5430 -4664
-5927 -5419 -4710
-5927 -5410 -4734
-5927 -5405 -4737
-5927 -5404 -4758
-5927 -5392 -4813
-5927 -5378 -4865
-5927 -5329 -4952
-5927 -5319 -4971
-5927 -5276 -5013
-5927 -5274 -5021
-5927 -5238 -5063
-5927 -5210 -5103
-5927 -5170 -5133
-5927 -5155 -5140
-5927 -5150 -5150
-5927 -5123 -5176
-5927 -5122 -5178
-5927 -5104 -5189
-5927 -5082 -5218
-5927 -5051 -5222
-5927 -5011 -5255
-5927 -4976 -5268
-5927 -4835 -5321
-5927 -4715 -5354
-5927 -4642 -5365
-5926 -5443 -4599
-5926 -5437 -4632
-5926 -5408 -4746
-5926 -5383 -4844
-5926 -5357 -4889
-5926 -5355 -4896
-5926 -5346 -4904
-5926 -5343 -4919
-5926 -5338 -4934
-5926 -5328 -4953
-5926 -5281 -5005
-5926 -5268 -5029
-5926 -5248 -5050
-5926 -5224 -5092
-5926 -5204 -5113
-5926 -5159 -5145
-5926 -5150 -5157
-5926 -5087 -5206
-5926 -5074 -5224
-5926 -5020 -5250
-5926 -4894 -5304
-5926 -4839 -5327
-5925 -5447 -4558
-5925 -5445 -4563
-5925 -5443 -4615
-5925 -5426 -4675
-5925 -5409 -4743
-5925 -5392 -4826
-5925 -5355 -4897
-5925 -5345 -4942
-5925 -5293 -4995
-5925 -5277 -5011
-5925 -5275 -5015
-5925 -5257 -5045
-5925 -5233 -5074
-5925 -5213 -5108
-5925 -5170 -5143
-5925 -5128 -5173
-5925 -5101 -5195
-5925 -5056 -5232
-5925 -5041 -5235
-5925 -4983 -5261
-5925 -4935 -5289
-5925 -4925 -5304
-5925 -4862 -5319
-5925 -4849 -5321
-5925 -4764 -5346
-5925 -4749 -5350
-5925 -4719 -5359
-5925 -4599 -5366
-5924 -5449 -4513
-5924 -5445 -4579
-5924 -5413 -4728
-5924 -5410 -4743
-5924 -5408 -4749
-5924 -5404 -4766
-5924 -5370 -4866
-5924 -5354 -4924
-5924 -5288 -4997
-5924 -5284 -5010
-5924 -5252 -5056
-5924 -5191 -5122
-5924 -5173 -5132
-5924 -5115 -5191
-5924 -5042 -5242
-5924 -5025 -5247
-5924 -4983 -5263
-5924 -4967 -5274
-5924 -4945 -5287
-5924 -4935 -5291
-5924 -4927 -5293
-5924 -4890 -5309
-5924 -4889 -5310
-5924 -4886 -5311
-5924 -4883 -5314
-5924 -4847 -5326
-5924 -4826 -5333
-5924 -4811 -5344
-5924 -4781 -5346
-5924 -4733 -5361
-5923 -5456 -4451
-5923 -5431 -4655
-5923 -5418 -4725
-5923 -5417 -4731
-5923 -5413 -4744
-5923 -5409 -4748
-5923 -5406 -4752
-5923 -5357 -4890
-5923 -5278 -5017
-5923 -5269 -5026
-5923 -5261 -5051
-5923 -5247 -5058
-5923 -5239 -5065
-5923 -5176 -5134
-5923 -5173 -5137
-5923 -5149 -5160
-5923 -5124 -5177
-5923 -5105 -5193
-5923 -5002 -5262
-5923 -4985 -5265
-5923 -4969 -5280
-5923 -4941 -5288
-5923 -4909 -5307
-5923 -4873 -5321
-5923 -4836 -5333
-5923 -4786 -5346
-5923 -4643 -5367
-5923 -4624 -5379
-5922 -5432 -4668
-5922 -5423 -4702
-5922 -5421 -4714
-5922 -5418 -4741
-5922 -5412 -4748
-5922 -5406 -4754
-5922 -5405 -4756
-5922 -5399 -4806
-5922 -5384 -4827
-5922 -5262 -5038
-5922 -5255 -5061
-5922 -5229 -5079
-5922 -5225 -5080
-5922 -5185 -5129
-5922 -5182 -5132
-5922 -5174 -5136
-5922 -5157 -5146
-5922 -5155 -5153
-5922 -5138 -5166
-5922 -5135 -5167
-5922 -5046 -5236
-5922 -5009 -5261
-5922 -4986 -5264
-5922 -4927 -5294
-5922 -4856 -5324
-5922 -4759 -5355
-5922 -4685 -5363
-5921 -5449 -4575
-5921 -5444 -4608
-5921 -5433 -4654
-5921 -5432 -4684
-5921 -5426 -4690
-5921 -5421 -4730
-5921 -5409 -4764
-5921 -5401 -4816
-5921 -5384 -4829
-5921 -5381 -4850
-5921 -5366 -4885
-5921 -5346 -4925
-5921 -5296 -4998
-5921 -5289 -5003
-5921 -5285 -5008
-5921 -5281 -5013
-5921 -5275 -5038
-5921 -5267 -5046
-5921 -5264 -5056
-5921 -5232 -5078
-5921 -5221 -5096
-5921 -5173 -5138
-5921 -5147 -5161
-5921 -5104 -5195
-5921 -5098 -5200
-5921 -5092 -5207
-5921 -5028 -5248
-5921 -5017 -5257
-5921 -4973 -5270
-5921 -4970 -5275
-5921 -4893 -5310
-5921 -4858 -5322
-5921 -4779 -5350
-5921 -4778 -5354
-5921 -4697 -5364
-5920 -5451 -4502
-5920 -5449 -4591
-5920 -5436 -4639
-5920 -5421 -4746
-5920 -5409 -4771
-5920 -5405 -4775
-5920 -5390 -4832
-5920 -5386 -4836
-5920 -5375 -4867
-5920 -5323 -4954
-5920 -5298 -4991
-5920 -5284 -5020
-5920 -5276 -5041
-5920 -5187 -5125
-5920 -5140 -5168
-5920 -5116 -5184
-5920 -5096 -5201
-5920 -5090 -5208
-5920 -5060 -5231
-5920 -4975 -5276
-5920 -4926 -5296
-5920 -4886 -5319
-5920 -4865 -5328
-5920 -4795 -5354
-5920 -4743 -5356
-5919 -5452 -4518
-5919 -5440 -4619
-5919 -5438 -4621
-5919 -5430 -4686
-5919 -5422 -4707
-5919 -5410 -4754
-5919 -5409 -4787
-5919 -5404 -4821
-5919 -5388 -4845
-5919 -5386 -4852
-5919 -5384 -4857
-5919 -5374 -4871
-5919 -5356 -4893
-5919 -5305 -4986
-5919 -5295 -5000
-5919 -5290 -5004
-5919 -5287 -5008
-5919 -5285 -5021
-5919 -5246 -5067
-5919 -5237 -5071
-5919 -5227 -5082
-5919 -5176 -5137
-5919 -5164 -5146
-5919 -5121 -5180
-5919 -5118 -5190
-5919 -5103 -5196
-5919 -5091 -5216
-5919 -5047 -5233
-5919 -5031 -5246
-5919 -4997 -5267
-5919 -4977 -5269
-5919 -4976 -5271
-5919 -4942 -5290
-5919 -4935 -5294
-5919 -4899 -5309
-5919 -4892 -5311
-5919 -4889 -5314
-5919 -4844 -5332
-5919 -4840 -5334
-5919 -4727 -5367
-5918 -5466 -4485
-5918 -5455 -4519
-5918 -5440 -4635
-5918 -5435 -4648
-5918 -5428 -4708
-5918 -5411 -4758
-5918 -5321 -4956
-5918 -5314 -4981
-5918 -5297 -5004
-5918 -5265 -5055
-5918 -5236 -5077
-5918 -5229 -5082
-5918 -5226 -5085
-5918 -5225 -5087
-5918 -5173 -5141
-5918 -5166 -5144
-5918 -5127 -5185
-5918 -5124 -5189
-5918 -4987 -5268
-5918 -4942 -5296
-5918 -4939 -5299
-5918 -4906 -5315
-5918 -4819 -5338
-5918 -4763 -5355
-5918 -4751 -5356
-5918 -4718 -5368
-5917 -5461 -4520
-5917 -5448 -4592
-5917 -5426 -4744
-5917 -5394 -4833
-5917 -5360 -4888
-5917 -5324 -4960
-5917 -5306 -4986
-5917 -5302 -4994
-5917 -5288 -5008
-5917 -5283 -5025
-5917 -5274 -5050
-5917 -5248 -5062
-5917 -5207 -5112
-5917 -5192 -5119
-5917 -5190 -5124
-5917 -5148 -5161
-5917 -5141 -5174
-5917 -5110 -5195
-5917 -5094 -5221
-5917 -5068 -5229
-5917 -5017 -5259
-5917 -4992 -5270
-5917 -4990 -5271
-5917 -4978 -5277
-5917 -4973 -5289
-5917 -4936 -5302
-5917 -4890 -5317
-5917 -4875 -5328
-5917 -4857 -5332
-5917 -4845 -5340
-5916 -5455 -4560
-5916 -5416 -4748
-5916 -5414 -4750
-5916 -5411 -4776
-5916 -5396 -4830
-5916 -5379 -4864
-5916 -5360 -4916
-5916 -5334 -4943
-5916 -5292 -5007
-5916 -5284 -5029
-5916 -5281 -5045
-5916 -5240 -5072
-5916 -5187 -5127
-5916 -5160 -5153
-5916 -5128 -5183
-5916 -5111 -5203
-5916 -5049 -5233
-5916 -5048 -5236
-5916 -5019 -5254
-5916 -5009 -5262
-5916 -4985 -5272
-5916 -4982 -5275
-5916 -4953 -5303
-5916 -4891 -5316
-5916 -4809 -5346
-5916 -4746 -5369
-5915 -5452 -4563
-5915 -5441 -4634
-5915 -5437 -4644
-5915 -5431 -4727
-5915 -5420 -4758
-5915 -5405 -4789
-5915 -5397 -4825
-5915 -5388 -4846
-5915 -5372 -4883
-5915 -5363 -4892
-5915 -5327 -4965
-5915 -5314 -4983
-5915 -5305 -5006
-5915 -5297 -5015
-5915 -5290 -5040
-5915 -5196 -5122
-5915 -5174 -5138
-5915 -5155 -5158
-5915 -5148 -5164
-5915 -5142 -5168
-5915 -5125 -5188
-5915 -5045 -5237
-5915 -5025 -5251
-5915 -4910 -5308
-5915 -4883 -5321
-5915 -4826 -5346
-5915 -4819 -5351
-5915 -4793 -5357
-5914 -5463 -4507
-5914 -5444 -4619
-5914 -5441 -4676
-5914 -5431 -4743
-5914 -5405 -4793
-5914 -5397 -4841
-5914 -5337 -4949
-5914 -5317 -4984
-5914 -5314 -4988
-5914 -5306 -4997
-5914 -5301 -5007
-5914 -5236 -5086
-5914 -5210 -5111
-5914 -5206 -5113
-5914 -5183 -5142
-5914 -5164 -5153
-5914 -5159 -5157
-5914 -5147 -5169
-5914 -5144 -5174
-5914 -5115 -5192
-5914 -5076 -5227
-5914 -5066 -5242
-5914 -5017 -5261
-5914 -4998 -5267
-5914 -4996 -5269
-5914 -4995 -5270
-5914 -4985 -5285
-5914 -4930 -5308
-5914 -4920 -5309
-5914 -4772 -5359
-5913 -5457 -4530
-5913 -5446 -4607
-5913 -5441 -4692
-5913 -5421 -4753
-5913 -5415 -4761
-5913 -5410 -4786
-5913 -5373 -4873
-5913 -5355 -4923
-5913 -5354 -4937
-5913 -5326 -4966
-5913 -5325 -4968
-5913 -5310 -5002
-5913 -5245 -5081
-5913 -5226 -5090
-5913 -5218 -5101
-5913 -5215 -5108
-5913 -5192 -5137
-5913 -5161 -5156
-5913 -5151 -5159
-5913 -5129 -5197
-5913 -5102 -5209
-5913 -5029 -5249
-5913 -5021 -5254
-5913 -5018 -5258
-5913 -4988 -5291
-5913 -4943 -5307
-5913 -4851 -5333
-5913 -4839 -5341
-5913 -4823 -5356
-5912 -5449 -4592
-5912 -5447 -4623
-5912 -5427 -4754
-5912 -5406 -4800
-5912 -5401 -4823
-5912 -5372 -4884
-5912 -5364 -4905
-5912 -5363 -4919
-5912 -5339 -4951
-5912 -5331 -4954
-5912 -5320 -4971
-5912 -5293 -5026
-5912 -5247 -5063
-5912 -5239 -5091
-5912 -5203 -5123
-5912 -5190 -5141
-5912 -5175 -5145
-5912 -5149 -5162
-5912 -5138 -5192
-5912 -5041 -5244
-5912 -5021 -5255
-5912 -5002 -5269
-5912 -4997 -5277
-5912 -4977 -5296
-5912 -4922 -5309
-5912 -4892 -5318
-5912 -4885 -5322
-5912 -4878 -5332
-5912 -4854 -5335
-5912 -4839 -5346
-5912 -4824 -5348
-5911 -5451 -4578
-5911 -5450 -4612
-5911 -5447 -4635
-5911 -5442 -4658
-5911 -5407 -4802
-5911 -5405 -4807
-5911 -5366 -4893
-5911 -5313 -4994
-5911 -5248 -5086
-5911 -5225 -5092
-5911 -5223 -5100
-5911 -5214 -5110
-5911 -5212 -5118
-5911 -5199 -5136
-5911 -5157 -5170
-5911 -5116 -5198
-5911 -5039 -5256
-5911 -5014 -5263
-5911 -5011 -5266
-5911 -5007 -5268
-5911 -4916 -5317
-5911 -4856 -5343
-5911 -4678 -5377
-5910 -5454 -4567
-5910 -5451 -4594
-5910 -5450 -4628
-5910 -5442 -4716
-5910 -5419 -4760
-5910 -5418 -4762
-5910 -5415 -4794
-5910 -5376 -4878
-5910 -5357 -4925
-5910 -5325 -4972
-5910 -5322 -4976
-5910 -5231 -5103
-5910 -5220 -5121
-5910 -5171 -5146
-5910 -5168 -5149
-5910 -5166 -5156
-5910 -5103 -5204
-5910 -5054 -5254
-5910 -5023 -5258
-5910 -5020 -5261
-5910 -5016 -5263
-5910 -4992 -5281
-5910 -4919 -5316
-5910 -4882 -5326
-5910 -4765 -5364
-5910 -4693 -5376
-5909 -5467 -4469
-5909 -5466 -4507
-5909 -5461 -4530
-5909 -5457 -4532
-5909 -5454 -4583
-5909 -5447 -4652
-5909 -5445 -4654
-5909 -5442 -4732
-5909 -5385 -4860
-5909 -5378 -4871
-5909 -5377 -4882
-5909 -5372 -4885
-5909 -5334 -4954
-5909 -5333 -4956
-5909 -5262 -5058
-5909 -5257 -5064
-5909 -5249 -5070
-5909 -5240 -5098
-5909 -5180 -5145
-5909 -5107 -5204
-5909 -5101 -5213
-5909 -5024 -5266
-5909 -4903 -5331
-5909 -4765 -5367
-5909 -4609 -5380
-5908 -5470 -4437
-5908 -5467 -4485
-5908 -5463 -4523
-5908 -5461 -4546
-5908 -5458 -4563
-5908 -5454 -4599
-5908 -5447 -4668
-5908 -5422 -4765
-5908 -5419 -4777
-5908 -5387 -4853
-5908 -5366 -4908
-5908 -5360 -4926
-5908 -5340 -4947
-5908 -5336 -4958
-5908 -5328 -4959
-5908 -5258 -5065
-5908 -5254 -5074
-5908 -5242 -5087
-5908 -5139 -5178
-5908 -5116 -5199
-5908 -5072 -5230
-5908 -4928 -5311
-5908 -4911 -5322
-5908 -4858 -5333
-5908 -4833 -5349
-5908 -4821 -5357
-5908 -4744 -5371
-5908 -4615 -5383
-5907 -5471 -4474
-5907 -5463 -4539
-5907 -5455 -4626
-5907 -5444 -4672
-5907 -5428 -4745
-5907 -5409 -4840
-5907 -5391 -4853
-5907 -5381 -4868
-5907 -5375 -4890
-5907 -5369 -4908
-5907 -5349 -4942
-5907 -5304 -5007
-5907 -5267 -5055
-5907 -5256 -5074
-5907 -5176 -5149
-5907 -5167 -5157
-5907 -5151 -5174
-5907 -5104 -5207
-5907 -5090 -5228
-5907 -5010 -5268
-5907 -5002 -5277
-5907 -4958 -5310
-5907 -4880 -5336
-5907 -4870 -5337
-5907 -4863 -5339
-5907 -4800 -5361
-5907 -4634 -5382
-5906 -5476 -4436
-5906 -5457 -4581
-5906 -5455 -4642
-5906 -5449 -4648
-5906 -5444 -4688
-5906 -5418 -4791
-5906 -5414 -4807
-5906 -5363 -4931
-5906 -5318 -4989
-5906 -5277 -5051
-5906 -5263 -5068
-5906 -5170 -5150
-5906 -5160 -5169
-5906 -5140 -5186
-5906 -5110 -5205
-5906 -5004 -5283
-5906 -4925 -5316
-5906 -4893 -5335
-5906 -4844 -5344
-5906 -4772 -5366
-5906 -4707 -5384
-5905 -5459 -4597
-5905 -5446 -4681
-5905 -5424 -4756
-5905 -5421 -4770
-5905 -5404 -4853
-5905 -5382 -4867
-5905 -5380 -4871
-5905 -5372 -4913
-5905 -5354 -4955
-5905 -5331 -4960
-5905 -5328 -4980
-5905 -5272 -5063
-5905 -5179 -5147
-5905 -5154 -5175
-5905 -5102 -5215
-5905 -5075 -5231
-5905 -5025 -5263
-5905 -5014 -5269
-5905 -4927 -5324
-5905 -4828 -5360
-5905 -4712 -5377
-5904 -5449 -4671
-5904 -5374 -4896
-5904 -5337 -4962
-5904 -5326 -4982
-5904 -5306 -5003
-5904 -5253 -5080
-5904 -5221 -5106
-5904 -5176 -5152
-5904 -5163 -5170
-5904 -5145 -5179
-5904 -5110 -5209
-5904 -5080 -5232
-5904 -5044 -5262
-5904 -5017 -5267
-5904 -4989 -5284
-5904 -4978 -5297
-5904 -4774 -5371
-5904 -4720 -5379
-5904 -4663 -5386
-5904 -4639 -5389
-5903 -5475 -4458
-5903 -5459 -4620
-5903 -5394 -4859
-5903 -5392 -4862
-5903 -5390 -4866
-5903 -5383 -4878
-5903 -5374 -4917
-5903 -5335 -4964
-5903 -5315 -4998
-5903 -5299 -5013
-5903 -5262 -5075
-5903 -5183 -5148
-5903 -5170 -5158
-5903 -5166 -5176
-5903 -5146 -5182
-5903 -5118 -5205
-5903 -5112 -5207
-5903 -5017 -5274
-5903 -5000 -5284
-5903 -4966 -5299
-5903 -4860 -5342
-5903 -4857 -5345
-5903 -4845 -5353
-5903 -4666 -5386
-5903 -4660 -5394
-5902 -5464 -4522
-5902 -5461 -4552
-5902 -5445 -4682
-5902 -5435 -4736
-5902 -5426 -4759
-5902 -5421 -4783
-5902 -5415 -4829
-5902 -5391 -4866
-5902 -5378 -4882
-5902 -5306 -5010
-5902 -5298 -5015
-5902 -5243 -5093
-5902 -5204 -5128
-5902 -5197 -5137
-5902 -5196 -5140
-5902 -5175 -5171
-5902 -5148 -5188
-5902 -5075 -5246
-5902 -5055 -5255
-5902 -4994 -5285
-5902 -4929 -5314
-5902 -4907 -5330
-5902 -4904 -5333
-5902 -4891 -5345
-5902 -4888 -5348
-5902 -4876 -5356
-5902 -4779 -5362
-5902 -4749 -5381
-5901 -5465 -4563
-5901 -5461 -4568
-5901 -5460 -4586
-5901 -5445 -4698
-5901 -5424 -4784
-5901 -5391 -4882
-5901 -5377 -4908
-5901 -5342 -4977
-5901 -5316 -4998
-5901 -5315 -5003
-5901 -5296 -5017
-5901 -5294 -5021
-5901 -5293 -5041
-5901 -5278 -5048
-5901 -5274 -5055
-5901 -5249 -5104
-5901 -5225 -5108
-5901 -5213 -5123
-5901 -5206 -5132
-5901 -5186 -5153
-5901 -5184 -5157
-5901 -5125 -5199
-5901 -5113 -5208
-5901 -5084 -5241
-5901 -4982 -5293
-5901 -4932 -5315
-5901 -4793 -5364
-5901 -4667 -5386
-5900 -5469 -4522
-5900 -5463 -4592
-5900 -5460 -4602
-5900 -5443 -4716
-5900 -5426 -4762
-5900 -5392 -4867
-5900 -5380 -4909
-5900 -5351 -4959
-5900 -5329 -4981
-5900 -5324 -4993
-5900 -5302 -5023
-5900 -5278 -5049
-5900 -5258 -5086
-5900 -5203 -5135
-5900 -5198 -5146
-5900 -5151 -5193
-5900 -5122 -5203
-5900 -5091 -5233
-5900 -4989 -5295
-5900 -4968 -5303
-5900 -4953 -5314
-5900 -4916 -5326
-5900 -4908 -5338
-5900 -4837 -5357
-5900 -4825 -5363
-5900 -4783 -5365
-5900 -4768 -5372
-5900 -4673 -5387
-5899 -5472 -4508
-5899 -5463 -4608
-5899 -5460 -4660
-5899 -5433 -4738
-5899 -5427 -4777
-5899 -5403 -4879
-5899 -5362 -4939
-5899 -5308 -5007
-5899 -5307 -5011
-5899 -5270 -5070
-5899 -5217 -5124
-5899 -5207 -5128
-5899 -5194 -5149
-5899 -5156 -5178
-5899 -5105 -5210
-5899 -5103 -5218
-5899 -5100 -5219
-5899 -5026 -5266
-5899 -5025 -5276
-5899 -5012 -5277
-5899 -4975 -5303
-5899 -4960 -5305
-5899 -4954 -5311
-5899 -4910 -5327
-5899 -4798 -5364
-5899 -4735 -5386
-5898 -5472 -4527
-5898 -5469 -4536
-5898 -5465 -4596
-5898 -5455 -4664
-5898 -5446 -4687
-5898 -5430 -4744
-5898 -5424 -4786
-5898 -5381 -4885
-5898 -5371 -4921
-5898 -5325 -4985
-5898 -5323 -4995
-5898 -5316 -5006
-5898 -5303 -5029
-5898 -5226 -5119
-5898 -5202 -5136
-5898 -5111 -5221
-5898 -5035 -5264
-5898 -5031 -5276
-5898 -5011 -5278
-5898 -4981 -5298
-5898 -4944 -5316
-5898 -4791 -5366
-5898 -4785 -5374
-5898 -4761 -5376
-5897 -5481 -4467
-5897 -5469 -4543
-5897 -5462 -4612
-5897 -5446 -4691
-5897 -5416 -4801
-5897 -5412 -4833
-5897 -5343 -4960
-5897 -5334 -4980
-5897 -5331 -4981
-5897 -5312 -5011
-5897 -5300 -5052
-5897 -5227 -5105
-5897 -5210 -5139
-5897 -5156 -5182
-5897 -5123 -5214
-5897 -5120 -5216
-5897 -5097 -5224
-5897 -5048 -5263
-5897 -5039 -5264
-5897 -5015 -5287
-5897 -5012 -5290
-5897 -4991 -5293
-5897 -4796 -5366
-5896 -5473 -4570
-5896 -5467 -4576
-5896 -5464 -4605
-5896 -5462 -4628
-5896 -5451 -4674
-5896 -5444 -4708
-5896 -5438 -4738
-5896 -5430 -4753
-5896 -5427 -4784
-5896 -5419 -4811
-5896 -5384 -4884
-5896 -5382 -4886
-5896 -5381 -4889
-5896 -5372 -4922
-5896 -5326 -5000
-5896 -5309 -5034
-5896 -5201 -5141
-5896 -5187 -5150
-5896 -5179 -5160
-5896 -5159 -5181
-5896 -4977 -5307
-5896 -4939 -5324
-5896 -4915 -5334
-5896 -4837 -5358
-5896 -4832 -5362
-5896 -4798 -5369
-5896 -4787 -5370
-5896 -4661 -5388
-5895 -5477 -4525
-5895 -5470 -4575
-5895 -5467 -4592
-5895 -5465 -4598
-5895 -5464 -4609
-5895 -5439 -4743
-5895 -5432 -4751
-5895 -5424 -4800
-5895 -5364 -4927
-5895 -5320 -5014
-5895 -5276 -5058
-5895 -5232 -5105
-5895 -5228 -5109
-5895 -5192 -5154
-5895 -5180 -5158
-5895 -5165 -5180
-5895 -5133 -5196
-5895 -5072 -5247
-5895 -5064 -5253
-5895 -5022 -5287
-5895 -4921 -5325
-5895 -4905 -5340
-5895 -4813 -5364
-5895 -4806 -5369
-5895 -4798 -5372
-5895 -4794 -5374
-5895 -4750 -5388
-5894 -5477 -4541
-5894 -5434 -4749
-5894 -5433 -4751
-5894 -5432 -4755
-5894 -5431 -4763
-5894 -5414 -4868
-5894 -5392 -4884
-5894 -5366 -4940
-5894 -5346 -4962
-5894 -5329 -4996
-5894 -5311 -5017
-5894 -5310 -5033
-5894 -5278 -5053
-5894 -5201 -5149
-5894 -5085 -5234
-5894 -4958 -5311
-5894 -4916 -5327
-5894 -4839 -5358
-5894 -4809 -5367
-5894 -4755 -5382
-5893 -5474 -4557
-5893 -5461 -4632
-5893 -5443 -4720
-5893 -5438 -4751
-5893 -5434 -4764
-5893 -5432 -4772
-5893 -5416 -4812
-5893 -5383 -4886
-5893 -5375 -4922
-5893 -5358 -4945
-5893 -5319 -5015
-5893 -5278 -5055
-5893 -5264 -5076
-5893 -5215 -5138
-5893 -5195 -5159
-5893 -5168 -5185
-5893 -5126 -5209
-5893 -5119 -5235
-5893 -5065 -5252
-5893 -5058 -5255
-5893 -5026 -5281
-5893 -4998 -5292
-5893 -4931 -5327
-5893 -4925 -5330
-5893 -4899 -5344
-5893 -4844 -5357
-5893 -4822 -5366
-5893 -4811 -5367
-5893 -4810 -5374
-5893 -4773 -5375
-5893 -4707 -5389
-5893 -4701 -5393
-5892 -5484 -4354
-5892 -5461 -4648
-5892 -5453 -4665
-5892 -5452 -4702
-5892 -5444 -4711
-5892 -5429 -4778
-5892 -5416 -4817
-5892 -5379 -4915
-5892 -5348 -4964
-5892 -5336 -4988
-5892 -5314 -5022
-5892 -5313 -5038
-5892 -5265 -5086
-5892 -5230 -5108
-5892 -5224 -5120
-5892 -5204 -5154
-5892 -5133 -5198
-5892 -5074 -5247
-5892 -5067 -5251
-5892 -5058 -5259
-5892 -5032 -5281
-5892 -4992 -5295
-5892 -4935 -5326
-5892 -4917 -5331
-5892 -4773 -5376
-5892 -4757 -5391
-5892 -4610 -5396
-5891 -5479 -4496
-5891 -5470 -4581
-5891 -5453 -4666
-5891 -5447 -4710
-5891 -5444 -4727
-5891 -5433 -4773
-5891 -5429 -4794
-5891 -5388 -4897
-5891 -5345 -4970
-5891 -5323 -5004
-5891 -5322 -5020
-5891 -5276 -5059
-5891 -5274 -5068
-5891 -5229 -5109
-5891 -5178 -5162
-5891 -5129 -5202
-5891 -5063 -5266
-5891 -5038 -5268
-5891 -4980 -5306
-5891 -4963 -5311
-5891 -4941 -5320
-5891 -4937 -5327
-5891 -4882 -5350
-5891 -4818 -5367
-5891 -4815 -5370
-5891 -4803 -5378
-5891 -4686 -5396
-5890 -5478 -4497
-5890 -5468 -4589
-5890 -5465 -4606
-5890 -5453 -4682
-5890 -5447 -4714
-5890 -5440 -4743
-5890 -5435 -4789
-5890 -5422 -4814
-5890 -5416 -4821
-5890 -5375 -4924
-5890 -5368 -4926
-5890 -5339 -4995
-5890 -5285 -5054
-5890 -5279 -5056
-5890 -5252 -5097
-5890 -5230 -5111
-5890 -5180 -5170
-5890 -5169 -5188
-5890 -5140 -5206
-5890 -5096 -5239
-5890 -5088 -5240
-5890 -5029 -5282
-5890 -5018 -5291
-5890 -4986 -5305
-5890 -4945 -5317
-5890 -4914 -5350
-5890 -4844 -5358
-5890 -4774 -5384
-5890 -4566 -5398
-5889 -5481 -4536
-5889 -5471 -4607
-5889 -5462 -4681
-5889 -5450 -4708
-5889 -5440 -4759
-5889 -5425 -4803
-5889 -5415 -4840
-5889 -5348 -4977
-5889 -5285 -5059
-5889 -5246 -5107
-5889 -5230 -5114
-5889 -5220 -5125
-5889 -5216 -5126
-5889 -5189 -5165
-5889 -5176 -5173
-5889 -5144 -5195
-5889 -5126 -5213
-5889 -5004 -5293
-5889 -4966 -5314
-5889 -4957 -5315
-5889 -4955 -5320
-5889 -4923 -5337
-5889 -4916 -5339
-5889 -4889 -5352
-5889 -4837 -5364
-5889 -4821 -5372
-5889 -4805 -5387
-5889 -4723 -5397
-5888 -5487 -4464
-5888 -5473 -4592
-5888 -5464 -4617
-5888 -5462 -4697
-5888 -5450 -4710
-5888 -5448 -4712
-5888 -5445 -4721
-5888 -5443 -4737
-5888 -5425 -4819
-5888 -5421 -4823
-5888 -5419 -4828
-5888 -5360 -4941
-5888 -5359 -4957
-5888 -5321 -5026
-5888 -5277 -5065
-5888 -5274 -5073
-5888 -5266 -5084
-5888 -5255 -5102
-5888 -5226 -5121
-5888 -5223 -5123
-5888 -5148 -5200
-5888 -5083 -5253
-5888 -5068 -5255
-5888 -4972 -5315
-5888 -4943 -5324
-5888 -4862 -5361
-5888 -4678 -5404
-5887 -5490 -4402
-5887 -5488 -4501
-5887 -5477 -4547
-5887 -5476 -4550
-5887 -5466 -4623
-5887 -5454 -4749
-5887 -5445 -4772
-5887 -5398 -4895
-5887 -5385 -4904
-5887 -5383 -4908
-5887 -5368 -4939
-5887 -5363 -4942
-5887 -5349 -4962
-5887 -5341 -4989
-5887 -5330 -5008
-5887 -5286 -5060
-5887 -5275 -5066
-5887 -5262 -5090
-5887 -5236 -5115
-5887 -5233 -5119
-5887 -5206 -5145
-5887 -5174 -5175
-5887 -5157 -5195
-5887 -5131 -5210
-5887 -5089 -5240
-5887 -5085 -5242
-5887 -5041 -5273
-5887 -4993 -5296
-5887 -4961 -5320
-5887 -4947 -5323
-5887 -4924 -5331
-5887 -4916 -5340
-5887 -4881 -5360
-5887 -4837 -5369
-5887 -4754 -5393
-5887 -4724 -5395
-5886 -5488 -4517
-5886 -5480 -4556
-5886 -5477 -4563
-5886 -5456 -4706
-5886 -5374 -4935
-5886 -5363 -4946
-5886 -5276 -5067
-5886 -5238 -5120
-5886 -5220 -5136
-5886 -5128 -5218
-5886 -5078 -5258
-5886 -5069 -5263
-5886 -5004 -5294
-5886 -4996 -5301
-5886 -4993 -5304
-5886 -4981 -5312
-5886 -4854 -5370
-5886 -4809 -5383
-5885 -5483 -4526
-5885 -5475 -4591
-5885 -5472 -4622
-5885 -5463 -4639
-5885 -5441 -4778
-5885 -5439 -4785
-5885 -5435 -4798
-5885 -5428 -4813
-5885 -5427 -4822
-5885 -5388 -4909
-5885 -5386 -4913
-5885 -5381 -4914
-5885 -5358 -4959
-5885 -5356 -4963
-5885 -5350 -4984
-5885 -5282 -5078
-5885 -5273 -5082
-5885 -5240 -5113
-5885 -5225 -5125
-5885 -5221 -5130
-5885 -5175 -5177
-5885 -5135 -5215
-5885 -5132 -5218
-5885 -5085 -5243
-5885 -5045 -5267
-5885 -4982 -5309
-5885 -4963 -5328
-5885 -4830 -5373
-5885 -4658 -5413
-5884 -5483 -4542
-5884 -5463 -4653
-5884 -5418 -4834
-5884 -5367 -4941
-5884 -5359 -4966
-5884 -5294 -5061
-5884 -5285 -5063
-5884 -5239 -5114
-5884 -5207 -5148
-5884 -5171 -5182
-5884 -5144 -5210
-5884 -5141 -5213
-5884 -5034 -5276
-5884 -5013 -5294
-5884 -4999 -5301
-5884 -4954 -5329
-5884 -4947 -5331
-5884 -4930 -5334
-5884 -4922 -5344
-5884 -4910 -5352
-5884 -4832 -5378
-5883 -5492 -4485
-5883 -5463 -4665
-5883 -5432 -4812
-5883 -5418 -4839
-5883 -5378 -4921
-5883 -5376 -4925
-5883 -5370 -4946
-5883 -5366 -4947
-5883 -5303 -5043
-5883 -5284 -5067
-5883 -5272 -5091
-5883 -5257 -5098
-5883 -5227 -5123
-5883 -5213 -5140
-5883 -5211 -5142
-5883 -5182 -5168
-5883 -5180 -5177
-5883 -5160 -5191
-5883 -5120 -5219
-5883 -5048 -5277
-5883 -5003 -5297
-5883 -4971 -5316
-5883 -4932 -5332
-5883 -4931 -5342
-5883 -4816 -5384
-5883 -4687 -5403
-5882 -5492 -4501
-5882 -5479 -4576
-5882 -5468 -4637
-5882 -5464 -4652
-5882 -5455 -4721
-5882 -5429 -4828
-5882 -5415 -4844
-5882 -5404 -4872
-5882 -5391 -4921
-5882 -5379 -4928
-5882 -5376 -4929
-5882 -5375 -4935
-5882 -5281 -5086
-5882 -5266 -5093
-5882 -5230 -5123
-5882 -5222 -5135
-5882 -5199 -5155
-5882 -5198 -5159
-5882 -5184 -5169
-5882 -5149 -5199
-5882 -5100 -5237
-5882 -5087 -5242
-5882 -5049 -5270
-5882 -5019 -5292
-5882 -5007 -5300
-5882 -4984 -5313
-5882 -4944 -5341
-5882 -4878 -5363
-5882 -4875 -5366
-5882 -4849 -5375
-5882 -4718 -5401
-5882 -4694 -5403
-5881 -5465 -4638
-5881 -5459 -4709
-5881 -5416 -4844
-5881 -5363 -4948
-5881 -5342 -4997
-5881 -5324 -5015
-5881 -5311 -5040
-5881 -5243 -5113
-5881 -5226 -5125
-5881 -5215 -5141
-5881 -5212 -5148
-5881 -5186 -5173
-5881 -5178 -5179
-5881 -5100 -5245
-5881 -5050 -5271
-5881 -4997 -5311
-5881 -4978 -5330
-5881 -4765 -5390
-5881 -4727 -5399
-5881 -4684 -5413
-5880 -5468 -4642
-5880 -5465 -4659
-5880 -5459 -4713
-5880 -5443 -4789
-5880 -5416 -4860
-5880 -5411 -4883
-5880 -5402 -4886
-5880 -5394 -4898
-5880 -5354 -4972
-5880 -5351 -4979
-5880 -5334 -5006
-5880 -5301 -5048
-5880 -5290 -5064
-5880 -5258 -5096
-5880 -5229 -5126
-5880 -5224 -5136
-5880 -5187 -5174
-5880 -5120 -5222
-5880 -5073 -5259
-5880 -5020 -5290
-5880 -5015 -5301
-5880 -5006 -5306
-5880 -4917 -5351
-5880 -4883 -5358
-5880 -4862 -5370
-5880 -4783 -5393
-5880 -4740 -5398
-5880 -4735 -5399
-5879 -5496 -4421
-5879 -5489 -4535
-5879 -5477 -4611
-5879 -5468 -4658
-5879 -5463 -4681
-5879 -5405 -4887
-5879 -5362 -4959
-5879 -5351 -4994
-5879 -5284 -5072
-5879 -5233 -5131
-5879 -5123 -5220
-5879 -5077 -5259
-5879 -5073 -5260
-5879 -5059 -5268
-5879 -5053 -5270
-5879 -5046 -5286
-5879 -5042 -5288
-5879 -4859 -5372
-5879 -4856 -5375
-5879 -4640 -5415
-5878 -5489 -4551
-5878 -5480 -4625
-5878 -5468 -4694
-5878 -5457 -4740
-5878 -5447 -4753
-5878 -5422 -4848
-5878 -5416 -4862
-5878 -5372 -4936
-5878 -5371 -4941
-5878 -5360 -4976
-5878 -5357 -4977
-5878 -5334 -5011
-5878 -5293 -5069
-5878 -5249 -5107
-5878 -5246 -5112
-5878 -5234 -5123
-5878 -5197 -5162
-5878 -5177 -5183
-5878 -5150 -5200
-5878 -5149 -5210
-5878 -5123 -5227
-5878 -5091 -5248
-5878 -5082 -5255
-5878 -5079 -5259
-5878 -4894 -5356
-5878 -4892 -5358
-5878 -4784 -5391
-5878 -4748 -5394
-5878 -4732 -5409
-5877 -5495 -4433
-5877 -5480 -4637
-5877 -5475 -4660
-5877 -5472 -4677
-5877 -5463 -4700
-5877 -5437 -4799
-5877 -5427 -4837
-5877 -5400 -4890
-5877 -5392 -4906
-5877 -5381 -4924
-5877 -5363 -4950
-5877 -5310 -5051
-5877 -5251 -5108
-5877 -5249 -5119
-5877 -5222 -5149
-5877 -5211 -5167
-5877 -5186 -5178
-5877 -5160 -5193
-5877 -5159 -5195
-5877 -5158 -5205
-5877 -5143 -5213
-5877 -4908 -5359
-5877 -4893 -5361
-5877 -4860 -5380
-5877 -4843 -5381
-5877 -4819 -5383
-5877 -4751 -5399
-5876 -5506 -4445
-5876 -5485 -4588
-5876 -5481 -4601
-5876 -5477 -4653
-5876 -5472 -4693
-5876 -5466 -4699
-5876 -5463 -4716
-5876 -5458 -4720
-5876 -5430 -4838
-5876 -5401 -4888
-5876 -5397 -4901
-5876 -5377 -4939
-5876 -5354 -4982
-5876 -5337 -5016
-5876 -5322 -5029
-5876 -5319 -5033
-5876 -5258 -5103
-5876 -5253 -5104
-5876 -5236 -5125
-5876 -5231 -5144
-5876 -5115 -5237
-5876 -5105 -5241
-5876 -5092 -5247
-5876 -5088 -5261
-5876 -5066 -5267
-5876 -5032 -5292
-5876 -5015 -5312
-5876 -4941 -5344
-5876 -4795 -5388
-5876 -4688 -5411
-5875 -5490 -4550
-5875 -5487 -4602
-5875 -5485 -4604
-5875 -5449 -4778
-5875 -5437 -4801
-5875 -5385 -4934
-5875 -5363 -4955
-5875 -5346 -4998
-5875 -5298 -5054
-5875 -5267 -5098
-5875 -5256 -5105
-5875 -5245 -5120
-5875 -5239 -5124
-5875 -5165 -5195
-5875 -5124 -5223
-5875 -5097 -5247
-5875 -5078 -5263
-5875 -4980 -5317
-5875 -4960 -5331
-5875 -4866 -5371
-5875 -4816 -5393
-5875 -4736 -5405
-5875 -4699 -5416
-5874 -5494 -4485
-5874 -5492 -4511
-5874 -5490 -4566
-5874 -5459 -4727
-5874 -5433 -4809
-5874 -5403 -4896
-5874 -5393 -4911
-5874 -5375 -4953
-5874 -5368 -4965
-5874 -5357 -4983
-5874 -5312 -5041
-5874 -5301 -5056
-5874 -5192 -5171
-5874 -5185 -5185
-5874 -5174 -5187
-5874 -5168 -5190
-5874 -5128 -5223
-5874 -5089 -5255
-5874 -5074 -5266
-5874 -5053 -5274
-5874 -5017 -5295
-5874 -4990 -5314
-5874 -4979 -5321
-5874 -4964 -5332
-5874 -4947 -5339
-5874 -4707 -5411
-5873 -5473 -4668
-5873 -5460 -4718
-5873 -5456 -4741
-5873 -5449 -4798
-5873 -5440 -4805
-5873 -5434 -4833
-5873 -5421 -4850
-5873 -5406 -4897
-5873 -5377 -4947
-5873 -5363 -4966
-5873 -5323 -5019
-5873 -5318 -5034
-5873 -5311 -5045
-5873 -5268 -5097
-5873 -5255 -5114
-5873 -5241 -5128
-5873 -5221 -5154
-5873 -5195 -5179
-5873 -5194 -5180
-5873 -5146 -5214
-5873 -5120 -5231
-5873 -5088 -5266
-5873 -5060 -5276
-5873 -5032 -5293
-5873 -5018 -5298
-5873 -4990 -5327
-5873 -4956 -5334
-5873 -4925 -5345
-5873 -4768 -5395
-5873 -4763 -5401
-5873 -4738 -5414
-5872 -5476 -4657
-5872 -5450 -4753
-5872 -5440 -4821
-5872 -5438 -4826
-5872 -5395 -4915
-5872 -5383 -4935
-5872 -5362 -4970
-5872 -5360 -4988
-5872 -5345 -5001
-5872 -5315 -5046
-5872 -5294 -5063
-5872 -5263 -5109
-5872 -5250 -5123
-5872 -5240 -5132
-5872 -5204 -5174
-5872 -5166 -5191
-5872 -5137 -5216
-5872 -5122 -5236
-5872 -5090 -5252
-5872 -5063 -5278
-5872 -5034 -5291
-5872 -5027 -5297
-5872 -4996 -5316
-5872 -4993 -5319
-5872 -4948 -5346
-5872 -4912 -5356
-5872 -4873 -5367
-5872 -4869 -5374
-5872 -4857 -5382
-5872 -4743 -5406
-5871 -5454 -4756
-5871 -5450 -4769
-5871 -5446 -4821
-5871 -5436 -4827
-5871 -5392 -4917
-5871 -5369 -4970
-5871 -5351 -5012
-5871 -5324 -5028
-5871 -5317 -5049
-5871 -5303 -5058
-5871 -5302 -5062
-5871 -5249 -5127
-5871 -5244 -5133
-5871 -5152 -5209
-5871 -5138 -5217
-5871 -5136 -5225
-5871 -5099 -5247
-5871 -5096 -5251
-5871 -5071 -5268
-5871 -5064 -5273
-5871 -5054 -5288
-5871 -4957 -5333
-5871 -4954 -5336
-5871 -4890 -5364
-5871 -4842 -5386
-5871 -4826 -5387
-5871 -4791 -5400
-5871 -4761 -5409
-5871 -4687 -5420
-5870 -5495 -4500
-5870 -5488 -4574
-5870 -5464 -4700
-5870 -5461 -4717
-5870 -5454 -4772
-5870 -5436 -4831
-5870 -5424 -4839
-5870 -5418 -4852
-5870 -5412 -4880
-5870 -5398 -4906
-5870 -5383 -4941
-5870 -5377 -4948
-5870 -5363 -4975
-5870 -5326 -5031
-5870 -5287 -5075
-5870 -5273 -5087
-5870 -5258 -5113
-5870 -5253 -5128
-5870 -5232 -5138
-5870 -5161 -5204
-5870 -5153 -5206
-5870 -5145 -5220
-5870 -5110 -5238
-5870 -5109 -5241
-5870 -5098 -5259
-5870 -5073 -5268
-5870 -5063 -5283
-5870 -5037 -5289
-5870 -4925 -5351
-5870 -4877 -5372
-5870 -4861 -5385
-5870 -4704 -5420
-5869 -5492 -4562
-5869 -5481 -4609
-5869 -5464 -4702
-5869 -5461 -4733
-5869 -5457 -4786
-5869 -5414 -4885
-5869 -5386 -4930
-5869 -5374 -4954
-5869 -5372 -4957
-5869 -5371 -4974
-5869 -5334 -5017
-5869 -5306 -5056
-5869 -5299 -5064
-5869 -5296 -5070
-5869 -5289 -5075
-5869 -5272 -5102
-5869 -5182 -5189
-5869 -5112 -5240
-5869 -5099 -5250
-5869 -5038 -5289
-5869 -4965 -5340
-5869 -4951 -5347
-5869 -4915 -5356
-5869 -4796 -5395
-5869 -4793 -5398
-5869 -4774 -5404
-5869 -4710 -5415
-5868 -5486 -4622
-5868 -5481 -4625
-5868 -5477 -4663
-5868 -5465 -4739
-5868 -5427 -4844
-5868 -5424 -4877
-5868 -5412 -4886
-5868 -5403 -4903
-5868 -5397 -4910
-5868 -5388 -4923
-5868 -5386 -4946
-5868 -5345 -5013
-5868 -5323 -5033
-5868 -5313 -5053
-5868 -5303 -5065
-5868 -5284 -5087
-5868 -5274 -5091
-5868 -5255 -5122
-5868 -5240 -5150
-5868 -5168 -5192
-5868 -5114 -5239
-5868 -5101 -5244
-5868 -5041 -5290
-5868 -5027 -5300
-5868 -4907 -5361
-5868 -4694 -5421
-5867 -5507 -4429
-5867 -5493 -4508
-5867 -5487 -4612
-5867 -5486 -4638
-5867 -5477 -4679
-5867 -5435 -4838
-5867 -5425 -4856
-5867 -5412 -4890
-5867 -5400 -4906
-5867 -5392 -4926
-5867 -5388 -4939
-5867 -5378 -4949
-5867 -5374 -4965
-5867 -5361 -4996
-5867 -5359 -5000
-5867 -5339 -5034
-5867 -5322 -5035
-5867 -5313 -5055
-5867 -5312 -5060
-5867 -5293 -5074
-5867 -5288 -5078
-5867 -5279 -5088
-5867 -5276 -5092
-5867 -5263 -5110
-5867 -5249 -5132
-5867 -5215 -5155
-5867 -5205 -5172
-5867 -5169 -5192
-5867 -5148 -5212
-5867 -5137 -5230
-5867 -5110 -5243
-5867 -5016 -5305
-5867 -5015 -5315
-5867 -4968 -5331
-5867 -4952 -5346
-5867 -4913 -5357
-5867 -4897 -5366
-5867 -4818 -5394
-5867 -4791 -5401
-5867 -4777 -5402
-5867 -4620 -5425
-5866 -5507 -4445
-5866 -5496 -4515
-5866 -5495 -4581
-5866 -5490 -4593
-5866 -5487 -4628
-5866 -5467 -4715
-5866 -5458 -4758
-5866 -5447 -4804
-5866 -5438 -4838
-5866 -5406 -4908
-5866 -5394 -4925
-5866 -5370 -4978
-5866 -5348 -5016
-5866 -5326 -5038
-5866 -5321 -5050
-5866 -5297 -5073
-5866 -5290 -5081
-5866 -5261 -5116
-5866 -5164 -5199
-5866 -5157 -5207
-5866 -5156 -5212
-5866 -5117 -5244
-5866 -5103 -5246
-5866 -5069 -5271
-5866 -5064 -5274
-5866 -5044 -5295
-5866 -5031 -5296
-5866 -4938 -5354
-5866 -4911 -5359
-5866 -4871 -5378
-5866 -4788 -5403
-5866 -4785 -5406
-5866 -4626 -5423
-5865 -5505 -4530
-5865 -5503 -4532
-5865 -5495 -4597
-5865 -5482 -4649
-5865 -5473 -4690
-5865 -5471 -4733
-5865 -5447 -4820
-5865 -5441 -4826
-5865 -5431 -4849
-5865 -5429 -4851
-5865 -5400 -4936
-5865 -5381 -4958
-5865 -5379 -4962
-5865 -5362 -5005
-5865 -5311 -5062
-5865 -5304 -5068
-5865 -5294 -5075
-5865 -5282 -5093
-5865 -5265 -5103
-5865 -5264 -5109
-5865 -5241 -5139
-5865 -5214 -5157
-5865 -5194 -5187
-5865 -5170 -5196
-5865 -5165 -5207
-5865 -5155 -5214
-5865 -5151 -5217
-5865 -5102 -5267
-5865 -5065 -5279
-5865 -5049 -5294
-5865 -5028 -5297
-5865 -4991 -5328
-5865 -4969 -5339
-5865 -4930 -5358
-5865 -4894 -5376
-5865 -4821 -5389
-5865 -4777 -5408
-5865 -4649 -5427
-5864 -5505 -4546
-5864 -5500 -4569
-5864 -5461 -4743
-5864 -5452 -4800
-5864 -5435 -4861
-5864 -5432 -4865
-5864 -5390 -4940
-5864 -5313 -5063
-5864 -5291 -5098
-5864 -5218 -5157
-5864 -5213 -5159
-5864 -5212 -5161
-5864 -5201 -5185
-5864 -5176 -5193
-5864 -5169 -5201
-5864 -5164 -5209
-5864 -5160 -5212
-5864 -5111 -5262
-5864 -5035 -5302
-5864 -5021 -5306
-5864 -5018 -5309
-5864 -4999 -5316
-5864 -4909 -5364
-5864 -4868 -5382
-5864 -4837 -5390
-5864 -4822 -5392
-5864 -4805 -5396
-5864 -4804 -5399
-5864 -4789 -5411
-5864 -4692 -5422
-5864 -4668 -5426
-5863 -5491 -4608
-5863 -5488 -4627
-5863 -5465 -4746
-5863 -5461 -4759
-5863 -5435 -4866
-5863 -5419 -4889
-5863 -5382 -4967
-5863 -5340 -5017
-5863 -5327 -5052
-5863 -5300 -5080
-5863 -5257 -5121
-5863 -5251 -5131
-5863 -5221 -5156
-5863 -5215 -5159
-5863 -5185 -5188
-5863 -5178 -5196
-5863 -5125 -5245
-5863 -5086 -5268
-5863 -5077 -5269
-5863 -5072 -5271
-5863 -5066 -5287
-5863 -5027 -5306
-5863 -5012 -5326
-5863 -4914 -5361
-5863 -4889 -5387
-5863 -4803 -5402
-5863 -4751 -5412
-5863 -4646 -5437
-5862 -5508 -4401
-5862 -5491 -4612
-5862 -5488 -4643
-5862 -5478 -4662
-5862 -5473 -4722
-5862 -5467 -4742
-5862 -5462 -4750
-5862 -5446 -4826
-5862 -5423 -4879
-5862 -5409 -4896
-5862 -5405 -4910
-5862 -5369 -4979
-5862 -5307 -5066
-5862 -5268 -5104
-5862 -5267 -5108
-5862 -5260 -5126
-5862 -5215 -5160
-5862 -5171 -5204
-5862 -5152 -5220
-5862 -5134 -5231
-5862 -5125 -5246
-5862 -5068 -5276
-5862 -5051 -5290
-5862 -4982 -5332
-5862 -4948 -5350
-5862 -4941 -5352
-5862 -4906 -5366
-5862 -4901 -5375
-5862 -4836 -5393
-5862 -4782 -5415
-5862 -4738 -5417
-5862 -4665 -5436
-5861 -5494 -4601
-5861 -5482 -4651
-5861 -5480 -4654
-5861 -5475 -4703
-5861 -5474 -4705
-5861 -5464 -4749
-5861 -5408 -4924
-5861 -5301 -5079
-5861 -5262 -5114
-5861 -5213 -5164
-5861 -5180 -5199
-5861 -5176 -5201
-5861 -5161 -5215
-5861 -5153 -5230
-5861 -5129 -5234
-5861 -5083 -5271
-5861 -5080 -5274
-5861 -5069 -5276
-5861 -5043 -5296
-5861 -4979 -5335
-5861 -4971 -5337
-5861 -4968 -5340
-5861 -4955 -5341
-5861 -4909 -5375
-5861 -4764 -5416
-5861 -4728 -5423
-5860 -5506 -4502
-5860 -5483 -4654
-5860 -5479 -4662
-5860 -5475 -4719
-5860 -5464 -4765
-5860 -5455 -4789
-5860 -5413 -4891
-5860 -5411 -4925
-5860 -5389 -4941
-5860 -5275 -5110
-5860 -5254 -5132
-5860 -5223 -5152
-5860 -5222 -5159
-5860 -5182 -5190
-5860 -5130 -5241
-5860 -5112 -5248
-5860 -5089 -5269
-5860 -4918 -5359
-5860 -4895 -5376
-5860 -4819 -5401
-5860 -4621 -5438
-5859 -5479 -4678
-5859 -5427 -4879
-5859 -5417 -4890
-5859 -5306 -5067
-5859 -5304 -5084
-5859 -5263 -5114
-5859 -5256 -5132
-5859 -5214 -5178
-5859 -5145 -5233
-5859 -5077 -5277
-5859 -4984 -5330
-5859 -4978 -5337
-5859 -4955 -5346
-5859 -4942 -5355
-5859 -4913 -5380
-5859 -4831 -5398
-5859 -4817 -5402
-5859 -4798 -5405
-5859 -4686 -5428
-5858 -5509 -4482
-5858 -5492 -4613
-5858 -5490 -4618
-5858 -5483 -4676
-5858 -5480 -4690
-5858 -5475 -4730
-5858 -5465 -4755
-5858 -5460 -4773
-5858 -5387 -4948
-5858 -5376 -4972
-5858 -5333 -5041
-5858 -5329 -5045
-5858 -5318 -5056
-5858 -5313 -5066
-5858 -5265 -5114
-5858 -5263 -5121
-5858 -5223 -5173
-5858 -5154 -5217
-5858 -5133 -5239
-5858 -5112 -5256
-5858 -5068 -5283
-5858 -5052 -5295
-5858 -5038 -5302
-5858 -4986 -5331
-5858 -4970 -5344
-5858 -4961 -5346
-5858 -4958 -5349
-5858 -4956 -5354
-5858 -4932 -5361
-5858 -4915 -5366
-5858 -4836 -5395
-5858 -4771 -5417
-5858 -4758 -5418
-5858 -4753 -5419
-5858 -4732 -5422
-5858 -4697 -5425
-5857 -5511 -4436
-5857 -5495 -4607
-5857 -5490 -4639
-5857 -5483 -4691
-5857 -5453 -4790
-5857 -5450 -4801
-5857 -5449 -4805
-5857 -5441 -4840
-5857 -5413 -4892
-5857 -5385 -4954
-5857 -5343 -5019
-5857 -5342 -5024
-5857 -5322 -5057
-5857 -5308 -5071
-5857 -5277 -5110
-5857 -5269 -5118
-5857 -5262 -5122
-5857 -5226 -5153
-5857 -5185 -5191
-5857 -5183 -5194
-5857 -5165 -5209
-5857 -5075 -5285
-5857 -5061 -5290
-5857 -5047 -5297
-5857 -5042 -5298
-5857 -5034 -5303
-5857 -5032 -5304
-5857 -4998 -5333
-5857 -4977 -5341
-5857 -4860 -5390
-5857 -4855 -5394
-5857 -4826 -5404
-5857 -4814 -5412
-5857 -4790 -5416
-5857 -4696 -5428
-5856 -5505 -4556
-5856 -5501 -4594
-5856 -5491 -4619
-5856 -5484 -4699
-5856 -5475 -4747
-5856 -5466 -4770
-5856 -5451 -4805
-5856 -5419 -4893
-5856 -5416 -4896
-5856 -5403 -4938
-5856 -5316 -5063
-5856 -5278 -5113
-5856 -5251 -5137
-5856 -5228 -5152
-5856 -5203 -5180
-5856 -5182 -5195
-5856 -5118 -5250
-5856 -5087 -5270
-5856 -5083 -5279
-5856 -5039 -5301
-5856 -5024 -5310
-5856 -5017 -5332
-5856 -4986 -5336
-5856 -4979 -5338
-5856 -4962 -5354
-5856 -4925 -5364
-5856 -4877 -5390
-5856 -4680 -5439
-5855 -5506 -4530
-5855 -5502 -4631
-5855 -5491 -4677
-5855 -5484 -4715
-5855 -5412 -4897
-5855 -5386 -4954
-5855 -5371 -4977
-5855 -5363 -4981
-5855 -5331 -5042
-5855 -5311 -5069
-5855 -5269 -5120
-5855 -5265 -5126
-5855 -5224 -5154
-5855 -5191 -5190
-5855 -5188 -5196
-5855 -5156 -5226
-5855 -5139 -5246
-5855 -5120 -5250
-5855 -5119 -5252
-5855 -5091 -5275
-5855 -5079 -5292
-5855 -5048 -5296
-5855 -5025 -5309
-5855 -4918 -5367
-5855 -4891 -5383
-5855 -4864 -5395
-5855 -4846 -5398
-5855 -4715 -5425
-5855 -4712 -5428
-5854 -5509 -4501
-5854 -5493 -4658
-5854 -5476 -4718
-5854 -5474 -4756
-5854 -5470 -4777
-5854 -5463 -4784
-5854 -5448 -4820
-5854 -5377 -4978
-5854 -5365 -4982
-5854 -5318 -5083
-5854 -5295 -5086
-5854 -5274 -5121
-5854 -5197 -5191
-5854 -5176 -5203
-5854 -5168 -5210
-5854 -5165 -5221
-5854 -5148 -5241
-5854 -5034 -5304
-5854 -5027 -5315
-5854 -4890 -5385
-5854 -4874 -5400
-5854 -4747 -5425
-5853 -5516 -4380
-5853 -5515 -4485
-5853 -5493 -4674
-5853 -5488 -4697
-5853 -5453 -4805
-5853 -5451 -4806
-5853 -5450 -4809
-5853 -5442 -4829
-5853 -5414 -4897
-5853 -5413 -4902
-5853 -5397 -4948
-5853 -5395 -4952
-5853 -5364 -4987
-5853 -5352 -5006
-5853 -5342 -5031
-5853 -5334 -5040
-5853 -5327 -5065
-5853 -5284 -5101
-5853 -5271 -5124
-5853 -5252 -5138
-5853 -5234 -5154
-5853 -5222 -5174
-5853 -5174 -5207
-5853 -5157 -5227
-5853 -5154 -5228
-5853 -5124 -5247
-5853 -5098 -5269
-5853 -5038 -5303
-5853 -5035 -5306
-5853 -4935 -5357
-5853 -4926 -5366
-5853 -4919 -5368
-5853 -4716 -5433
-5852 -5516 -4396
-5852 -5506 -4571
-5852 -5496 -4642
-5852 -5494 -4644
-5852 -5455 -4809
-5852 -5453 -4810
-5852 -5449 -4815
-5852 -5439 -4846
-5852 -5424 -4881
-5852 -5406 -4930
-5852 -5351 -5017
-5852 -5293 -5096
-5852 -5280 -5106
-5852 -5273 -5124
-5852 -5242 -5140
-5852 -5231 -5156
-5852 -5205 -5184
-5852 -5189 -5199
-5852 -5171 -5216
-5852 -5162 -5225
-5852 -5107 -5264
-5852 -5089 -5276
-5852 -5063 -5293
-5852 -5047 -5301
-5852 -4967 -5361
-5852 -4940 -5366
-5852 -4895 -5381
-5852 -4823 -5407
-5852 -4816 -5409
-5852 -4808 -5418
-5852 -4778 -5420
-5852 -4687 -5435
-5851 -5507 -4522
-5851 -5503 -4587
-5851 -5481 -4716
-5851 -5476 -4719
-5851 -5458 -4791
-5851 -5450 -4815
-5851 -5447 -4832
-5851 -5446 -4836
-5851 -5438 -4852
-5851 -5430 -4887
-5851 -5412 -4919
-5851 -5385 -4966
-5851 -5382 -4969
-5851 -5372 -4986
-5851 -5368 -4988
-5851 -5364 -4997
-5851 -5355 -5016
-5851 -5344 -5022
-5851 -5299 -5087
-5851 -5284 -5102
-5851 -5282 -5106
-5851 -5270 -5128
-5851 -5244 -5140
-5851 -5224 -5162
-5851 -5198 -5194
-5851 -5172 -5208
-5851 -5129 -5248
-5851 -5117 -5253
-5851 -5031 -5314
-5851 -5025 -5320
-5851 -4999 -5336
-5851 -4998 -5346
-5851 -4919 -5370
-5851 -4915 -5371
-5851 -4882 -5389
-5851 -4879 -5397
-5851 -4621 -5453
-5850 -5510 -4525
-5850 -5506 -4575
-5850 -5503 -4603
-5850 -5482 -4729
-5850 -5471 -4799
-5850 -5431 -4872
-5850 -5417 -4895
-5850 -5414 -4905
-5850 -5385 -4968
-5850 -5364 -4998
-5850 -5328 -5046
-5850 -5296 -5090
-5850 -5280 -5107
-5850 -5279 -5110
-5850 -5272 -5127
-5850 -5248 -5144
-5850 -5243 -5145
-5850 -5233 -5157
-5850 -5204 -5186
-5850 -5185 -5200
-5850 -5182 -5201
-5850 -5178 -5206
-5850 -5126 -5249
-5850 -5123 -5252
-5850 -5043 -5310
-5850 -5034 -5315
-5850 -4968 -5351
-5850 -4834 -5403
-5850 -4818 -5418
-5850 -4718 -5428
-5850 -4691 -5438
-5849 -5510 -4541
-5849 -5491 -4686
-5849 -5480 -4732
-5849 -5452 -4813
-5849 -5437 -4858
-5849 -5432 -4881
-5849 -5405 -4936
-5849 -5369 -4996
-5849 -5363 -5004
-5849 -5345 -5021
-5849 -5343 -5029
-5849 -5330 -5043
-5849 -5303 -5086
-5849 -5281 -5109
-5849 -5279 -5112
-5849 -5261 -5130
-5849 -5259 -5133
-5849 -5257 -5139
-5849 -5242 -5147
-5849 -5228 -5167
-5849 -5225 -5170
-5849 -5213 -5181
-5849 -5194 -5195
-5849 -5192 -5200
-5849 -5174 -5216
-5849 -5114 -5256
-5849 -5101 -5269
-5849 -5094 -5270
-5849 -5052 -5296
-5849 -5048 -5298
-5849 -5035 -5314
-5849 -4830 -5406
-5849 -4727 -5431
-5848 -5449 -4837
-5848 -5443 -4843
-5848 -5428 -4895
-5848 -5426 -4902
-5848 -5414 -4918
-5848 -5388 -4978
-5848 -5373 -4986
-5848 -5358 -5028
-5848 -5339 -5035
-5848 -5333 -5043
-5848 -5332 -5046
-5848 -5330 -5049
-5848 -5295 -5098
-5848 -5264 -5134
-5848 -5246 -5150
-5848 -5237 -5162
-5848 -5234 -5165
-5848 -5175 -5209
-5848 -5166 -5219
-5848 -5103 -5267
-5848 -5080 -5283
-5848 -5050 -5298
-5848 -5048 -5299
-5848 -5021 -5330
-5848 -5018 -5333
-5848 -4838 -5406
-5848 -4827 -5407
-5848 -4811 -5422
-5848 -4792 -5428
-5848 -4647 -5440
-5847 -5508 -4567
-5847 -5503 -4665
-5847 -5460 -4800
-5847 -5459 -4817
-5847 -5443 -4846
-5847 -5437 -4860
-5847 -5430 -4888
-5847 -5420 -4907
-5847 -5339 -5054
-5847 -5284 -5105
-5847 -5282 -5117
-5847 -5273 -5129
-5847 -5251 -5151
-5847 -5165 -5224
-5847 -5128 -5252
-5847 -5057 -5299
-5847 -5051 -5304
-5847 -5044 -5307
-5847 -5027 -5317
-5847 -4892 -5382
-5847 -4888 -5391
-5847 -4728 -5430
-5847 -4698 -5439
-5846 -5513 -4487
-5846 -5509 -4547
-5846 -5508 -4583
-5846 -5504 -4585
-5846 -5493 -4675
-5846 -5485 -4699
-5846 -5477 -4737
-5846 -5460 -4816
-5846 -5446 -4842
-5846 -5439 -4860
-5846 -5408 -4940
-5846 -5399 -4965
-5846 -5378 -4990
-5846 -5371 -4993
-5846 -5348 -5036
-5846 -5323 -5075
-5846 -5293 -5100
-5846 -5253 -5142
-5846 -5243 -5154
-5846 -5240 -5156
-5846 -5211 -5184
-5846 -5174 -5219
-5846 -5137 -5247
-5846 -5115 -5256
-5846 -5114 -5261
-5846 -5088 -5285
-5846 -5069 -5298
-5846 -5052 -5304
-5846 -5046 -5315
-5846 -4947 -5366
-5846 -4931 -5381
-5846 -4903 -5389
-5846 -4843 -5404
-5846 -4842 -5411
-5846 -4831 -5412
-5846 -4760 -5429
-5846 -4748 -5430
-5846 -4746 -5433
-5846 -4715 -5442
-5845 -5520 -4559
-5845 -5509 -4563
-5845 -5493 -4691
-5845 -5472 -4771
-5845 -5446 -4878
-5845 -5368 -5009
-5845 -5359 -5016
-5845 -5332 -5057
-5845 -5260 -5136
-5845 -5220 -5179
-5845 -5200 -5188
-5845 -5188 -5208
-5845 -5168 -5229
-5845 -5153 -5235
-5845 -5138 -5248
-5845 -5123 -5255
-5845 -5102 -5272
-5845 -4973 -5349
-5844 -5521 -4446
-5844 -5520 -4575
-5844 -5508 -4600
-5844 -5488 -4705
-5844 -5487 -4713
-5844 -5476 -4759
-5844 -5466 -4804
-5844 -5419 -4927
-5844 -5412 -4933
-5844 -5406 -4947
-5844 -5396 -4966
-5844 -5343 -5037
-5844 -5299 -5088
-5844 -5287 -5106
-5844 -5286 -5108
-5844 -5256 -5146
-5844 -5177 -5224
-5844 -5131 -5255
-5844 -5125 -5257
-5844 -5093 -5273
-5844 -4979 -5349
-5844 -4935 -5371
-5844 -4835 -5415
-5844 -4743 -5443
-5843 -5522 -4454
-5843 -5511 -4602
-5843 -5506 -4625
-5843 -5488 -4721
-5843 -5481 -4738
-5843 -5478 -4740
-5843 -5460 -4839
-5843 -5437 -4891
-5843 -5333 -5056
-5843 -5301 -5087
-5843 -5297 -5100
-5843 -5281 -5121
-5843 -5229 -5168
-5843 -5202 -5192
-5843 -5195 -5198
-5843 -5142 -5243
-5843 -5089 -5279
-5843 -5060 -5302
-5843 -5030 -5321
-5843 -5018 -5336
-5843 -4970 -5350
-5843 -4943 -5371
-5843 -4880 -5394
-5843 -4823 -5420
-5842 -5522 -4470
-5842 -5507 -4609
-5842 -5506 -4641
-5842 -5494 -4666
-5842 -5481 -4742
-5842 -5478 -4756
-5842 -5422 -4937
-5842 -5371 -4994
-5842 -5361 -5015
-5842 -5342 -5038
-5842 -5340 -5041
-5842 -5302 -5094
-5842 -5290 -5103
-5842 -5269 -5135
-5842 -5258 -5144
-5842 -5238 -5163
-5842 -5211 -5187
-5842 -5191 -5208
-5842 -5180 -5216
-5842 -5153 -5240
-5842 -5144 -5243
-5842 -5142 -5258
-5842 -5122 -5259
-5842 -5103 -5268
-5842 -5080 -5291
-5842 -5069 -5309
-5842 -5027 -5322
-5842 -4954 -5362
-5842 -4927 -5382
-5842 -4856 -5406
-5842 -4769 -5433
-5842 -4680 -5446
-5841 -5514 -4586
-5841 -5485 -4744
-5841 -5481 -4757
-5841 -5461 -4819
-5841 -5397 -4971
-5841 -5370 -4997
-5841 -5336 -5061
-5841 -5329 -5064
-5841 -5289 -5112
-5841 -5278 -5130
-5841 -5212 -5182
-5841 -5189 -5211
-5841 -5176 -5231
-5841 -5162 -5235
-5841 -5112 -5263
-5841 -5099 -5283
-5841 -5089 -5286
-5841 -5054 -5316
-5841 -5040 -5319
-5841 -5035 -5325
-5841 -5034 -5326
-5841 -4973 -5355
-5841 -4889 -5390
-5841 -4884 -5398
-5840 -5521 -4531
-5840 -5500 -4681
-5840 -5492 -4705
-5840 -5489 -4727
-5840 -5474 -4767
-5840 -5467 -4819
-5840 -5447 -4852
-5840 -5345 -5043
-5840 -5343 -5046
-5840 -5303 -5088
-5840 -5291 -5101
-5840 -5262 -5140
-5840 -5252 -5150
-5840 -5249 -5155
-5840 -5231 -5167
-5840 -5201 -5194
-5840 -5185 -5226
-5840 -5109 -5264
-5840 -5106 -5265
-5840 -5103 -5271
-5840 -5071 -5294
-5840 -5063 -5311
-5840 -5024 -5330
-5840 -5004 -5340
-5840 -4990 -5350
-5840 -4979 -5360
-5840 -4958 -5367
-5840 -4889 -5392
-5840 -4887 -5393
-5840 -4869 -5401
-5840 -4786 -5430
-5839 -5509 -4614
-5839 -5500 -4697
-5839 -5494 -4703
-5839 -5489 -4743
-5839 -5477 -4768
-5839 -5475 -4770
-5839 -5472 -4780
-5839 -5452 -4842
-5839 -5448 -4854
-5839 -5424 -4904
-5839 -5364 -5011
-5839 -5362 -5018
-5839 -5348 -5039
-5839 -5332 -5069
-5839 -5306 -5087
-5839 -5305 -5088
-5839 -5270 -5134
-5839 -5242 -5156
-5839 -5222 -5177
-5839 -5210 -5189
-5839 -5121 -5260
-5839 -5108 -5265
-5839 -5106 -5267
-5839 -5104 -5280
-5839 -5086 -5290
-5839 -5032 -5329
-5839 -5011 -5337
-5839 -5008 -5340
-5839 -4968 -5365
-5839 -4952 -5369
-5839 -4944 -5375
-5839 -4896 -5392
-5839 -4871 -5401
-5839 -4854 -5408
-5839 -4853 -5417
-5839 -4745 -5440
-5839 -4659 -5447
-5838 -5523 -4426
-5838 -5509 -4630
-5838 -5504 -4652
-5838 -5486 -4759
-5838 -5482 -4782
-5838 -5478 -4784
-5838 -5458 -4845
-5838 -5443 -4880
-5838 -5431 -4894
-5838 -5385 -4985
-5838 -5373 -4993
-5838 -5371 -5000
-5838 -5369 -5003
-5838 -5352 -5033
-5838 -5344 -5054
-5838 -5342 -5058
-5838 -5306 -5090
-5838 -5294 -5104
-5838 -5293 -5108
-5838 -5283 -5117
-5838 -5252 -5160
-5838 -5231 -5172
-5838 -5211 -5190
-5838 -5199 -5196
-5838 -5194 -5200
-5838 -5128 -5262
-5838 -5113 -5275
-5838 -5051 -5328
-5838 -5020 -5332
-5838 -4987 -5352
-5838 -4934 -5381
-5838 -4916 -5390
-5838 -4807 -5427
-5838 -4799 -5428
-5838 -4690 -5450
-5837 -5505 -4668
-5837 -5400 -4949
-5837 -5385 -4989
-5837 -5372 -5004
-5837 -5371 -5010
-5837 -5366 -5011
-5837 -5353 -5036
-5837 -5321 -5077
-5837 -5314 -5106
-5837 -5273 -5139
-5837 -5261 -5142
-5837 -5255 -5148
-5837 -5205 -5193
-5837 -5197 -5197
-5837 -5154 -5238
-5837 -5149 -5243
-5837 -5148 -5247
-5837 -5144 -5248
-5837 -5118 -5270
-5837 -5108 -5285
-5837 -5105 -5288
-5837 -4813 -5422
-5837 -4606 -5454
-5836 -5520 -4585
-5836 -5490 -4730
-5836 -5427 -4897
-5836 -5388 -4990
-5836 -5382 -4994
-5836 -5380 -4998
-5836 -5374 -5005
-5836 -5372 -5008
-5836 -5364 -5016
-5836 -5362 -5020
-5836 -5323 -5088
-5836 -5282 -5121
-5836 -5280 -5124
-5836 -5239 -5161
-5836 -5237 -5164
-5836 -5214 -5188
-5836 -5197 -5205
-5836 -5186 -5214
-5836 -5163 -5233
-5836 -5144 -5252
-5836 -5127 -5265
-5836 -5120 -5267
-5836 -5117 -5280
-5836 -5114 -5283
-5836 -5083 -5294
-5836 -4954 -5371
-5836 -4908 -5396
-5836 -4893 -5399
-5836 -4864 -5408
-5836 -4830 -5422
-5836 -4741 -5445
-5836 -4612 -5457
-5835 -5521 -4559
-5835 -5501 -4742
-5835 -5468 -4802
-5835 -5454 -4865
-5835 -5432 -4892
-5835 -5428 -4901
-5835 -5405 -4951
-5835 -5391 -4976
-5835 -5355 -5043
-5835 -5342 -5063
-5835 -5337 -5077
-5835 -5294 -5111
-5835 -5291 -5114
-5835 -5289 -5119
-5835 -5245 -5161
-5835 -5224 -5181
-5835 -5214 -5191
-5835 -5202 -5197
-5835 -5153 -5247
-5835 -5072 -5299
-5835 -5019 -5337
-5835 -5010 -5338
-5835 -5005 -5344
-5835 -4929 -5382
-5835 -4926 -5385
-5835 -4922 -5387
-5835 -4884 -5403
-5835 -4877 -5410
-5835 -4812 -5426
-5835 -4802 -5436
-5835 -4756 -5438
-5835 -4673 -5455
-5835 -4631 -5456
-5834 -5526 -4528
-5834 -5464 -4822
-5834 -5462 -4824
-5834 -5408 -4952
-5834 -5402 -4956
-5834 -5400 -4960
-5834 -5383 -5003
-5834 -5373 -5007
-5834 -5364 -5025
-5834 -5351 -5045
-5834 -5310 -5110
-5834 -5284 -5120
-5834 -5260 -5148
-5834 -5254 -5156
-5834 -5224 -5185
-5834 -5213 -5195
-5834 -5207 -5200
-5834 -5206 -5201
-5834 -5199 -5213
-5834 -5157 -5239
-5834 -5155 -5241
-5834 -5131 -5259
-5834 -5078 -5296
-5834 -5027 -5331
-5834 -5001 -5357
-5834 -4949 -5372
-5834 -4861 -5418
-5834 -4704 -5458
-5833 -5529 -4387
-5833 -5526 -4544
-5833 -5512 -4602
-5833 -5510 -4634
-5833 -5488 -4771
-5833 -5474 -4786
-5833 -5473 -4798
-5833 -5456 -4859
-5833 -5432 -4895
-5833 -5431 -4896
-5833 -5411 -4938
-5833 -5403 -4956
-5833 -5393 -4974
-5833 -5358 -5053
-5833 -5319 -5092
-5833 -5292 -5113
-5833 -5281 -5127
-5833 -5263 -5141
-5833 -5235 -5167
-5833 -5233 -5171
-5833 -5219 -5190
-5833 -5208 -5208
-5833 -5164 -5236
-5833 -5151 -5249
-5833 -5088 -5289
-5833 -5055 -5315
-5833 -4940 -5378
-5833 -4915 -5395
-5833 -4910 -5396
-5833 -4895 -5397
-5833 -4880 -5408
-5833 -4832 -5420
-5833 -4760 -5443
-5832 -5515 -4591
-5832 -5511 -4671
-5832 -5470 -4810
-5832 -5440 -4887
-5832 -5434 -4909
-5832 -5404 -4960
-5832 -5403 -4965
-5832 -5400 -4973
-5832 -5396 -4978
-5832 -5391 -4982
-5832 -5374 -5010
-5832 -5371 -5012
-5832 -5369 -5016
-5832 -5367 -5035
-5832 -5295 -5114
-5832 -5286 -5124
-5832 -5268 -5140
-5832 -5255 -5155
-5832 -5244 -5162
-5832 -5236 -5166
-5832 -5214 -5195
-5832 -5160 -5244
-5832 -5091 -5296
-5832 -5073 -5305
-5832 -5063 -5314
-5832 -5057 -5316
-5832 -5025 -5332
-5832 -5020 -5334
-5832 -4961 -5367
-5832 -4765 -5438
-5832 -4660 -5460
-5831 -5521 -4574
-5831 -5512 -4610
-5831 -5503 -4672
-5831 -5502 -4698
-5831 -5476 -4790
-5831 -5475 -4799
-5831 -5467 -4824
-5831 -5425 -4914
-5831 -5423 -4918
-5831 -5414 -4944
-5831 -5394 -4979
-5831 -5378 -5015
-5831 -5282 -5131
-5831 -5261 -5144
-5831 -5260 -5150
-5831 -5243 -5163
-5831 -5228 -5182
-5831 -5225 -5184
-5831 -5209 -5202
-5831 -5078 -5300
-5831 -5014 -5338
-5831 -4981 -5358
-5831 -4939 -5379
-5831 -4937 -5380
-5831 -4906 -5397
-5831 -4854 -5419
-5831 -4842 -5427
-5830 -5505 -4686
-5830 -5503 -4688
-5830 -5502 -4714
-5830 -5476 -4821
-5830 -5464 -4830
-5830 -5432 -4918
-5830 -5431 -4932
-5830 -5416 -4940
-5830 -5387 -4997
-5830 -5356 -5054
-5830 -5318 -5098
-5830 -5289 -5129
-5830 -5275 -5133
-5830 -5271 -5145
-5830 -5240 -5167
-5830 -5238 -5173
-5830 -5134 -5260
-5830 -5123 -5270
-5830 -5122 -5280
-5830 -5100 -5290
-5830 -5065 -5311
-5830 -5052 -5329
-5830 -5016 -5339
-5830 -4953 -5379
-5830 -4935 -5382
-5830 -4930 -5385
-5830 -4923 -5390
-5830 -4767 -5444
-5829 -5530 -4427
-5829 -5527 -4500
-5829 -5518 -4625
-5829 -5512 -4631
-5829 -5506 -4702
-5829 -5461 -4847
-5829 -5416 -4946
-5829 -5327 -5080
-5829 -5316 -5099
-5829 -5298 -5115
-5829 -5267 -5149
-5829 -5259 -5153
-5829 -5247 -5168
-5829 -5231 -5180
-5829 -5222 -5189
-5829 -5215 -5196
-5829 -5210 -5197
-5829 -5190 -5224
-5829 -5158 -5249
-5829 -5143 -5255
-5829 -5133 -5263
-5829 -5132 -5265
-5829 -5131 -5275
-5829 -4972 -5361
-5829 -4937 -5390
-5829 -4894 -5406
-5829 -4892 -5410
-5829 -4858 -5424
-5829 -4779 -5441
-5828 -5522 -4580
-5828 -5512 -4647
-5828 -5490 -4782
-5828 -5443 -4883
-5828 -5406 -4953
-5828 -5390 -4989
-5828 -5376 -5020
-5828 -5348 -5057
-5828 -5325 -5081
-5828 -5291 -5118
-5828 -5288 -5134
-5828 -5268 -5148
-5828 -5256 -5154
-5828 -5234 -5178
-5828 -5199 -5219
-5828 -5195 -5220
-5828 -5168 -5232
-5828 -5167 -5235
-5828 -5137 -5261
-5828 -5088 -5307
-5828 -5066 -5311
-5828 -5023 -5334
-5828 -4981 -5362
-5828 -4965 -5377
-5828 -4950 -5388
-5828 -4872 -5415
-5828 -4834 -5431
-5828 -4798 -5440
-5828 -4768 -5442
-5828 -4742 -5447
-5827 -5532 -4322
-5827 -5526 -4546
-5827 -5523 -4596
-5827 -5504 -4703
-5827 -5453 -4873
-5827 -5452 -4880
-5827 -5440 -4898
-5827 -5408 -4953
-5827 -5402 -4967
-5827 -5383 -5006
-5827 -5308 -5111
-5827 -5297 -5129
-5827 -5261 -5150
-5827 -5260 -5154
-5827 -5245 -5178
-5827 -5214 -5198
-5827 -5180 -5230
-5827 -5172 -5233
-5827 -5150 -5252
-5827 -5137 -5265
-5827 -5133 -5266
-5827 -5097 -5293
-5827 -5072 -5310
-5827 -5025 -5336
-5827 -5022 -5337
-5827 -5009 -5351
-5827 -4967 -5367
-5827 -4951 -5385
-5827 -4899 -5400
-5827 -4726 -5450
-5826 -5525 -4550
-5826 -5523 -4612
-5826 -5462 -4838
-5826 -5455 -4866
-5826 -5410 -4951
-5826 -5392 -4980
-5826 -5391 -4983
-5826 -5364 -5042
-5826 -5327 -5088
-5826 -5317 -5102
-5826 -5272 -5141
-5826 -5254 -5160
-5826 -5250 -5163
-5826 -5223 -5193
-5826 -5181 -5228
-5826 -5167 -5240
-5826 -5165 -5241
-5826 -5032 -5338
-5826 -4990 -5365
-5826 -4933 -5391
-5826 -4918 -5399
-5826 -4782 -5448
-5826 -4702 -5460
-5826 -4665 -5461
-5825 -5531 -4397
-5825 -5529 -4468
-5825 -5526 -4554
-5825 -5525 -4566
-5825 -5519 -4670
-5825 -5508 -4674
-5825 -5465 -4826
-5825 -5443 -4903
-5825 -5424 -4936
-5825 -5413 -4953
-5825 -5405 -4954
-5825 -5403 -4968
-5825 -5368 -5029
-5825 -5344 -5065
-5825 -5254 -5167
-5825 -5228 -5184
-5825 -5217 -5199
-5825 -5210 -5212
-5825 -5194 -5224
-5825 -5168 -5249
-5825 -5138 -5260
-5825 -5119 -5284
-5825 -5064 -5317
-5825 -5038 -5335
-5825 -5013 -5342
-5825 -4763 -5451
-5825 -4708 -5452
-5825 -4638 -5463
-5824 -5536 -4475
-5824 -5527 -4528
-5824 -5519 -4686
-5824 -5505 -4713
-5824 -5465 -4830
-5824 -5463 -4833
-5824 -5408 -4957
-5824 -5404 -4970
-5824 -5393 -4987
-5824 -5377 -5027
-5824 -5299 -5117
-5824 -5272 -5143
-5824 -5268 -5156
-5824 -5253 -5168
-5824 -5248 -5175
-5824 -5226 -5194
-5824 -5219 -5207
-5824 -5177 -5244
-5824 -5156 -5255
-5824 -5145 -5257
-5824 -5139 -5261
-5824 -5054 -5326
-5824 -5041 -5332
-5824 -5038 -5336
-5824 -5024 -5341
-5824 -5018 -5348
-5824 -4974 -5381
-5824 -4897 -5402
-5824 -4856 -5425
-5824 -4805 -5433
-5824 -4719 -5457
-5824 -4716 -5459
-5824 -4658 -5462
-5823 -5531 -4510
-5823 -5505 -4748
-5823 -5491 -4754
-5823 -5462 -4847
-5823 -5457 -4849
-5823 -5437 -4911
-5823 -5433 -4915
-5823 -5398 -4976
-5823 -5395 -4984
-5823 -5393 -4991
-5823 -5386 -5009
-5823 -5371 -5034
-5823 -5340 -5076
-5823 -5277 -5138
-5823 -5259 -5173
-5823 -5096 -5295
-5823 -5069 -5321
-5823 -5024 -5345
-5823 -4903 -5407
-5823 -4899 -5408
-5823 -4876 -5412
-5823 -4810 -5438
-5823 -4795 -5446
-5822 -5538 -4370
-5822 -5529 -4599
-5822 -5506 -4715
-5822 -5463 -4839
-5822 -5460 -4852
-5822 -5457 -4856
-5822 -5406 -4959
-5822 -5405 -4975
-5822 -5397 -4989
-5822 -5349 -5058
-5822 -5315 -5107
-5822 -5278 -5137
-5822 -5268 -5168
-5822 -5231 -5183
-5822 -5228 -5185
-5822 -5226 -5198
-5822 -5182 -5236
-5822 -5147 -5256
-5822 -5143 -5260
-5822 -5132 -5268
-5822 -5111 -5289
-5822 -5105 -5290
-5822 -5100 -5293
-5822 -5090 -5298
-5822 -5082 -5311
-5822 -5071 -5329
-5822 -5013 -5350
-5822 -5010 -5353
-5822 -4982 -5367
-5822 -4979 -5370
-5822 -4925 -5394
-5822 -4887 -5418
-5822 -4806 -5441
-5822 -4747 -5452
-5822 -4667 -5464
-5821 -5532 -4519
-5821 -5529 -4615
-5821 -5479 -4806
-5821 -5469 -4834
-5821 -5451 -4891
-5821 -5421 -4941
-5821 -5409 -4963
-5821 -5406 -4971
-5821 -5403 -4977
-5821 -5399 -4982
-5821 -5397 -4991
-5821 -5391 -4992
-5821 -5383 -5011
-5821 -5330 -5088
-5821 -5324 -5089
-5821 -5279 -5140
-5821 -5273 -5146
-5821 -5238 -5179
-5821 -5233 -5184
-5821 -5227 -5197
-5821 -5212 -5212
-5821 -5197 -5220
-5821 -5189 -5231
-5821 -5091 -5306
-5821 -5013 -5352
-5821 -5004 -5356
-5821 -4954 -5383
-5821 -4906 -5417
-5821 -4815 -5434
-5821 -4813 -5435
-5821 -4803 -5442
-5821 -4749 -5452
-5821 -4735 -5453
-5821 -4714 -5466
-5821 -4670 -5475
-5820 -5533 -4570
-5820 -5520 -4642
-5820 -5494 -4749
-5820 -5491 -4760
-5820 -5489 -4796
-5820 -5481 -4807
-5820 -5473 -4823
-5820 -5469 -4844
-5820 -5446 -4895
-5820 -5424 -4942
-5820 -5422 -4949
-5820 -5392 -4993
-5820 -5388 -4994
-5820 -5374 -5035
-5820 -5338 -5078
-5820 -5333 -5079
-5820 -5304 -5116
-5820 -5287 -5135
-5820 -5271 -5162
-5820 -5262 -5170
-5820 -5243 -5184
-5820 -5231 -5190
-5820 -5225 -5200
-5820 -5213 -5220
-5820 -5198 -5226
-5820 -5159 -5250
-5820 -5148 -5258
-5820 -5141 -5262
-5820 -5114 -5285
-5820 -5093 -5296
-5820 -5074 -5314
-5820 -4996 -5360
-5820 -4932 -5400
-5820 -4826 -5434
-5820 -4809 -5439
-5819 -5494 -4765
-5819 -5492 -4797
-5819 -5459 -4854
-5819 -5455 -4867
-5819 -5449 -4894
-5819 -5417 -4953
-5819 -5411 -4954
-5819 -5410 -4959
-5819 -5407 -4982
-5819 -5383 -5016
-5819 -5381 -5020
-5819 -5379 -5022
-5819 -5342 -5068
-5819 -5332 -5082
-5819 -5298 -5124
-5819 -5281 -5136
-5819 -5280 -5144
-5819 -5276 -5151
-5819 -5249 -5174
-5819 -5222 -5202
-5819 -5120 -5282
-5819 -5103 -5294
-5819 -5097 -5300
-5819 -5083 -5309
-5819 -5035 -5342
-5819 -4923 -5401
-5819 -4916 -5403
-5819 -4862 -5419
-5819 -4860 -5423
-5819 -4819 -5439
-5819 -4683 -5470
-5818 -5520 -4646
-5818 -5508 -4710
-5818 -5480 -4809
-5818 -5465 -4846
-5818 -5458 -4865
-5818 -5455 -4890
-5818 -5444 -4904
-5818 -5442 -4911
-5818 -5432 -4930
-5818 -5426 -4934
-5818 -5419 -4972
-5818 -5394 -4997
-5818 -5392 -4998
-5818 -5370 -5036
-5818 -5346 -5062
-5818 -5344 -5069
-5818 -5326 -5099
-5818 -5316 -5104
-5818 -5290 -5133
-5818 -5283 -5136
-5818 -5261 -5174
-5818 -5234 -5186
-5818 -5227 -5204
-5818 -5159 -5260
-5818 -5137 -5269
-5818 -5134 -5271
-5818 -5117 -5290
-5818 -5021 -5358
-5818 -4994 -5363
-5818 -4991 -5366
-5818 -4989 -5372
-5818 -4956 -5387
-5818 -4918 -5404
-5818 -4911 -5424
-5818 -4841 -5432
-5818 -4820 -5436
-5818 -4771 -5458
-5817 -5508 -4726
-5817 -5478 -4814
-5817 -5470 -4835
-5817 -5465 -4855
-5817 -5461 -4873
-5817 -5447 -4900
-5817 -5435 -4916
-5817 -5427 -4944
-5817 -5401 -4988
-5817 -5393 -4999
-5817 -5379 -5026
-5817 -5369 -5043
-5817 -5346 -5067
-5817 -5338 -5083
-5817 -5318 -5100
-5817 -5299 -5121
-5817 -5297 -5133
-5817 -5287 -5136
-5817 -5278 -5145
-5817 -5263 -5173
-5817 -5236 -5199
-5817 -5228 -5201
-5817 -5214 -5209
-5817 -5179 -5237
-5817 -5173 -5247
-5817 -5163 -5250
-5817 -5144 -5266
-5817 -5141 -5269
-5817 -5099 -5303
-5817 -5051 -5332
-5817 -5041 -5335
-5817 -5001 -5367
-5817 -4920 -5408
-5817 -4913 -5413
-5817 -4839 -5435
-5817 -4724 -5459
-5816 -5537 -4540
-5816 -5494 -4788
-5816 -5468 -4856
-5816 -5446 -4905
-5816 -5439 -4934
-5816 -5408 -4980
-5816 -5391 -5001
-5816 -5384 -5019
-5816 -5382 -5023
-5816 -5381 -5039
-5816 -5347 -5065
-5816 -5339 -5084
-5816 -5306 -5119
-5816 -5277 -5164
-5816 -5252 -5176
-5816 -5230 -5209
-5816 -5191 -5227
-5816 -5162 -5254
-5816 -5108 -5298
-5816 -5053 -5330
-5816 -4966 -5383
-5816 -4943 -5390
-5816 -4940 -5398
-5816 -4850 -5427
-5816 -4847 -5431
-5816 -4846 -5432
-5815 -5537 -4556
-5815 -5520 -4670
-5815 -5513 -4692
-5815 -5481 -4814
-5815 -5475 -4824
-5815 -5422 -4951
-5815 -5420 -4963
-5815 -5402 -4993
-5815 -5393 -5001
-5815 -5368 -5058
-5815 -5349 -5072
-5815 -5344 -5073
-5815 -5320 -5106
-5815 -5308 -5116
-5815 -5300 -5122
-5815 -5286 -5146
-5815 -5278 -5152
-5815 -5239 -5204
-5815 -5171 -5249
-5815 -5166 -5255
-5815 -5089 -5311
-5815 -5086 -5314
-5815 -5043 -5334
-5815 -5029 -5352
-5815 -5005 -5359
-5815 -4975 -5378
-5815 -4954 -5396
-5815 -4913 -5414
-5815 -4859 -5425
-5815 -4855 -5427
-5815 -4852 -5430
-5815 -4801 -5446
-5815 -4789 -5454
-5815 -4715 -5462
-5815 -4709 -5470
-5814 -5523 -4641
-5814 -5514 -4708
-5814 -5475 -4848
-5814 -5463 -4858
-5814 -5458 -4874
-5814 -5428 -4942
-5814 -5425 -4952
-5814 -5423 -4959
-5814 -5411 -4975
-5814 -5387 -5002
-5814 -5385 -5028
-5814 -5377 -5047
-5814 -5336 -5092
-5814 -5330 -5100
-5814 -5287 -5147
-5814 -5217 -5210
-5814 -5214 -5212
-5814 -5200 -5222
-5814 -5183 -5234
-5814 -5152 -5266
-5814 -5135 -5272
-5814 -5125 -5292
-5814 -5080 -5316
-5814 -5063 -5331
-5814 -5011 -5360
-5814 -4981 -5373
-5814 -4861 -5431
-5814 -4727 -5463
-5813 -5542 -4444
-5813 -5535 -4560
-5813 -5529 -4642
-5813 -5523 -4643
-5813 -5487 -4802
-5813 -5478 -4836
-5813 -5476 -4844
-5813 -5464 -4863
-5813 -5461 -4879
-5813 -5458 -4884
-5813 -5442 -4913
-5813 -5440 -4925
-5813 -5432 -4940
-5813 -5430 -4944
-5813 -5427 -4945
-5813 -5390 -5011
-5813 -5323 -5111
-5813 -5314 -5121
-5813 -5285 -5152
-5813 -5202 -5230
-5813 -5185 -5236
-5813 -5161 -5261
-5813 -5156 -5264
-5813 -5134 -5285
-5813 -5131 -5289
-5813 -5105 -5301
-5813 -5102 -5304
-5813 -5092 -5307
-5813 -5072 -5326
-5813 -4970 -5386
-5813 -4915 -5410
-5813 -4825 -5437
-5813 -4712 -5468
-5812 -5535 -4576
-5812 -5532 -4600
-5812 -5508 -4736
-5812 -5483 -4816
-5812 -5481 -4837
-5812 -5472 -4862
-5812 -5458 -4889
-5812 -5441 -4922
-5812 -5405 -4990
-5812 -5400 -4994
-5812 -5397 -5009
-5812 -5396 -5022
-5812 -5350 -5062
-5812 -5345 -5079
-5812 -5342 -5087
-5812 -5332 -5093
-5812 -5301 -5122
-5812 -5294 -5134
-5812 -5248 -5180
-5812 -5242 -5188
-5812 -5211 -5225
-5812 -5194 -5231
-5812 -5180 -5239
-5812 -5168 -5256
-5812 -5148 -5268
-5812 -5134 -5286
-5812 -5109 -5293
-5812 -5075 -5319
-5812 -5050 -5335
-5812 -5036 -5339
-5812 -4985 -5378
-5812 -4977 -5380
-5812 -4974 -5383
-5812 -4944 -5405
-5812 -4831 -5436
-5812 -4809 -5448
-5812 -4782 -5455
-5812 -4718 -5465
-5812 -4675 -5474
-5812 -4591 -5476
-5811 -5538 -4601
-5811 -5521 -4662
-5811 -5499 -4754
-5811 -5495 -4771
-5811 -5489 -4803
-5811 -5485 -4809
-5811 -5484 -4825
-5811 -5443 -4935
-5811 -5387 -5028
-5811 -5354 -5061
-5811 -5308 -5123
-5811 -5298 -5127
-5811 -5288 -5145
-5811 -5247 -5192
-5811 -5218 -5214
-5811 -5188 -5233
-5811 -5187 -5248
-5811 -5177 -5251
-5811 -5153 -5267
-5811 -5040 -5336
-5811 -5039 -5340
-5811 -5036 -5343
-5811 -4984 -5389
-5811 -4928 -5416
-5811 -4868 -5432
-5811 -4844 -5434
-5811 -4841 -5437
-5811 -4818 -5441
-5811 -4785 -5456
-5811 -4731 -5459
-5810 -5520 -4715
-5810 -5498 -4758
-5810 -5497 -4764
-5810 -5454 -4895
-5810 -5432 -4942
-5810 -5431 -4947
-5810 -5416 -4984
-5810 -5409 -4990
-5810 -5355 -5061
-5810 -5351 -5063
-5810 -5324 -5102
-5810 -5297 -5140
-5810 -5272 -5167
-5810 -5268 -5169
-5810 -5254 -5176
-5810 -5249 -5178
-5810 -5245 -5193
-5810 -5205 -5231
-5810 -5196 -5243
-5810 -5176 -5253
-5810 -5144 -5269
-5810 -5091 -5311
-5810 -5078 -5317
-5810 -5041 -5336
-5810 -4993 -5372
-5810 -4990 -5373
-5810 -4887 -5431
-5810 -4867 -5437
-5810 -4846 -5449
-5810 -4740 -5462
-5810 -4631 -5476
-5809 -5542 -4453
-5809 -5521 -4679
-5809 -5510 -4725
-5809 -5507 -4740
-5809 -5499 -4763
-5809 -5496 -4786
-5809 -5477 -4849
-5809 -5457 -4896
-5809 -5456 -4910
-5809 -5434 -4948
-5809 -5398 -4996
-5809 -5390 -5033
-5809 -5351 -5065
-5809 -5260 -5181
-5809 -5241 -5198
-5809 -5137 -5271
-5809 -5100 -5306
-5809 -5084 -5318
-5809 -5047 -5337
-5809 -5044 -5345
-5809 -5032 -5348
-5809 -5002 -5367
-5809 -4997 -5371
-5809 -4724 -5473
-5808 -5530 -4614
-5808 -5522 -4649
-5808 -5521 -4695
-5808 -5510 -4741
-5808 -5464 -4864
-5808 -5460 -4884
-5808 -5446 -4915
-5808 -5401 -4995
-5808 -5353 -5067
-5808 -5347 -5073
-5808 -5337 -5098
-5808 -5327 -5107
-5808 -5300 -5133
-5808 -5280 -5158
-5808 -5269 -5176
-5808 -5251 -5183
-5808 -5199 -5237
-5808 -5140 -5274
-5808 -5137 -5278
-5808 -5057 -5338
-5808 -5053 -5340
-5808 -5006 -5366
-5808 -4813 -5450
-5808 -4742 -5466
-5808 -4732 -5473
-5808 -4664 -5484
-5807 -5542 -4458
-5807 -5525 -4650
-5807 -5514 -4717
-5807 -5512 -4722
-5807 -5510 -4747
-5807 -5501 -4755
-5807 -5493 -4816
-5807 -5478 -4851
-5807 -5464 -4878
-5807 -5416 -4990
-5807 -5401 -4998
-5807 -5375 -5050
-5807 -5356 -5064
-5807 -5353 -5084
-5807 -5326 -5116
-5807 -5307 -5128
-5807 -5246 -5196
-5807 -5219 -5210
-5807 -5146 -5270
-5807 -5120 -5294
-5807 -5114 -5295
-5807 -5111 -5298
-5807 -5075 -5321
-5807 -5074 -5322
-5807 -5030 -5350
-5807 -5013 -5359
-5807 -4998 -5379
-5807 -4755 -5465
-5806 -5544 -4408
-5806 -5542 -4474
-5806 -5539 -4512
-5806 -5518 -4723
-5806 -5516 -4725
-5806 -5501 -4760
-5806 -5487 -4817
-5806 -5464 -4882
-5806 -5421 -4967
-5806 -5356 -5069
-5806 -5340 -5103
-5806 -5291 -5153
-5806 -5137 -5281
-5806 -5109 -5299
-5806 -5098 -5308
-5806 -5091 -5312
-5806 -5088 -5322
-5806 -5038 -5347
-5806 -5022 -5354
-5806 -5007 -5374
-5806 -4945 -5399
-5806 -4933 -5409
-5806 -4891 -5430
-5806 -4889 -5432
-5806 -4690 -5477
-5805 -5549 -4426
-5805 -5546 -4495
-5805 -5531 -4620
-5805 -5512 -4743
-5805 -5503 -4766
-5805 -5498 -4770
-5805 -5497 -4776
-5805 -5496 -4798
-5805 -5465 -4867
-5805 -5437 -4936
-5805 -5436 -4952
-5805 -5426 -4961
-5805 -5398 -5021
-5805 -5360 -5059
-5805 -5354 -5073
-5805 -5349 -5085
-5805 -5323 -5118
-5805 -5303 -5129
-5805 -5300 -5135
-5805 -5298 -5142
-5805 -5154 -5266
-5805 -5103 -5309
-5805 -5097 -5317
-5805 -5066 -5331
-5805 -5040 -5355
-5805 -5009 -5363
-5805 -4856 -5440
-5805 -4848 -5446
-5805 -4840 -5455
-5805 -4816 -5457
-5805 -4770 -5463
-5805 -4736 -5469
-5805 -4669 -5479
-5804 -5546 -4511
-5804 -5542 -4517
-5804 -5532 -4636
-5804 -5525 -4654
-5804 -5522 -4740
-5804 -5506 -4763
-5804 -5479 -4846
-5804 -5475 -4863
-5804 -5448 -4911
-5804 -5447 -4914
-5804 -5440 -4937
-5804 -5366 -5060
-5804 -5358 -5075
-5804 -5313 -5123
-5804 -5305 -5137
-5804 -5295 -5144
-5804 -5178 -5254
-5804 -5162 -5269
-5804 -5146 -5275
-5804 -5143 -5276
-5804 -5117 -5295
-5804 -5114 -5298
-5804 -5112 -5304
-5804 -5102 -5315
-5804 -5062 -5333
-5804 -5044 -5346
-5804 -5041 -5349
-5804 -5029 -5366
-5804 -4962 -5391
-5804 -4914 -5417
-5804 -4894 -5428
-5803 -5541 -4571
-5803 -5532 -4652
-5803 -5523 -4674
-5803 -5509 -4755
-5803 -5500 -4775
-5803 -5497 -4779
-5803 -5485 -4829
-5803 -5440 -4941
-5803 -5418 -4984
-5803 -5382 -5046
-5803 -5341 -5106
-5803 -5314 -5132
-5803 -5297 -5144
-5803 -5292 -5148
-5803 -5243 -5198
-5803 -5220 -5214
-5803 -5171 -5264
-5803 -5149 -5270
-5803 -5148 -5271
-5803 -5143 -5279
-5803 -5106 -5306
-5803 -5073 -5324
-5803 -5000 -5376
-5803 -4976 -5391
-5803 -4953 -5398
-5803 -4940 -5413
-5803 -4782 -5464
-5803 -4723 -5475
-5802 -5550 -4385
-5802 -5536 -4610
-5802 -5526 -4664
-5802 -5509 -4757
-5802 -5486 -4820
-5802 -5466 -4889
-5802 -5445 -4921
-5802 -5427 -4979
-5802 -5405 -4995
-5802 -5401 -5005
-5802 -5369 -5065
-5802 -5361 -5070
-5802 -5359 -5073
-5802 -5350 -5088
-5802 -5346 -5089
-5802 -5302 -5142
-5802 -5294 -5147
-5802 -5255 -5182
-5802 -5245 -5197
-5802 -5212 -5223
-5802 -5209 -5226
-5802 -5148 -5273
-5802 -5108 -5310
-5802 -5077 -5323
-5802 -5075 -5330
-5802 -5063 -5332
-5802 -5060 -5336
-5802 -4985 -5386
-5802 -4957 -5392
-5802 -4951 -5400
-5802 -4915 -5422
-5802 -4869 -5438
-5802 -4844 -5451
-5802 -4753 -5466
-5802 -4743 -5470
-5802 -4704 -5485
-5801 -5550 -4471
-5801 -5547 -4515
-5801 -5545 -4532
-5801 -5537 -4607
-5801 -5526 -4680
-5801 -5499 -4781
-5801 -5498 -4799
-5801 -5469 -4872
-5801 -5458 -4892
-5801 -5451 -4922
-5801 -5434 -4958
-5801 -5412 -4997
-5801 -5402 -5008
-5801 -5378 -5047
-5801 -5371 -5056
-5801 -5316 -5119
-5801 -5296 -5147
-5801 -5248 -5190
-5801 -5225 -5212
-5801 -5216 -5215
-5801 -5207 -5228
-5801 -5199 -5238
-5801 -5165 -5270
-5801 -5162 -5274
-5801 -5138 -5281
-5801 -5122 -5296
-5801 -5117 -5305
-5801 -5114 -5307
-5801 -5084 -5325
-5801 -5064 -5337
-5801 -5061 -5338
-5801 -5021 -5368
-5801 -5015 -5372
-5801 -4990 -5384
-5801 -4960 -5392
-5801 -4956 -5394
-5801 -4924 -5417
-5801 -4790 -5462
-5801 -4561 -5488
-5800 -5552 -4484
-5800 -5551 -4500
-5800 -5547 -4531
-5800 -5523 -4696
-5800 -5514 -4753
-5800 -5505 -4767
-5800 -5502 -4769
-5800 -5490 -4819
-5800 -5487 -4822
-5800 -5457 -4898
-5800 -5447 -4941
-5800 -5443 -4942
-5800 -5405 -5017
-5800 -5349 -5099
-5800 -5293 -5151
-5800 -5283 -5159
-5800 -5254 -5187
-5800 -5220 -5229
-5800 -5182 -5251
-5800 -5171 -5269
-5800 -5147 -5280
-5800 -5137 -5286
-5800 -5128 -5290
-5800 -5073 -5332
-5800 -5071 -5339
-5800 -5048 -5345
-5800 -5023 -5368
-5800 -5021 -5369
-5800 -4960 -5400
-5800 -4909 -5430
-5800 -4873 -5436
-5799 -5552 -4500
-5799 -5527 -4656
-5799 -5526 -4684
-5799 -5523 -4712
-5799 -5507 -4763
-5799 -5494 -4822
-5799 -5452 -4930
-5799 -5432 -4959
-5799 -5428 -4960
-5799 -5371 -5059
-5799 -5361 -5074
-5799 -5358 -5081
-5799 -5298 -5146
-5799 -5280 -5161
-5799 -5273 -5187
-5799 -5229 -5211
-5799 -5207 -5235
-5799 -5146 -5281
-5799 -5134 -5290
-5799 -5128 -5291
-5799 -5080 -5334
-5799 -5068 -5342
-5799 -5054 -5345
-5799 -5051 -5348
-5799 -5049 -5353
-5799 -4999 -5377
-5799 -4961 -5392
-5799 -4886 -5435
-5799 -4839 -5460
-5799 -4773 -5471
-5799 -4718 -5477
-5799 -4613 -5486
-5799 -4611 -5490
-5798 -5540 -4577
-5798 -5539 -4623
-5798 -5507 -4772
-5798 -5501 -4783
-5798 -5496 -4818
-5798 -5485 -4832
-5798 -5482 -4845
-5798 -5478 -4865
-5798 -5470 -4870
-5798 -5469 -4877
-5798 -5460 -4895
-5798 -5458 -4902
-5798 -5419 -4992
-5798 -5397 -5030
-5798 -5393 -5035
-5798 -5320 -5121
-5798 -5291 -5157
-5798 -5282 -5169
-5798 -5248 -5193
-5798 -5216 -5230
-5798 -5173 -5258
-5798 -5165 -5274
-5798 -5156 -5275
-5798 -5143 -5285
-5798 -5137 -5291
-5798 -5134 -5294
-5798 -5089 -5320
-5798 -5087 -5329
-5798 -5077 -5337
-5798 -5035 -5359
-5798 -4920 -5424
-5798 -4858 -5459
-5798 -4747 -5472
-5798 -4728 -5478
-5798 -4717 -5479
-5798 -4701 -5494
-5797 -5545 -4624
-5797 -5528 -4675
-5797 -5511 -4780
-5797 -5503 -4781
-5797 -5471 -4870
-5797 -5466 -4891
-5797 -5411 -5001
-5797 -5347 -5100
-5797 -5301 -5144
-5797 -5296 -5158
-5797 -5257 -5188
-5797 -5252 -5190
-5797 -5250 -5193
-5797 -5246 -5200
-5797 -5243 -5201
-5797 -5192 -5244
-5797 -5096 -5324
-5797 -5041 -5356
-5797 -4965 -5401
-5797 -4791 -5465
-5797 -4716 -5480
-5796 -5549 -4506
-5796 -5547 -4544
-5796 -5536 -4651
-5796 -5534 -4653
-5796 -5532 -4661
-5796 -5528 -4691
-5796 -5486 -4860
-5796 -5475 -4888
-5796 -5471 -4890
-5796 -5460 -4896
-5796 -5453 -4911
-5796 -5439 -4954
-5796 -5428 -4989
-5796 -5413 -4997
-5796 -5384 -5036
-5796 -5383 -5047
-5796 -5376 -5052
-5796 -5362 -5077
-5796 -5305 -5140
-5796 -5274 -5174
-5796 -5256 -5204
-5796 -5235 -5207
-5796 -5184 -5251
-5796 -5181 -5264
-5796 -5160 -5276
-5796 -5159 -5280
-5796 -5140 -5286
-5796 -5108 -5315
-5796 -5001 -5378
-5796 -4998 -5381
-5796 -4948 -5407
-5796 -4926 -5419
-5796 -4891 -5432
-5796 -4814 -5461
-5796 -4796 -5464
-5796 -4751 -5477
-5795 -5553 -4545
-5795 -5536 -4667
-5795 -5529 -4677
-5795 -5498 -4801
-5795 -5465 -4898
-5795 -5459 -4899
-5795 -5458 -4904
-5795 -5440 -4948
-5795 -5431 -4963
-5795 -5411 -5006
-5795 -5385 -5040
-5795 -5370 -5064
-5795 -5363 -5090
-5795 -5317 -5125
-5795 -5312 -5147
-5795 -5279 -5180
-5795 -5259 -5194
-5795 -5226 -5218
-5795 -5222 -5219
-5795 -5208 -5234
-5795 -5202 -5238
-5795 -5193 -5246
-5795 -5168 -5275
-5795 -5149 -5281
-5795 -5125 -5302
-5795 -5055 -5345
-5795 -5052 -5353
-5795 -5030 -5363
-5795 -4999 -5380
-5795 -4967 -5396
-5795 -4954 -5404
-5795 -4949 -5406
-5795 -4935 -5414
-5795 -4870 -5445
-5795 -4742 -5481
-5795 -4617 -5499
-5794 -5540 -4668
-5794 -5524 -4693
-5794 -5505 -4789
-5794 -5487 -4839
-5794 -5469 -4901
-5794 -5465 -4914
-5794 -5451 -4940
-5794 -5387 -5046
-5794 -5385 -5048
-5794 -5376 -5057
-5794 -5321 -5129
-5794 -5316 -5134
-5794 -5299 -5157
-5794 -5288 -5175
-5794 -5231 -5214
-5794 -5226 -5219
-5794 -5211 -5233
-5794 -5200 -5241
-5794 -5183 -5254
-5794 -5153 -5286
-5794 -5134 -5297
-5794 -5066 -5345
-5794 -5061 -5348
-5794 -5008 -5379
-5794 -4985 -5388
-5794 -4980 -5391
-5794 -4884 -5436
-5794 -4872 -5437
-5794 -4804 -5463
-5794 -4767 -5477
-5794 -4743 -5479
-5793 -5546 -4580
-5793 -5540 -4684
-5793 -5524 -4707
-5793 -5503 -4793
-5793 -5498 -4808
-5793 -5493 -4831
-5793 -5491 -4851
-5793 -5442 -4950
-5793 -5431 -4968
-5793 -5429 -4970
-5793 -5414 -5011
-5793 -5399 -5024
-5793 -5398 -5025
-5793 -5335 -5111
-5793 -5318 -5134
-5793 -5308 -5148
-5793 -5238 -5205
-5793 -5236 -5207
-5793 -5233 -5208
-5793 -5209 -5236
-5793 -5202 -5244
-5793 -5187 -5263
-5793 -5162 -5281
-5793 -5131 -5301
-5793 -5033 -5365
-5793 -5016 -5373
-5793 -4997 -5382
-5793 -4977 -5392
-5793 -4973 -5396
-5793 -4933 -5416
-5793 -4914 -5425
-5793 -4901 -5438
-5793 -4887 -5439
-5793 -4872 -5441
-5793 -4818 -5463
-5793 -4773 -5476
-5793 -4646 -5501
-5792 -5547 -4589
-5792 -5546 -4596
-5792 -5501 -4822
-5792 -5483 -4862
-5792 -5471 -4902
-5792 -5389 -5037
-5792 -5358 -5094
-5792 -5329 -5112
-5792 -5327 -5116
-5792 -5234 -5210
-5792 -5225 -5220
-5792 -5222 -5225
-5792 -5211 -5239
-5792 -5196 -5245
-5792 -5194 -5246
-5792 -5145 -5289
-5792 -5140 -5296
-5792 -5077 -5339
-5792 -5072 -5340
-5792 -5052 -5355
-5792 -5043 -5356
-5792 -5024 -5369
-5792 -5011 -5375
-5792 -4993 -5384
-5792 -4921 -5427
-5792 -4906 -5438
-5792 -4864 -5447
-5792 -4665 -5500
-5791 -5555 -4535
-5791 -5528 -4731
-5791 -5507 -4792
-5791 -5492 -4836
-5791 -5488 -4861
-5791 -5466 -4904
-5791 -5445 -4960
-5791 -5434 -4973
-5791 -5379 -5058
-5791 -5377 -5062
-5791 -5368 -5073
-5791 -5367 -5076
-5791 -5324 -5126
-5791 -5300 -5151
-5791 -5262 -5193
-5791 -5194 -5247
-5791 -5154 -5284
-5791 -5147 -5291
-5791 -5103 -5316
-5791 -5081 -5335
-5791 -5072 -5341
-5791 -5041 -5360
-5791 -5020 -5370
-5791 -4994 -5392
-5791 -4929 -5421
-5791 -4777 -5473
-5791 -4722 -5482
-5790 -5555 -4551
-5790 -5524 -4732
-5790 -5516 -4743
-5790 -5472 -4889
-5790 -5467 -4910
-5790 -5388 -5040
-5790 -5374 -5084
-5790 -5331 -5122
-5790 -5318 -5136
-5790 -5239 -5205
-5790 -5225 -5230
-5790 -5212 -5234
-5790 -5203 -5242
-5790 -5199 -5254
-5790 -5156 -5286
-5790 -5142 -5292
-5790 -5122 -5306
-5790 -5112 -5309
-5790 -5108 -5323
-5790 -5003 -5387
-5790 -4977 -5395
-5790 -4974 -5398
-5790 -4970 -5399
-5790 -4956 -5402
-5790 -4943 -5412
-5790 -4937 -5417
-5790 -4922 -5428
-5790 -4873 -5441
-5790 -4833 -5467
-5790 -4717 -5484
-5790 -4621 -5502
-5789 -5559 -4480
-5789 -5557 -4487
-5789 -5549 -4571
-5789 -5546 -4649
-5789 -5532 -4697
-5789 -5518 -4745
-5789 -5515 -4769
-5789 -5504 -4815
-5789 -5492 -4842
-5789 -5481 -4867
-5789 -5477 -4869
-5789 -5460 -4930
-5789 -5392 -5041
-5789 -5390 -5048
-5789 -5383 -5066
-5789 -5317 -5140
-5789 -5234 -5212
-5789 -5226 -5223
-5789 -5219 -5231
-5789 -5208 -5249
-5789 -5151 -5287
-5789 -5145 -5294
-5789 -5117 -5318
-5789 -5100 -5324
-5789 -5086 -5334
-5789 -4983 -5393
-5789 -4979 -5394
-5789 -4958 -5403
-5789 -4956 -5409
-5789 -4952 -5415
-5789 -4940 -5424
-5789 -4798 -5469
-5789 -4773 -5482
-5789 -4761 -5490
-5788 -5551 -4585
-5788 -5549 -4587
-5788 -5547 -4641
-5788 -5517 -4762
-5788 -5494 -4825
-5788 -5402 -5018
-5788 -5400 -5020
-5788 -5394 -5046
-5788 -5337 -5113
-5788 -5329 -5125
-5788 -5327 -5127
-5788 -5321 -5141
-5788 -5276 -5181
-5788 -5229 -5217
-5788 -5217 -5232
-5788 -5213 -5233
-5788 -5174 -5265
-5788 -5163 -5277
-5788 -5154 -5289
-5788 -5127 -5303
-5788 -5066 -5346
-5788 -5056 -5350
-5788 -5012 -5376
-5788 -5005 -5380
-5788 -4967 -5405
-5788 -4964 -5408
-5788 -4961 -5410
-5788 -4890 -5439
-5788 -4887 -5442
-5788 -4879 -5451
-5787 -5532 -4715
-5787 -5516 -4763
-5787 -5515 -4780
-5787 -5509 -4782
-5787 -5507 -4798
-5787 -5495 -4847
-5787 -5477 -4891
-5787 -5474 -4892
-5787 -5454 -4943
-5787 -5448 -4948
-5787 -5440 -4970
-5787 -5418 -4998
-5787 -5403 -5028
-5787 -5346 -5105
-5787 -5342 -5108
-5787 -5338 -5110
-5787 -5330 -5123
-5787 -5275 -5183
-5787 -5262 -5208
-5787 -5222 -5236
-5787 -5175 -5267
-5787 -5136 -5298
-5787 -5128 -5306
-5787 -5126 -5310
-5787 -5075 -5341
-5787 -5074 -5351
-5787 -5058 -5353
-5787 -5026 -5367
-5787 -5025 -5371
-5787 -4980 -5395
-5787 -4960 -5414
-5787 -4948 -5419
-5786 -5561 -4435
-5786 -5559 -4501
-5786 -5556 -4507
-5786 -5533 -4752
-5786 -5513 -4781
-5786 -5507 -4802
-5786 -5482 -4871
-5786 -5420 -4990
-5786 -5416 -4999
-5786 -5413 -5019
-5786 -5375 -5067
-5786 -5342 -5112
-5786 -5323 -5135
-5786 -5296 -5162
-5786 -5289 -5170
-5786 -5283 -5180
-5786 -5271 -5190
-5786 -5240 -5220
-5786 -5233 -5222
-5786 -5197 -5255
-5786 -5169 -5270
-5786 -5151 -5291
-5786 -5137 -5301
-5786 -5128 -5311
-5786 -5088 -5327
-5786 -5078 -5342
-5786 -5040 -5364
-5786 -4967 -5418
-5786 -4946 -5421
-5786 -4888 -5442
-5786 -4784 -5476
-5786 -4768 -5491
-5785 -5561 -4451
-5785 -5474 -4905
-5785 -5460 -4932
-5785 -5446 -4951
-5785 -5406 -5020
-5785 -5395 -5035
-5785 -5380 -5073
-5785 -5376 -5079
-5785 -5345 -5113
-5785 -5332 -5117
-5785 -5331 -5123
-5785 -5317 -5145
-5785 -5307 -5150
-5785 -5302 -5158
-5785 -5274 -5184
-5785 -5190 -5257
-5785 -5137 -5306
-5785 -5089 -5332
-5785 -5088 -5333
-5785 -5085 -5336
-5785 -5049 -5359
-5785 -5041 -5361
-5785 -5024 -5375
-5785 -5005 -5382
-5785 -4974 -5401
-5785 -4803 -5475
-5785 -4787 -5490
-5785 -4646 -5510
-5784 -5561 -4486
-5784 -5550 -4632
-5784 -5541 -4668
-5784 -5534 -4690
-5784 -5524 -4765
-5784 -5502 -4821
-5784 -5496 -4832
-5784 -5495 -4848
-5784 -5481 -4876
-5784 -5477 -4901
-5784 -5461 -4917
-5784 -5455 -4944
-5784 -5452 -4947
-5784 -5416 -5029
-5784 -5390 -5050
-5784 -5389 -5055
-5784 -5365 -5086
-5784 -5360 -5100
-5784 -5329 -5129
-5784 -5292 -5163
-5784 -5290 -5167
-5784 -5288 -5179
-5784 -5246 -5209
-5784 -5214 -5238
-5784 -5176 -5266
-5784 -5171 -5274
-5784 -5098 -5327
-5784 -5097 -5328
-5784 -5094 -5332
-5784 -5091 -5340
-5784 -5043 -5369
-5784 -5033 -5370
-5784 -5010 -5382
-5784 -5004 -5391
-5784 -4983 -5396
-5784 -4976 -5412
-5784 -4881 -5446
-5784 -4874 -5464
-5784 -4707 -5494
-5783 -5552 -4567
-5783 -5535 -4717
-5783 -5516 -4768
-5783 -5509 -4811
-5783 -5505 -4814
-5783 -5429 -4974
-5783 -5420 -4999
-5783 -5400 -5035
-5783 -5398 -5045
-5783 -5372 -5085
-5783 -5335 -5114
-5783 -5334 -5117
-5783 -5332 -5122
-5783 -5330 -5130
-5783 -5326 -5131
-5783 -5309 -5152
-5783 -5297 -5165
-5783 -5264 -5192
-5783 -5243 -5212
-5783 -5241 -5215
-5783 -5230 -5223
-5783 -5192 -5265
-5783 -5172 -5269
-5783 -5153 -5300
-5783 -5100 -5335
-5783 -5055 -5364
-5783 -5024 -5380
-5783 -4985 -5398
-5783 -4910 -5430
-5783 -4809 -5469
-5783 -4743 -5492
-5782 -5556 -4558
-5782 -5521 -4769
-5782 -5511 -4794
-5782 -5493 -4855
-5782 -5490 -4859
-5782 -5482 -4877
-5782 -5479 -4882
-5782 -5453 -4952
-5782 -5443 -4962
-5782 -5436 -4991
-5782 -5425 -4995
-5782 -5401 -5037
-5782 -5388 -5057
-5782 -5381 -5076
-5782 -5371 -5094
-5782 -5341 -5117
-5782 -5340 -5118
-5782 -5335 -5119
-5782 -5325 -5136
-5782 -5291 -5168
-5782 -5271 -5195
-5782 -5269 -5198
-5782 -5242 -5213
-5782 -5228 -5225
-5782 -5221 -5241
-5782 -5211 -5243
-5782 -5179 -5275
-5782 -5173 -5277
-5782 -5162 -5295
-5782 -5130 -5308
-5782 -5109 -5321
-5782 -5107 -5330
-5782 -5056 -5355
-5782 -5013 -5383
-5782 -4915 -5429
-5782 -4907 -5432
-5782 -4816 -5473
-5782 -4700 -5498
-5781 -5556 -4574
-5781 -5546 -4659
-5781 -5493 -4860
-5781 -5462 -4920
-5781 -5418 -5007
-5781 -5390 -5058
-5781 -5353 -5101
-5781 -5327 -5138
-5781 -5306 -5153
-5781 -5278 -5193
-5781 -5244 -5213
-5781 -5230 -5236
-5781 -5200 -5254
-5781 -5198 -5255
-5781 -5193 -5260
-5781 -5188 -5266
-5781 -5183 -5267
-5781 -5180 -5269
-5781 -5171 -5281
-5781 -5116 -5325
-5781 -5057 -5357
-5781 -5031 -5371
-5781 -5029 -5375
-5781 -5013 -5387
-5781 -4981 -5400
-5781 -4911 -5432
-5781 -4895 -5441
-5781 -4892 -5460
-5781 -4837 -5466
-5781 -4818 -5468
-5781 -4812 -5476
-5781 -4800 -5484
-5780 -5562 -4442
-5780 -5558 -4526
-5780 -5551 -4595
-5780 -5546 -4675
-5780 -5536 -4690
-5780 -5524 -4774
-5780 -5510 -4809
-5780 -5504 -4820
-5780 -5496 -4838
-5780 -5483 -4868
-5780 -5464 -4917
-5780 -5463 -4932
-5780 -5421 -5003
-5780 -5404 -5047
-5780 -5328 -5139
-5780 -5318 -5144
-5780 -5313 -5147
-5780 -5280 -5182
-5780 -5248 -5213
-5780 -5232 -5225
-5780 -5209 -5249
-5780 -5202 -5253
-5780 -5181 -5272
-5780 -5168 -5290
-5780 -4989 -5395
-5780 -4954 -5420
-5780 -4930 -5431
-5780 -4916 -5434
-5780 -4896 -5448
-5780 -4830 -5469
-5780 -4691 -5502
-5780 -4654 -5503
-5779 -5562 -4458
-5779 -5558 -4542
-5779 -5551 -4611
-5779 -5548 -4661
-5779 -5537 -4685
-5779 -5530 -4754
-5779 -5522 -4792
-5779 -5499 -4844
-5779 -5486 -4869
-5779 -5483 -4877
-5779 -5466 -4918
-5779 -5458 -4936
-5779 -5430 -4995
-5779 -5429 -4997
-5779 -5387 -5068
-5779 -5379 -5077
-5779 -5337 -5121
-5779 -5336 -5125
-5779 -5333 -5133
-5779 -5322 -5143
-5779 -5312 -5152
-5779 -5309 -5155
-5779 -5292 -5168
-5779 -5256 -5210
-5779 -5244 -5214
-5779 -5233 -5230
-5779 -5221 -5243
-5779 -5211 -5248
-5779 -5202 -5254
-5779 -5145 -5303
-5779 -5123 -5313
-5779 -5093 -5336
-5779 -5088 -5341
-5779 -5075 -5352
-5779 -5072 -5354
-5779 -4939 -5426
-5779 -4922 -5432
-5779 -4901 -5443
-5779 -4835 -5469
-5779 -4705 -5495
-5779 -4675 -5508
-5778 -5559 -4511
-5778 -5558 -4556
-5778 -5512 -4820
-5778 -5477 -4908
-5778 -5469 -4919
-5778 -5467 -4922
-5778 -5441 -4965
-5778 -5438 -4979
-5778 -5424 -5009
-5778 -5349 -5108
-5778 -5342 -5114
-5778 -5339 -5122
-5778 -5290 -5172
-5778 -5289 -5173
-5778 -5279 -5191
-5778 -5245 -5218
-5778 -5230 -5238
-5778 -5213 -5247
-5778 -5182 -5274
-5778 -5154 -5298
-5778 -5097 -5336
-5778 -5081 -5349
-5778 -5031 -5379
-5778 -5018 -5381
-5778 -4993 -5396
-5778 -4912 -5438
-5778 -4808 -5478
-5778 -4700 -5504
-5778 -4688 -5512
-5778 -4651 -5513
-5777 -5563 -4237
-5777 -5561 -4524
-5777 -5559 -4527
-5777 -5553 -4591
-5777 -5539 -4713
-5777 -5513 -4805
-5777 -5505 -4827
-5777 -5496 -4848
-5777 -5485 -4873
-5777 -5484 -4888
-5777 -5470 -4911
-5777 -5450 -4957
-5777 -5407 -5030
-5777 -5352 -5115
-5777 -5306 -5157
-5777 -5300 -5160
-5777 -5291 -5171
-5777 -5288 -5186
-5777 -5259 -5215
-5777 -5239 -5221
-5777 -5222 -5242
-5777 -5191 -5269
-5777 -5188 -5271
-5777 -5111 -5330
-5777 -5038 -5381
-5777 -5001 -5392
-5777 -4995 -5394
-5777 -4988 -5400
-5777 -4985 -5403
-5777 -4977 -5405
-5777 -4946 -5422
-5777 -4899 -5446
-5777 -4825 -5478
-5776 -5567 -4509
-5776 -5563 -4540
-5776 -5552 -4610
-5776 -5551 -4680
-5776 -5499 -4849
-5776 -5498 -4851
-5776 -5417 -5017
-5776 -5381 -5079
-5776 -5361 -5097
-5776 -5355 -5102
-5776 -5331 -5134
-5776 -5314 -5157
-5776 -5307 -5158
-5776 -5305 -5160
-5776 -5292 -5172
-5776 -5268 -5202
-5776 -5236 -5231
-5776 -5199 -5259
-5776 -5195 -5261
-5776 -5171 -5285
-5776 -5131 -5307
-5776 -5058 -5358
-5776 -5046 -5366
-5776 -5023 -5388
-5776 -5005 -5392
-5776 -5003 -5398
-5776 -4996 -5401
-5776 -4941 -5428
-5776 -4929 -5433
-5776 -4914 -5435
-5776 -4908 -5441
-5776 -4897 -5447
-5776 -4644 -5514
-5775 -5567 -4525
-5775 -5553 -4601
-5775 -5552 -4626
-5775 -5551 -4696
-5775 -5542 -4707
-5775 -5539 -4721
-5775 -5500 -4866
-5775 -5496 -4868
-5775 -5478 -4889
-5775 -5453 -4967
-5775 -5395 -5051
-5775 -5342 -5130
-5775 -5318 -5147
-5775 -5270 -5203
-5775 -5248 -5225
-5775 -5125 -5312
-5775 -5122 -5315
-5775 -5054 -5373
-5775 -5032 -5383
-5775 -5024 -5391
-5775 -4985 -5405
-5775 -4948 -5432
-5775 -4940 -5439
-5775 -4898 -5448
-5775 -4850 -5465
-5775 -4838 -5473
-5775 -4808 -5482
-5775 -4711 -5498
-5775 -4695 -5513
-5774 -5528 -4768
-5774 -5517 -4796
-5774 -5512 -4821
-5774 -5505 -4833
-5774 -5466 -4926
-5774 -5461 -4933
-5774 -5419 -5019
-5774 -5407 -5036
-5774 -5398 -5052
-5774 -5362 -5098
-5774 -5354 -5114
-5774 -5346 -5126
-5774 -5344 -5130
-5774 -5325 -5148
-5774 -5320 -5149
-5774 -5317 -5162
-5774 -5284 -5192
-5774 -5237 -5230
-5774 -5191 -5272
-5774 -5134 -5307
-5774 -5131 -5310
-5774 -5122 -5317
-5774 -5118 -5323
-5774 -5111 -5335
-5774 -5090 -5342
-5774 -5087 -5346
-5774 -5063 -5368
-5774 -5060 -5370
-5774 -5005 -5395
-5774 -4907 -5445
-5773 -5563 -4556
-5773 -5560 -4625
-5773 -5552 -4634
-5773 -5542 -4709
-5773 -5513 -4814
-5773 -5485 -4879
-5773 -5480 -4890
-5773 -5473 -4911
-5773 -5471 -4919
-5773 -5460 -4946
-5773 -5439 -4972
-5773 -5393 -5058
-5773 -5389 -5068
-5773 -5363 -5096
-5773 -5355 -5108
-5773 -5326 -5144
-5773 -5297 -5174
-5773 -5249 -5217
-5773 -5234 -5232
-5773 -5211 -5249
-5773 -5200 -5267
-5773 -5185 -5282
-5773 -5170 -5288
-5773 -5147 -5305
-5773 -5140 -5306
-5773 -5133 -5308
-5773 -5131 -5312
-5773 -5127 -5318
-5773 -5120 -5325
-5773 -5096 -5341
-5773 -5069 -5365
-5773 -5004 -5400
-5773 -4984 -5406
-5773 -4980 -5407
-5773 -4968 -5422
-5773 -4956 -5429
-5773 -4911 -5441
-5773 -4904 -5448
-5773 -4896 -5449
-5773 -4858 -5471
-5773 -4801 -5486
-5773 -4760 -5494
-5773 -4731 -5496
-5773 -4719 -5504
-5773 -4651 -5515
-5772 -5564 -4580
-5772 -5562 -4585
-5772 -5528 -4771
-5772 -5519 -4794
-5772 -5506 -4827
-5772 -5475 -4912
-5772 -5461 -4939
-5772 -5454 -4948
-5772 -5439 -4989
-5772 -5427 -4998
-5772 -5418 -5024
-5772 -5394 -5057
-5772 -5383 -5069
-5772 -5363 -5099
-5772 -5358 -5104
-5772 -5294 -5175
-5772 -5282 -5196
-5772 -5265 -5204
-5772 -5253 -5220
-5772 -5240 -5226
-5772 -5234 -5240
-5772 -5216 -5254
-5772 -5156 -5300
-5772 -5092 -5344
-5772 -5077 -5357
-5772 -5074 -5360
-5772 -5013 -5395
-5772 -4977 -5408
-5772 -4970 -5414
-5772 -4715 -5507
-5772 -4670 -5514
-5771 -5568 -4570
-5771 -5518 -4806
-5771 -5509 -4823
-5771 -5501 -4860
-5771 -5481 -4892
-5771 -5480 -4908
-5771 -5456 -4950
-5771 -5442 -4977
-5771 -5427 -5006
-5771 -5409 -5030
-5771 -5395 -5078
-5771 -5350 -5118
-5771 -5329 -5138
-5771 -5302 -5173
-5771 -5296 -5183
-5771 -5291 -5191
-5771 -5249 -5221
-5771 -5227 -5242
-5771 -5205 -5259
-5771 -5135 -5310
-5771 -5086 -5352
-5771 -5083 -5355
-5771 -5004 -5402
-5771 -4990 -5405
-5771 -4984 -5412
-5771 -4977 -5416
-5771 -4974 -5420
-5771 -4720 -5500
-5770 -5554 -4636
-5770 -5552 -4638
-5770 -5521 -4807
-5770 -5491 -4870
-5770 -5474 -4914
-5770 -5459 -4951
-5770 -5444 -4971
-5770 -5433 -4995
-5770 -5429 -5001
-5770 -5420 -5014
-5770 -5401 -5055
-5770 -5373 -5092
-5770 -5361 -5109
-5770 -5348 -5119
-5770 -5305 -5178
-5770 -5283 -5194
-5770 -5235 -5235
-5770 -5234 -5244
-5770 -5219 -5248
-5770 -5208 -5261
-5770 -5176 -5285
-5770 -5135 -5312
-5770 -5122 -5319
-5770 -5114 -5329
-5770 -5100 -5342
-5770 -5051 -5377
-5770 -5013 -5397
-5770 -4988 -5409
-5770 -4979 -5415
-5770 -4929 -5440
-5770 -4909 -5447
-5770 -4896 -5450
-5770 -4869 -5465
-5770 -4853 -5480
-5770 -4806 -5483
-5770 -4781 -5498
-5770 -4726 -5505
-5769 -5564 -4601
-5769 -5556 -4629
-5769 -5540 -4720
-5769 -5539 -4730
-5769 -5508 -4832
-5769 -5489 -4874
-5769 -5488 -4881
-5769 -5485 -4887
-5769 -5468 -4934
-5769 -5464 -4940
-5769 -5412 -5035
-5769 -5402 -5050
-5769 -5377 -5081
-5769 -5350 -5119
-5769 -5334 -5131
-5769 -5332 -5135
-5769 -5294 -5185
-5769 -5285 -5193
-5769 -5266 -5207
-5769 -5243 -5226
-5769 -5239 -5233
-5769 -5236 -5243
-5769 -5221 -5249
-5769 -5199 -5271
-5769 -5141 -5306
-5769 -5128 -5318
-5769 -5127 -5321
-5769 -5115 -5326
-5769 -5109 -5337
-5769 -5089 -5347
-5769 -5030 -5388
-5769 -4996 -5403
-5769 -4988 -5410
-5769 -4898 -5452
-5769 -4865 -5468
-5769 -4745 -5504
-5768 -5566 -4614
-5768 -5557 -4627
-5768 -5548 -4698
-5768 -5540 -4747
-5768 -5529 -4793
-5768 -5515 -4820
-5768 -5493 -4870
-5768 -5485 -4908
-5768 -5471 -4935
-5768 -5437 -4994
-5768 -5430 -5005
-5768 -5421 -5017
-5768 -5406 -5039
-5768 -5403 -5059
-5768 -5376 -5082
-5768 -5372 -5102
-5768 -5347 -5123
-5768 -5299 -5184
-5768 -5250 -5234
-5768 -5166 -5294
-5768 -5164 -5296
-5768 -5163 -5297
-5768 -5137 -5319
-5768 -5039 -5383
-5768 -4956 -5433
-5768 -4905 -5449
-5768 -4900 -5452
-5768 -4884 -5467
-5768 -4821 -5491
-5768 -4747 -5499
-5768 -4729 -5515
-5767 -5569 -4526
-5767 -5557 -4641
-5767 -5542 -4740
-5767 -5534 -4760
-5767 -5517 -4816
-5767 -5503 -4834
-5767 -5501 -4861
-5767 -5493 -4873
-5767 -5490 -4875
-5767 -5488 -4896
-5767 -5440 -4990
-5767 -5438 -4992
-5767 -5432 -5001
-5767 -5424 -5013
-5767 -5419 -5022
-5767 -5349 -5122
-5767 -5338 -5133
-5767 -5335 -5140
-5767 -5329 -5143
-5767 -5325 -5152
-5767 -5308 -5166
-5767 -5284 -5197
-5767 -5273 -5203
-5767 -5259 -5216
-5767 -5257 -5223
-5767 -5189 -5273
-5767 -5173 -5291
-5767 -5138 -5307
-5767 -5118 -5334
-5767 -5058 -5371
-5767 -5055 -5374
-5767 -5033 -5384
-5767 -5032 -5386
-5767 -4965 -5428
-5767 -4895 -5454
-5767 -4601 -5516
-5766 -5570 -4403
-5766 -5569 -4542
-5766 -5557 -4657
-5766 -5555 -4689
-5766 -5544 -4700
-5766 -5491 -4897
-5766 -5474 -4919
-5766 -5454 -4955
-5766 -5449 -4973
-5766 -5447 -4974
-5766 -5444 -4975
-5766 -5440 -4999
-5766 -5422 -5016
-5766 -5420 -5024
-5766 -5413 -5039
-5766 -5373 -5093
-5766 -5358 -5112
-5766 -5352 -5120
-5766 -5336 -5141
-5766 -5326 -5146
-5766 -5320 -5156
-5766 -5262 -5209
-5766 -5251 -5224
-5766 -5208 -5264
-5766 -5174 -5286
-5766 -5138 -5311
-5766 -5127 -5329
-5766 -5125 -5336
-5766 -5067 -5366
-5766 -5064 -5369
-5766 -5033 -5388
-5766 -5001 -5406
-5766 -4949 -5434
-5766 -4908 -5451
-5766 -4904 -5457
-5766 -4685 -5517
-5765 -5560 -4635
-5765 -5523 -4800
-5765 -5518 -4811
-5765 -5507 -4858
-5765 -5496 -4886
-5765 -5472 -4928
-5765 -5460 -4952
-5765 -5442 -4985
-5765 -5431 -5003
-5765 -5425 -5017
-5765 -5405 -5040
-5765 -5397 -5060
-5765 -5379 -5081
-5765 -5368 -5106
-5765 -5341 -5142
-5765 -5334 -5143
-5765 -5311 -5167
-5765 -5300 -5187
-5765 -5271 -5205
-5765 -5180 -5283
-5765 -5174 -5288
-5765 -5150 -5302
-5765 -5145 -5313
-5765 -5134 -5331
-5765 -5091 -5352
-5765 -5029 -5389
-5765 -4977 -5418
-5765 -4922 -5451
-5765 -4802 -5500
-5764 -5560 -4651
-5764 -5557 -4665
-5764 -5544 -4723
-5764 -5509 -4835
-5764 -5463 -4948
-5764 -5457 -4959
-5764 -5443 -4986
-5764 -5432 -5021
-5764 -5416 -5049
-5764 -5391 -5081
-5764 -5361 -5113
-5764 -5350 -5124
-5764 -5328 -5146
-5764 -5327 -5152
-5764 -5309 -5169
-5764 -5308 -5171
-5764 -5263 -5209
-5764 -5210 -5257
-5764 -5209 -5258
-5764 -5194 -5275
-5764 -5190 -5276
-5764 -5189 -5278
-5764 -5141 -5326
-5764 -5100 -5347
-5764 -5097 -5349
-5764 -5052 -5375
-5764 -5035 -5387
-5764 -4977 -5419
-5764 -4924 -5448
-5764 -4912 -5456
-5764 -4861 -5482
-5763 -5567 -4586
-5763 -5546 -4712
-5763 -5530 -4765
-5763 -5515 -4826
-5763 -5510 -4847
-5763 -5504 -4872
-5763 -5479 -4910
-5763 -5465 -4936
-5763 -5445 -4979
-5763 -5400 -5070
-5763 -5380 -5082
-5763 -5378 -5085
-5763 -5353 -5123
-5763 -5334 -5151
-5763 -5313 -5164
-5763 -5310 -5170
-5763 -5288 -5192
-5763 -5274 -5198
-5763 -5262 -5213
-5763 -5247 -5250
-5763 -5219 -5252
-5763 -5205 -5269
-5763 -5161 -5303
-5763 -5150 -5321
-5763 -5106 -5344
-5763 -5086 -5354
-5763 -5044 -5382
-5763 -5024 -5392
-5763 -5005 -5401
-5763 -4993 -5408
-5763 -4987 -5412
-5763 -4936 -5441
-5763 -4926 -5456
-5763 -4923 -5459
-5762 -5572 -4516
-5762 -5546 -4726
-5762 -5524 -4798
-5762 -5515 -4846
-5762 -5483 -4917
-5762 -5479 -4924
-5762 -5472 -4945
-5762 -5455 -4963
-5762 -5452 -4983
-5762 -5448 -4987
-5762 -5436 -5011
-5762 -5419 -5038
-5762 -5414 -5052
-5762 -5380 -5084
-5762 -5346 -5134
-5762 -5324 -5159
-5762 -5320 -5161
-5762 -5265 -5209
-5762 -5263 -5212
-5762 -5256 -5232
-5762 -5179 -5287
-5762 -5168 -5292
-5762 -5075 -5365
-5762 -5052 -5378
-5762 -4993 -5409
-5762 -4980 -5416
-5762 -4869 -5470
-5762 -4767 -5504
-5761 -5572 -4532
-5761 -5562 -4616
-5761 -5559 -4672
-5761 -5518 -4833
-5761 -5494 -4889
-5761 -5493 -4895
-5761 -5478 -4930
-5761 -5455 -4964
-5761 -5442 -4988
-5761 -5420 -5032
-5761 -5419 -5045
-5761 -5376 -5094
-5761 -5355 -5116
-5761 -5347 -5125
-5761 -5329 -5154
-5761 -5307 -5180
-5761 -5278 -5201
-5761 -5273 -5204
-5761 -5265 -5211
-5761 -5222 -5252
-5761 -5217 -5254
-5761 -5202 -5274
-5761 -5180 -5289
-5761 -5162 -5302
-5761 -5157 -5309
-5761 -5112 -5338
-5761 -5100 -5350
-5761 -5097 -5354
-5761 -5084 -5360
-5761 -5060 -5372
-5761 -5021 -5393
-5761 -4999 -5415
-5761 -4990 -5417
-5761 -4987 -5420
-5761 -4967 -5428
-5761 -4902 -5463
-5761 -4824 -5484
-5761 -4758 -5505
-5760 -5577 -4436
-5760 -5574 -4480
-5760 -5569 -4549
-5760 -5566 -4624
-5760 -5536 -4750
-5760 -5531 -4780
-5760 -5523 -4832
-5760 -5509 -4859
-5760 -5480 -4931
-5760 -5466 -4958
-5760 -5455 -4969
-5760 -5441 -4995
-5760 -5440 -5009
-5760 -5380 -5085
-5760 -5374 -5095
-5760 -5326 -5157
-5760 -5279 -5200
-5760 -5270 -5206
-5760 -5265 -5219
-5760 -5259 -5221
-5760 -5212 -5256
-5760 -5211 -5269
-5760 -5210 -5271
-5760 -5177 -5290
-5760 -5171 -5297
-5760 -5106 -5349
-5760 -5088 -5356
-5760 -5072 -5366
-5760 -5016 -5394
-5760 -5008 -5410
-5760 -4690 -5518
-5759 -5568 -4631
-5759 -5566 -4640
-5759 -5543 -4738
-5759 -5542 -4764
-5759 -5532 -4770
-5759 -5488 -4908
-5759 -5443 -5010
-5759 -5421 -5026
-5759 -5379 -5089
-5759 -5375 -5104
-5759 -5366 -5108
-5759 -5346 -5143
-5759 -5280 -5198
-5759 -5272 -5214
-5759 -5268 -5216
-5759 -5257 -5224
-5759 -5228 -5254
-5759 -5225 -5257
-5759 -5219 -5266
-5759 -5189 -5281
-5759 -5182 -5291
-5759 -5081 -5361
-5759 -5061 -5371
-5759 -5016 -5395
-5759 -4832 -5484
-5759 -4780 -5502
-5758 -5573 -4496
-5758 -5570 -4546
-5758 -5558 -4675
-5758 -5548 -4701
-5758 -5547 -4708
-5758 -5536 -4767
-5758 -5525 -4813
-5758 -5460 -4971
-5758 -5413 -5056
-5758 -5378 -5092
-5758 -5371 -5109
-5758 -5366 -5116
-5758 -5355 -5125
-5758 -5348 -5129
-5758 -5330 -5153
-5758 -5315 -5172
-5758 -5281 -5209
-5758 -5264 -5221
-5758 -5259 -5225
-5758 -5253 -5239
-5758 -5201 -5275
-5758 -5072 -5371
-5758 -5025 -5390
-5758 -5016 -5397
-5758 -5010 -5406
-5758 -4993 -5417
-5758 -4872 -5479
-5758 -4730 -5508
-5758 -4604 -5519
-5757 -5572 -4583
-5757 -5560 -4668
-5757 -5558 -4691
-5757 -5552 -4697
-5757 -5533 -4779
-5757 -5530 -4787
-5757 -5526 -4808
-5757 -5501 -4883
-5757 -5485 -4918
-5757 -5463 -4972
-5757 -5420 -5041
-5757 -5401 -5061
-5757 -5385 -5084
-5757 -5365 -5130
-5757 -5303 -5181
-5757 -5296 -5188
-5757 -5285 -5197
-5757 -5188 -5286
-5757 -5168 -5298
-5757 -5151 -5313
-5757 -5076 -5363
-5757 -5025 -5392
-5757 -5024 -5393
-5757 -5019 -5401
-5757 -4972 -5423
-5757 -4948 -5442
-5757 -4932 -5444
-5757 -4734 -5513
-5756 -5581 -4412
-5756 -5576 -4565
-5756 -5562 -4646
-5756 -5560 -4684
-5756 -5548 -4709
-5756 -5544 -4753
-5756 -5536 -4778
-5756 -5516 -4845
-5756 -5495 -4890
-5756 -5475 -4941
-5756 -5439 -5013
-5756 -5425 -5034
-5756 -5407 -5057
-5756 -5386 -5082
-5756 -5381 -5094
-5756 -5374 -5112
-5756 -5308 -5179
-5756 -5286 -5193
-5756 -5284 -5203
-5756 -5268 -5221
-5756 -5197 -5278
-5756 -5177 -5293
-5756 -5165 -5302
-5756 -5152 -5310
-5756 -5120 -5339
-5756 -5119 -5341
-5756 -5039 -5385
-5756 -5036 -5388
-5756 -5024 -5396
-5756 -4957 -5432
-5756 -4940 -5451
-5756 -4933 -5455
-5756 -4876 -5468
-5756 -4587 -5524
-5755 -5583 -4425
-5755 -5563 -4662
-5755 -5528 -4800
-5755 -5504 -4886
-5755 -5491 -4902
-5755 -5448 -4990
-5755 -5446 -4998
-5755 -5435 -5023
-5755 -5426 -5032
-5755 -5404 -5066
-5755 -5385 -5092
-5755 -5329 -5155
-5755 -5314 -5176
-5755 -5204 -5276
-5755 -5182 -5292
-5755 -5170 -5302
-5755 -5162 -5305
-5755 -5159 -5308
-5755 -5153 -5320
-5755 -5128 -5336
-5755 -5111 -5345
-5755 -5053 -5376
-5755 -5048 -5380
-5755 -5045 -5383
-5755 -5038 -5396
-5755 -4993 -5422
-5755 -4951 -5434
-5755 -4950 -5442
-5755 -4942 -5450
-5755 -4885 -5471
-5755 -4858 -5484
-5755 -4847 -5486
-5754 -5578 -4460
-5754 -5573 -4581
-5754 -5572 -4585
-5754 -5552 -4698
-5754 -5548 -4753
-5754 -5495 -4903
-5754 -5486 -4916
-5754 -5459 -4975
-5754 -5449 -4999
-5754 -5421 -5044
-5754 -5398 -5072
-5754 -5391 -5101
-5754 -5350 -5134
-5754 -5343 -5144
-5754 -5317 -5182
-5754 -5275 -5212
-5754 -5274 -5215
-5754 -5185 -5293
-5754 -5182 -5296
-5754 -5171 -5300
-5754 -5162 -5315
-5754 -5120 -5343
-5754 -5064 -5373
-5754 -5049 -5379
-5754 -5047 -5391
-5754 -5004 -5412
-5754 -4959 -5437
-5754 -4943 -5446
-5754 -4826 -5490
-5754 -4786 -5507
-5754 -4754 -5508
-5754 -4729 -5522
-5753 -5579 -4456
-5753 -5572 -4601
-5753 -5562 -4667
-5753 -5559 -4736
-5753 -5545 -4763
-5753 -5518 -4848
-5753 -5512 -4872
-5753 -5498 -4899
-5753 -5492 -4904
-5753 -5487 -4921
-5753 -5471 -4949
-5753 -5466 -4960
-5753 -5455 -4985
-5753 -5451 -5000
-5753 -5449 -5003
-5753 -5357 -5132
-5753 -5336 -5146
-5753 -5326 -5164
-5753 -5318 -5167
-5753 -5293 -5193
-5753 -5287 -5198
-5753 -5269 -5217
-5753 -5221 -5260
-5753 -5201 -5277
-5753 -5198 -5282
-5753 -5163 -5303
-5753 -5135 -5327
-5753 -5129 -5338
-5753 -5080 -5364
-5753 -5073 -5368
-5753 -5056 -5374
-5753 -5022 -5397
-5753 -5013 -5407
-5753 -4990 -5430
-5753 -4966 -5432
-5753 -4963 -5435
-5753 -4960 -5438
-5753 -4951 -5440
-5753 -4845 -5489
-5752 -5577 -4469
-5752 -5550 -4738
-5752 -5531 -4804
-5752 -5530 -4809
-5752 -5469 -4961
-5752 -5432 -5038
-5752 -5371 -5119
-5752 -5335 -5151
-5752 -5327 -5156
-5752 -5322 -5169
-5752 -5302 -5188
-5752 -5293 -5204
-5752 -5265 -5230
-5752 -5193 -5299
-5752 -5120 -5350
-5752 -5092 -5356
-5752 -5061 -5375
-5752 -5054 -5383
-5752 -5041 -5396
-5752 -5032 -5397
-5752 -5023 -5399
-5752 -5021 -5415
-5752 -4963 -5436
-5752 -4960 -5439
-5752 -4929 -5456
-5752 -4806 -5495
-5752 -4685 -5524
-5752 -4641 -5528
-5751 -5584 -4470
-5751 -5577 -4482
-5751 -5569 -4603
-5751 -5546 -4765
-5751 -5542 -4767
-5751 -5537 -4777
-5751 -5533 -4790
-5751 -5525 -4822
-5751 -5514 -4853
-5751 -5474 -4950
-5751 -5471 -4962
-5751 -5469 -4965
-5751 -5450 -5002
-5751 -5403 -5077
-5751 -5392 -5088
-5751 -5387 -5105
-5751 -5329 -5158
-5751 -5325 -5165
-5751 -5283 -5209
-5751 -5276 -5221
-5751 -5220 -5262
-5751 -5202 -5281
-5751 -5137 -5329
-5751 -5101 -5351
-5751 -5098 -5353
-5751 -5089 -5359
-5751 -5082 -5362
-5751 -5078 -5365
-5751 -5052 -5387
-5751 -4904 -5469
-5751 -4889 -5471
-5751 -4873 -5486
-5751 -4826 -5492
-5751 -4749 -5516
-5750 -5584 -4486
-5750 -5569 -4665
-5750 -5543 -4784
-5750 -5521 -4834
-5750 -5505 -4873
-5750 -5496 -4907
-5750 -5478 -4933
-5750 -5474 -4958
-5750 -5456 -4977
-5750 -5441 -5012
-5750 -5417 -5051
-5750 -5415 -5055
-5750 -5394 -5079
-5750 -5340 -5149
-5750 -5336 -5153
-5750 -5323 -5168
-5750 -5296 -5194
-5750 -5228 -5257
-5750 -5208 -5276
-5750 -5174 -5300
-5750 -5166 -5304
-5750 -5164 -5306
-5750 -5137 -5332
-5750 -5134 -5334
-5750 -5087 -5360
-5750 -5084 -5361
-5750 -5077 -5372
-5750 -5063 -5375
-5750 -5057 -5386
-5750 -5035 -5402
-5750 -5030 -5409
-5750 -4882 -5472
-5750 -4855 -5487
-5750 -4852 -5490
-5750 -4840 -5498
-5750 -4810 -5500
-5750 -4751 -5509
-5750 -4731 -5517
-5749 -5580 -4501
-5749 -5573 -4620
-5749 -5560 -4692
-5749 -5551 -4738
-5749 -5545 -4772
-5749 -5533 -4793
-5749 -5532 -4796
-5749 -5531 -4807
-5749 -5488 -4911
-5749 -5484 -4930
-5749 -5470 -4964
-5749 -5425 -5045
-5749 -5407 -5067
-5749 -5372 -5122
-5749 -5362 -5140
-5749 -5345 -5148
-5749 -5332 -5163
-5749 -5320 -5170
-5749 -5305 -5186
-5749 -5297 -5191
-5749 -5285 -5213
-5749 -5277 -5215
-5749 -5225 -5260
-5749 -5222 -5261
-5749 -5219 -5270
-5749 -5174 -5304
-5749 -5165 -5314
-5749 -5143 -5329
-5749 -5096 -5355
-5749 -5094 -5362
-5749 -5086 -5367
-5749 -5083 -5370
-5749 -5044 -5397
-5749 -5001 -5416
-5749 -4969 -5433
-5749 -4949 -5443
-5749 -4942 -5452
-5749 -4877 -5474
-5749 -4812 -5503
-5749 -4775 -5510
-5748 -5582 -4514
-5748 -5580 -4517
-5748 -5578 -4519
-5748 -5577 -4610
-5748 -5572 -4656
-5748 -5565 -4725
-5748 -5551 -4752
-5748 -5534 -4815
-5748 -5507 -4876
-5748 -5498 -4923
-5748 -5476 -4939
-5748 -5461 -4974
-5748 -5450 -5009
-5748 -5398 -5094
-5748 -5339 -5158
-5748 -5320 -5171
-5748 -5301 -5190
-5748 -5294 -5195
-5748 -5231 -5256
-5748 -5230 -5258
-5748 -5166 -5311
-5748 -5103 -5357
-5748 -5100 -5361
-5748 -5064 -5376
-5748 -5061 -5379
-5748 -4974 -5431
-5748 -4939 -5458
-5748 -4848 -5491
-5748 -4794 -5509
-5748 -4752 -5514
-5748 -4641 -5529
-5747 -5582 -4530
-5747 -5580 -4533
-5747 -5578 -4535
-5747 -5537 -4793
-5747 -5519 -4841
-5747 -5442 -5015
-5747 -5433 -5026
-5747 -5411 -5058
-5747 -5366 -5124
-5747 -5348 -5153
-5747 -5336 -5160
-5747 -5334 -5167
-5747 -5299 -5193
-5747 -5288 -5218
-5747 -5266 -5223
-5747 -5239 -5253
-5747 -5222 -5265
-5747 -5199 -5288
-5747 -5181 -5304
-5747 -5157 -5317
-5747 -5110 -5352
-5747 -5080 -5372
-5747 -5067 -5384
-5747 -5007 -5423
-5747 -4970 -5435
-5747 -4954 -5450
-5747 -4893 -5474
-5747 -4881 -5482
-5747 -4862 -5491
-5747 -4679 -5526
-5746 -5586 -4476
-5746 -5573 -4641
-5746 -5548 -4776
-5746 -5526 -4840
-5746 -5508 -4873
-5746 -5507 -4888
-5746 -5477 -4940
-5746 -5476 -4961
-5746 -5460 -4989
-5746 -5426 -5054
-5746 -5409 -5066
-5746 -5407 -5068
-5746 -5375 -5111
-5746 -5370 -5123
-5746 -5336 -5161
-5746 -5319 -5181
-5746 -5297 -5200
-5746 -5271 -5223
-5746 -5267 -5232
-5746 -5231 -5260
-5746 -5219 -5275
-5746 -5199 -5289
-5746 -5177 -5305
-5746 -5174 -5306
-5746 -5168 -5308
-5746 -5156 -5320
-5746 -5144 -5323
-5746 -5131 -5345
-5746 -5089 -5367
-5746 -5016 -5418
-5746 -4976 -5431
-5746 -4953 -5461
-5746 -4761 -5515
-5746 -4700 -5531
-5745 -5584 -4538
-5745 -5575 -4654
-5745 -5566 -4667
-5745 -5519 -4849
-5745 -5518 -4863
-5745 -5510 -4874
-5745 -5480 -4934
-5745 -5467 -4966
-5745 -5462 -4977
-5745 -5444 -5010
-5745 -5440 -5025
-5745 -5340 -5154
-5745 -5273 -5222
-5745 -5253 -5245
-5745 -5205 -5278
-5745 -5202 -5282
-5745 -5183 -5301
-5745 -5182 -5303
-5745 -5165 -5315
-5745 -5152 -5322
-5745 -5140 -5340
-5745 -5075 -5375
-5745 -5023 -5413
-5745 -4993 -5426
-5745 -4977 -5435
-5745 -4955 -5440
-5745 -4921 -5465
-5745 -4801 -5510
-5745 -4789 -5518
-5744 -5566 -4681
-5744 -5521 -4864
-5744 -5490 -4936
-5744 -5464 -4979
-5744 -5434 -5029
-5744 -5430 -5040
-5744 -5386 -5113
-5744 -5385 -5115
-5744 -5328 -5168
-5744 -5322 -5173
-5744 -5320 -5174
-5744 -5306 -5188
-5744 -5291 -5206
-5744 -5260 -5239
-5744 -5084 -5370
-5744 -5075 -5376
-5744 -5069 -5378
-5744 -5053 -5390
-5744 -5032 -5408
-5744 -4968 -5441
-5744 -4908 -5466
-5744 -4791 -5518
-5744 -4754 -5519
-5744 -4656 -5533
-5743 -5587 -4375
-5743 -5583 -4575
-5743 -5580 -4600
-5743 -5566 -4697
-5743 -5553 -4740
-5743 -5540 -4804
-5743 -5533 -4819
-5743 -5532 -4824
-5743 -5501 -4897
-5743 -5467 -4976
-5743 -5438 -5032
-5743 -5410 -5069
-5743 -5404 -5083
-5743 -5394 -5097
-5743 -5342 -5155
-5743 -5322 -5180
-5743 -5305 -5190
-5743 -5296 -5206
-5743 -5274 -5223
-5743 -5227 -5265
-5743 -5206 -5277
-5743 -5176 -5309
-5743 -5149 -5326
-5743 -5105 -5353
-5743 -5103 -5360
-5743 -5084 -5371
-5743 -5033 -5403
-5743 -4977 -5436
-5743 -4892 -5477
-5743 -4745 -5520
-5743 -4713 -5529
-5742 -5587 -4391
-5742 -5571 -4686
-5742 -5514 -4874
-5742 -5454 -4991
-5742 -5444 -5013
-5742 -5437 -5034
-5742 -5418 -5055
-5742 -5415 -5059
-5742 -5414 -5061
-5742 -5405 -5081
-5742 -5377 -5118
-5742 -5374 -5121
-5742 -5346 -5154
-5742 -5341 -5157
-5742 -5333 -5176
-5742 -5314 -5183
-5742 -5309 -5193
-5742 -5294 -5207
-5742 -5287 -5220
-5742 -5277 -5225
-5742 -5272 -5228
-5742 -5245 -5257
-5742 -5225 -5267
-5742 -5224 -5268
-5742 -5205 -5280
-5742 -5196 -5292
-5742 -5185 -5304
-5742 -5159 -5317
-5742 -5154 -5324
-5742 -5112 -5355
-5742 -5100 -5362
-5742 -5077 -5385
-5742 -5056 -5388
-5742 -5053 -5391
-5742 -5047 -5393
-5742 -5042 -5398
-5742 -4901 -5472
-5742 -4882 -5479
-5742 -4747 -5520
-5742 -4615 -5534
-5741 -5585 -4506
-5741 -5554 -4765
-5741 -5540 -4824
-5741 -5524 -4845
-5741 -5487 -4938
-5741 -5482 -4950
-5741 -5458 -4994
-5741 -5454 -5022
-5741 -5414 -5063
-5741 -5371 -5124
-5741 -5349 -5141
-5741 -5345 -5160
-5741 -5311 -5195
-5741 -5234 -5262
-5741 -5233 -5263
-5741 -5219 -5277
-5741 -5199 -5293
-5741 -5173 -5311
-5741 -5165 -5316
-5741 -5163 -5319
-5741 -5113 -5357
-5741 -5095 -5363
-5741 -5086 -5380
-5741 -5002 -5429
-5741 -4910 -5470
-5741 -4826 -5499
-5741 -4814 -5504
-5741 -4798 -5519
-5741 -4731 -5523
-5741 -4638 -5534
-5740 -5592 -4411
-5740 -5585 -4522
-5740 -5581 -4582
-5740 -5578 -4626
-5740 -5572 -4666
-5740 -5509 -4878
-5740 -5502 -4890
-5740 -5457 -4996
-5740 -5354 -5142
-5740 -5349 -5147
-5740 -5336 -5181
-5740 -5325 -5183
-5740 -5300 -5197
-5740 -5294 -5211
-5740 -5250 -5249
-5740 -5248 -5251
-5740 -5235 -5271
-5740 -5225 -5274
-5740 -5203 -5283
-5740 -5182 -5306
-5740 -5170 -5314
-5740 -5146 -5329
-5740 -5139 -5342
-5740 -5116 -5352
-5740 -5106 -5367
-5740 -5057 -5387
-5740 -4975 -5438
-5740 -4961 -5442
-5740 -4883 -5479
-5740 -4715 -5534
-5740 -4616 -5537
-5739 -5592 -4427
-5739 -5581 -4615
-5739 -5561 -4728
-5739 -5527 -4828
-5739 -5526 -4841
-5739 -5515 -4880
-5739 -5509 -4885
-5739 -5474 -4984
-5739 -5433 -5045
-5739 -5392 -5102
-5739 -5354 -5145
-5739 -5345 -5163
-5739 -5305 -5197
-5739 -5299 -5198
-5739 -5295 -5210
-5739 -5248 -5253
-5739 -5244 -5266
-5739 -5222 -5282
-5739 -5201 -5285
-5739 -5179 -5309
-5739 -5150 -5341
-5739 -5123 -5346
-5739 -5050 -5392
-5739 -5034 -5404
-5739 -5018 -5419
-5739 -5010 -5421
-5739 -4988 -5431
-5739 -4957 -5443
-5739 -4754 -5521
-5739 -4724 -5527
-5739 -4588 -5540
-5738 -5588 -4525
-5738 -5547 -4790
-5738 -5527 -4844
-5738 -5500 -4902
-5738 -5483 -4953
-5738 -5433 -5046
-5738 -5415 -5064
-5738 -5406 -5072
-5738 -5274 -5228
-5738 -5266 -5239
-5738 -5262 -5240
-5738 -5256 -5244
-5738 -5168 -5317
-5738 -5159 -5323
-5738 -5123 -5347
-5738 -5090 -5368
-5738 -5088 -5371
-5738 -5037 -5400
-5738 -5032 -5410
-5738 -5016 -5420
-5738 -4979 -5432
-5738 -4963 -5447
-5738 -4922 -5470
-5738 -4901 -5473
-5738 -4833 -5500
-5738 -4829 -5507
-5738 -4773 -5520
-5737 -5589 -4430
-5737 -5573 -4666
-5737 -5569 -4696
-5737 -5561 -4745
-5737 -5550 -4791
-5737 -5516 -4867
-5737 -5505 -4891
-5737 -5500 -4906
-5737 -5479 -4963
-5737 -5439 -5034
-5737 -5417 -5057
-5737 -5407 -5073
-5737 -5400 -5095
-5737 -5398 -5099
-5737 -5391 -5112
-5737 -5349 -5149
-5737 -5348 -5157
-5737 -5344 -5164
-5737 -5339 -5165
-5737 -5290 -5215
-5737 -5238 -5272
-5737 -5206 -5283
-5737 -5197 -5295
-5737 -5187 -5316
-5737 -5151 -5331
-5737 -5121 -5349
-5737 -5094 -5370
-5737 -5046 -5395
-5737 -5044 -5402
-5737 -5026 -5413
-5737 -5025 -5415
-5737 -4996 -5431
-5737 -4984 -5433
-5737 -4920 -5472
-5737 -4882 -5481
-5737 -4728 -5532
-5737 -4634 -5535
-5737 -4617 -5542
-5737 -4596 -5544
-5736 -5585 -4536
-5736 -5581 -4649
-5736 -5575 -4676
-5736 -5552 -4772
-5736 -5541 -4805
-5736 -5529 -4829
-5736 -5522 -4859
-5736 -5518 -4870
-5736 -5509 -4894
-5736 -5502 -4898
-5736 -5500 -4914
-5736 -5491 -4924
-5736 -5477 -4966
-5736 -5419 -5056
-5736 -5412 -5070
-5736 -5409 -5077
-5736 -5375 -5119
-5736 -5368 -5127
-5736 -5365 -5131
-5736 -5353 -5146
-5736 -5351 -5149
-5736 -5317 -5184
-5736 -5302 -5199
-5736 -5285 -5231
-5736 -5247 -5254
-5736 -5227 -5273
-5736 -5196 -5311
-5736 -5154 -5325
-5736 -5131 -5346
-5736 -5089 -5371
-5736 -5060 -5387
-5736 -5057 -5390
-5736 -5053 -5397
-5736 -5041 -5405
-5736 -5035 -5408
-5736 -5006 -5430
-5736 -4979 -5437
-5736 -4972 -5440
-5736 -4636 -5541
-5735 -5589 -4467
-5735 -5584 -4547
-5735 -5581 -4665
-5735 -5556 -4775
-5735 -5552 -4788
-5735 -5530 -4825
-5735 -5526 -4850
-5735 -5503 -4903
-5735 -5465 -4991
-5735 -5424 -5056
-5735 -5421 -5064
-5735 -5411 -5074
-5735 -5394 -5105
-5735 -5367 -5128
-5735 -5365 -5135
-5735 -5363 -5146
-5735 -5346 -5158
-5735 -5338 -5169
-5735 -5313 -5185
-5735 -5304 -5212
-5735 -5294 -5217
-5735 -5256 -5255
-5735 -5214 -5285
-5735 -5163 -5320
-5735 -5160 -5324
-5735 -5098 -5368
-5735 -5089 -5376
-5735 -5063 -5387
-5735 -5060 -5392
-5735 -5050 -5400
-5735 -5040 -5416
-5735 -5013 -5421
-5735 -4990 -5441
-5735 -4940 -5462
-5735 -4868 -5489
-5735 -4846 -5498
-5735 -4837 -5502
-5735 -4688 -5537
-5735 -4586 -5545
-5735 -4552 -5546
-5734 -5592 -4570
-5734 -5558 -4771
-5734 -5529 -4864
-5734 -5512 -4883
-5734 -5504 -4899
-5734 -5497 -4928
-5734 -5423 -5062
-5734 -5410 -5077
-5734 -5403 -5096
-5734 -5399 -5102
-5734 -5374 -5128
-5734 -5368 -5136
-5734 -5340 -5168
-5734 -5320 -5189
-5734 -5313 -5194
-5734 -5273 -5232
-5734 -5210 -5293
-5734 -5152 -5327
-5734 -5117 -5356
-5734 -5108 -5359
-5734 -5099 -5369
-5734 -5069 -5387
-5734 -5049 -5411
-5734 -4938 -5464
-5734 -4926 -5466
-5734 -4815 -5511
-5734 -4810 -5513
-5734 -4773 -5525
-5734 -4664 -5544
-5734 -4617 -5548
-5733 -5592 -4586
-5733 -5541 -4819
-5733 -5518 -4871
-5733 -5485 -4953
-5733 -5478 -4967
-5733 -5458 -4996
-5733 -5441 -5026
-5733 -5427 -5061
-5733 -5416 -5079
-5733 -5404 -5085
-5733 -5354 -5159
-5733 -5311 -5202
-5733 -5307 -5217
-5733 -5288 -5219
-5733 -5171 -5325
-5733 -5156 -5331
-5733 -5126 -5351
-5733 -5114 -5358
-5733 -5086 -5383
-5733 -5055 -5395
-5733 -4999 -5435
-5733 -4966 -5450
-5733 -4901 -5476
-5733 -4898 -5477
-5733 -4888 -5479
-5733 -4882 -5492
-5733 -4860 -5499
-5732 -5594 -4465
-5732 -5577 -4687
-5732 -5572 -4702
-5732 -5568 -4728
-5732 -5532 -4834
-5732 -5512 -4899
-5732 -5500 -4917
-5732 -5492 -4954
-5732 -5445 -5053
-5732 -5426 -5067
-5732 -5421 -5068
-5732 -5394 -5110
-5732 -5345 -5165
-5732 -5316 -5199
-5732 -5290 -5222
-5732 -5220 -5283
-5732 -5162 -5330
-5732 -5109 -5367
-5732 -5064 -5391
-5732 -4866 -5497
-5732 -4766 -5529
-5732 -4672 -5542
-5732 -4620 -5546
-5731 -5594 -4481
-5731 -5582 -4621
-5731 -5545 -4796
-5731 -5542 -4806
-5731 -5536 -4830
-5731 -5534 -4838
-5731 -5519 -4873
-5731 -5516 -4884
-5731 -5505 -4900
-5731 -5504 -4908
-5731 -5469 -4985
-5731 -5447 -5023
-5731 -5407 -5095
-5731 -5394 -5117
-5731 -5294 -5218
-5731 -5292 -5221
-5731 -5257 -5243
-5731 -5229 -5274
-5731 -5225 -5276
-5731 -5202 -5300
-5731 -5199 -5302
-5731 -5132 -5344
-5731 -5129 -5348
-5731 -5115 -5364
-5731 -5077 -5387
-5731 -5064 -5393
-5731 -5014 -5421
-5731 -5011 -5424
-5731 -4990 -5445
-5731 -4976 -5448
-5731 -4736 -5534
-5731 -4720 -5549
-5730 -5586 -4646
-5730 -5566 -4730
-5730 -5539 -4831
-5730 -5532 -4839
-5730 -5509 -4922
-5730 -5499 -4928
-5730 -5461 -4994
-5730 -5460 -5005
-5730 -5446 -5029
-5730 -5410 -5100
-5730 -5408 -5104
-5730 -5400 -5106
-5730 -5376 -5124
-5730 -5369 -5135
-5730 -5362 -5147
-5730 -5349 -5163
-5730 -5331 -5183
-5730 -5279 -5238
-5730 -5265 -5244
-5730 -5253 -5259
-5730 -5223 -5277
-5730 -5214 -5288
-5730 -5211 -5289
-5730 -5208 -5297
-5730 -5165 -5326
-5730 -5137 -5344
-5730 -5121 -5355
-5730 -5117 -5359
-5730 -5059 -5394
-5730 -5020 -5419
-5730 -4999 -5440
-5730 -4911 -5475
-5730 -4886 -5488
-5730 -4821 -5508
-5729 -5593 -4482
-5729 -5547 -4797
-5729 -5544 -4830
-5729 -5535 -4840
-5729 -5501 -4929
-5729 -5499 -4932
-5729 -5486 -4955
-5729 -5464 -5003
-5729 -5461 -5007
-5729 -5422 -5074
-5729 -5419 -5082
-5729 -5378 -5122
-5729 -5374 -5135
-5729 -5355 -5149
-5729 -5325 -5185
-5729 -5315 -5205
-5729 -5257 -5247
-5729 -5245 -5264
-5729 -5223 -5283
-5729 -5191 -5313
-5729 -5108 -5371
-5729 -5090 -5374
-5729 -5052 -5402
-5729 -5022 -5417
-5729 -4924 -5472
-5729 -4896 -5478
-5729 -4887 -5484
-5729 -4886 -5499
-5729 -4830 -5503
-5729 -4676 -5551
-5729 -4642 -5556
-5728 -5595 -4505
-5728 -5587 -4634
-5728 -5570 -4705
-5728 -5563 -4762
-5728 -5546 -4802
-5728 -5545 -4815
-5728 -5535 -4844
-5728 -5517 -4879
-5728 -5481 -4959
-5728 -5480 -4967
-5728 -5475 -4971
-5728 -5472 -4986
-5728 -5448 -5031
-5728 -5411 -5109
-5728 -5387 -5118
-5728 -5365 -5153
-5728 -5324 -5187
-5728 -5317 -5191
-5728 -5295 -5222
-5728 -5230 -5278
-5728 -5210 -5301
-5728 -5168 -5331
-5728 -5117 -5366
-5728 -5097 -5376
-5728 -5087 -5377
-5728 -5071 -5388
-5728 -5061 -5397
-5728 -5053 -5399
-5728 -4965 -5462
-5728 -4933 -5467
-5728 -4910 -5478
-5728 -4897 -5481
-5728 -4870 -5510
-5728 -4743 -5535
-5727 -5595 -4562
-5727 -5579 -4673
-5727 -5578 -4691
-5727 -5558 -4791
-5727 -5518 -4888
-5727 -5515 -4890
-5727 -5513 -4893
-5727 -5484 -4965
-5727 -5481 -4969
-5727 -5475 -4987
-5727 -5462 -5005
-5727 -5293 -5224
-5727 -5253 -5261
-5727 -5239 -5273
-5727 -5217 -5289
-5727 -5119 -5365
-5727 -5069 -5390
-5727 -5062 -5394
-5727 -5041 -5417
-5727 -5012 -5428
-5727 -4598 -5558
-5726 -5596 -4424
-5726 -5582 -4649
-5726 -5579 -4689
-5726 -5561 -4779
-5726 -5547 -4806
-5726 -5522 -4881
-5726 -5520 -4889
-5726 -5493 -4934
-5726 -5475 -4991
-5726 -5468 -5001
-5726 -5437 -5066
-5726 -5370 -5143
-5726 -5368 -5146
-5726 -5366 -5150
-5726 -5350 -5162
-5726 -5337 -5189
-5726 -5320 -5194
-5726 -5319 -5196
-5726 -5317 -5200
-5726 -5267 -5250
-5726 -5211 -5294
-5726 -5154 -5332
-5726 -5153 -5335
-5726 -5134 -5346
-5726 -5131 -5350
-5726 -5128 -5360
-5726 -5100 -5376
-5726 -5060 -5416
-5726 -5018 -5420
-5726 -5002 -5437
-5726 -4968 -5457
-5726 -4939 -5465
-5726 -4826 -5512
-5725 -5597 -4457
-5725 -5581 -4696
-5725 -5574 -4703
-5725 -5572 -4711
-5725 -5570 -4716
-5725 -5568 -4741
-5725 -5547 -4821
-5725 -5530 -4846
-5725 -5501 -4939
-5725 -5482 -4967
-5725 -5465 -5010
-5725 -5414 -5093
-5725 -5383 -5122
-5725 -5377 -5128
-5725 -5363 -5154
-5725 -5357 -5162
-5725 -5346 -5171
-5725 -5293 -5232
-5725 -5247 -5267
-5725 -5219 -5290
-5725 -5211 -5295
-5725 -5170 -5332
-5725 -5157 -5334
-5725 -5140 -5352
-5725 -5109 -5371
-5725 -5078 -5384
-5725 -5077 -5395
-5725 -5069 -5411
-5725 -5016 -5422
-5725 -5011 -5432
-5725 -4977 -5452
-5725 -4954 -5465
-5725 -4946 -5467
-5725 -4943 -5470
-5725 -4802 -5517
-5725 -4774 -5523
-5725 -4768 -5528
-5725 -4758 -5538
-5724 -5597 -4539
-5724 -5593 -4570
-5724 -5588 -4590
-5724 -5576 -4717
-5724 -5574 -4719
-5724 -5569 -4737
-5724 -5549 -4792
-5724 -5534 -4847
-5724 -5519 -4891
-5724 -5512 -4900
-5724 -5504 -4927
-5724 -5488 -4963
-5724 -5457 -5028
-5724 -5403 -5111
-5724 -5384 -5123
-5724 -5380 -5124
-5724 -5378 -5126
-5724 -5376 -5130
-5724 -5271 -5248
-5724 -5268 -5251
-5724 -5200 -5305
-5724 -5177 -5321
-5724 -5129 -5355
-5724 -5086 -5390
-5724 -5077 -5396
-5724 -4971 -5455
-5724 -4926 -5476
-5724 -4913 -5478
-5724 -4902 -5479
-5724 -4901 -5486
-5723 -5598 -4539
-5723 -5597 -4555
-5723 -5589 -4596
-5723 -5588 -4606
-5723 -5583 -4649
-5723 -5569 -4751
-5723 -5554 -4792
-5723 -5545 -4839
-5723 -5523 -4865
-5723 -5521 -4887
-5723 -5498 -4962
-5723 -5485 -4972
-5723 -5447 -5033
-5723 -5426 -5072
-5723 -5417 -5098
-5723 -5368 -5148
-5723 -5366 -5155
-5723 -5349 -5165
-5723 -5348 -5171
-5723 -5322 -5196
-5723 -5302 -5219
-5723 -5275 -5249
-5723 -5156 -5342
-5723 -5110 -5369
-5723 -5086 -5391
-5723 -4916 -5479
-5723 -4891 -5487
-5722 -5602 -4542
-5722 -5598 -4555
-5722 -5593 -4578
-5722 -5586 -4656
-5722 -5583 -4665
-5722 -5580 -4734
-5722 -5564 -4757
-5722 -5548 -4794
-5722 -5539 -4846
-5722 -5533 -4870
-5722 -5514 -4894
-5722 -5476 -4983
-5722 -5470 -5001
-5722 -5459 -5013
-5722 -5429 -5068
-5722 -5400 -5113
-5722 -5376 -5134
-5722 -5375 -5137
-5722 -5331 -5191
-5722 -5257 -5255
-5722 -5231 -5280
-5722 -5216 -5291
-5722 -5208 -5305
-5722 -5199 -5309
-5722 -5180 -5317
-5722 -5174 -5323
-5722 -5097 -5379
-5722 -5095 -5382
-5722 -5028 -5421
-5722 -5027 -5425
-5722 -5013 -5441
-5722 -4892 -5487
-5722 -4787 -5521
-5722 -4783 -5526
-5721 -5586 -4672
-5721 -5566 -4765
-5721 -5552 -4802
-5721 -5550 -4806
-5721 -5517 -4895
-5721 -5513 -4900
-5721 -5462 -5012
-5721 -5443 -5055
-5721 -5432 -5080
-5721 -5389 -5118
-5721 -5382 -5145
-5721 -5310 -5207
-5721 -5257 -5263
-5721 -5239 -5277
-5721 -5183 -5318
-5721 -5179 -5323
-5721 -5145 -5343
-5721 -5106 -5374
-5721 -5097 -5383
-5721 -5022 -5427
-5721 -5014 -5429
-5721 -4933 -5472
-5721 -4917 -5477
-5721 -4897 -5488
-5721 -4792 -5521
-5720 -5593 -4583
-5720 -5591 -4593
-5720 -5588 -4620
-5720 -5553 -4807
-5720 -5530 -4872
-5720 -5524 -4883
-5720 -5507 -4928
-5720 -5503 -4931
-5720 -5490 -4963
-5720 -5485 -4973
-5720 -5479 -4975
-5720 -5459 -5014
-5720 -5449 -5030
-5720 -5418 -5101
-5720 -5391 -5127
-5720 -5385 -5130
-5720 -5351 -5165
-5720 -5301 -5220
-5720 -5250 -5265
-5720 -5247 -5270
-5720 -5227 -5294
-5720 -5164 -5342
-5720 -5106 -5378
-5720 -5036 -5419
-5720 -5018 -5431
-5720 -4997 -5443
-5720 -4907 -5482
-5720 -4904 -5485
-5720 -4789 -5530
-5719 -5598 -4600
-5719 -5595 -4601
-5719 -5590 -4636
-5719 -5564 -4782
-5719 -5556 -4793
-5719 -5550 -4819
-5719 -5517 -4905
-5719 -5510 -4916
-5719 -5509 -4929
-5719 -5482 -4974
-5719 -5463 -5017
-5719 -5452 -5042
-5719 -5446 -5060
-5719 -5423 -5084
-5719 -5395 -5117
-5719 -5384 -5132
-5719 -5319 -5202
-5719 -5308 -5210
-5719 -5259 -5253
-5719 -5257 -5267
-5719 -5185 -5318
-5719 -5177 -5324
-5719 -5173 -5337
-5719 -5123 -5365
-5719 -5036 -5420
-5719 -4923 -5478
-5719 -4913 -5480
-5719 -4872 -5501
-5719 -4812 -5513
-5719 -4767 -5533
-5719 -4741 -5539
-5719 -4725 -5542
-5719 -4695 -5560
-5718 -5603 -4400
-5718 -5572 -4747
-5718 -5536 -4861
-5718 -5505 -4935
-5718 -5476 -4994
-5718 -5320 -5204
-5718 -5308 -5211
-5718 -5284 -5236
-5718 -5281 -5238
-5718 -5262 -5252
-5718 -5260 -5255
-5718 -5239 -5282
-5718 -5182 -5321
-5718 -5174 -5326
-5718 -5141 -5345
-5718 -5132 -5360
-5718 -5112 -5370
-5718 -5016 -5432
-5718 -4923 -5479
-5718 -4888 -5491
-5718 -4810 -5514
-5717 -5603 -4457
-5717 -5589 -4637
-5717 -5586 -4723
-5717 -5525 -4876
-5717 -5508 -4931
-5717 -5466 -5022
-5717 -5370 -5146
-5717 -5360 -5156
-5717 -5342 -5173
-5717 -5341 -5176
-5717 -5331 -5195
-5717 -5322 -5207
-5717 -5297 -5224
-5717 -5273 -5257
-5717 -5213 -5295
-5717 -5186 -5320
-5717 -5148 -5347
-5717 -5136 -5359
-5717 -5123 -5372
-5717 -5078 -5393
-5717 -5070 -5399
-5717 -5025 -5427
-5717 -4976 -5453
-5717 -4969 -5457
-5717 -4957 -5465
-5717 -4927 -5483
-5717 -4907 -5490
-5717 -4830 -5514
-5717 -4815 -5519
-5717 -4727 -5542
-5717 -4715 -5550
-5717 -4651 -5562
-5716 -5587 -4657
-5716 -5565 -4766
-5716 -5540 -4863
-5716 -5511 -4919
-5716 -5493 -4964
-5716 -5483 -4977
-5716 -5477 -4986
-5716 -5467 -5002
-5716 -5459 -5029
-5716 -5438 -5069
-5716 -5420 -5089
-5716 -5357 -5165
-5716 -5350 -5182
-5716 -5296 -5226
-5716 -5284 -5243
-5716 -5233 -5287
-5716 -5211 -5298
-5716 -5200 -5306
-5716 -5156 -5345
-5716 -5149 -5349
-5716 -5145 -5350
-5716 -5137 -5355
-5716 -5128 -5365
-5716 -5099 -5383
-5716 -5078 -5397
-5716 -5022 -5428
-5716 -5019 -5431
-5716 -4979 -5447
-5716 -4966 -5460
-5716 -4940 -5473
-5716 -4799 -5524
-5716 -4796 -5525
-5715 -5591 -4644
-5715 -5569 -4774
-5715 -5547 -4838
-5715 -5528 -4886
-5715 -5514 -4920
-5715 -5500 -4941
-5715 -5396 -5116
-5715 -5389 -5140
-5715 -5340 -5185
-5715 -5325 -5201
-5715 -5310 -5209
-5715 -5277 -5244
-5715 -5242 -5282
-5715 -5192 -5314
-5715 -5165 -5340
-5715 -5146 -5350
-5715 -5130 -5364
-5715 -5108 -5378
-5715 -5087 -5392
-5715 -5029 -5423
-5715 -4991 -5444
-5715 -4985 -5447
-5715 -4972 -5457
-5715 -4931 -5474
-5715 -4908 -5485
-5715 -4894 -5493
-5715 -4824 -5520
-5715 -4815 -5526
-5714 -5606 -4402
-5714 -5601 -4590
-5714 -5594 -4603
-5714 -5587 -4665
-5714 -5555 -4805
-5714 -5531 -4872
-5714 -5529 -4884
-5714 -5520 -4910
-5714 -5503 -4939
-5714 -5479 -4981
-5714 -5470 -5007
-5714 -5458 -5031
-5714 -5434 -5078
-5714 -5390 -5131
-5714 -5339 -5186
-5714 -5334 -5190
-5714 -5320 -5209
-5714 -5294 -5228
-5714 -5249 -5277
-5714 -5230 -5292
-5714 -5216 -5296
-5714 -5211 -5309
-5714 -5197 -5311
-5714 -5194 -5314
-5714 -5193 -5316
-5714 -5176 -5328
-5714 -5139 -5359
-5714 -5114 -5375
-5714 -5092 -5390
-5714 -5041 -5426
-5714 -4993 -5455
-5714 -4949 -5467
-5714 -4945 -5474
-5713 -5606 -4418
-5713 -5604 -4467
-5713 -5603 -4508
-5713 -5595 -4640
-5713 -5587 -4679
-5713 -5578 -4736
-5713 -5559 -4799
-5713 -5542 -4841
-5713 -5511 -4934
-5713 -5501 -4942
-5713 -5486 -4971
-5713 -5460 -5026
-5713 -5454 -5041
-5713 -5439 -5072
-5713 -5398 -5114
-5713 -5362 -5158
-5713 -5351 -5169
-5713 -5333 -5199
-5713 -5327 -5207
-5713 -5317 -5212
-5713 -5310 -5214
-5713 -5279 -5250
-5713 -5261 -5259
-5713 -5258 -5272
-5713 -5236 -5288
-5713 -5220 -5295
-5713 -5188 -5317
-5713 -5185 -5323
-5713 -5174 -5335
-5713 -5142 -5351
-5713 -5101 -5379
-5713 -5073 -5405
-5713 -5050 -5421
-5713 -5016 -5434
-5713 -4947 -5471
-5713 -4794 -5533
-5712 -5608 -4297
-5712 -5603 -4524
-5712 -5589 -4683
-5712 -5587 -4695
-5712 -5563 -4783
-5712 -5553 -4822
-5712 -5536 -4865
-5712 -5523 -4897
-5712 -5504 -4945
-5712 -5501 -4946
-5712 -5484 -4983
-5712 -5471 -5003
-5712 -5459 -5030
-5712 -5394 -5125
-5712 -5389 -5142
-5712 -5357 -5174
-5712 -5341 -5185
-5712 -5299 -5227
-5712 -5294 -5232
-5712 -5260 -5263
-5712 -5202 -5310
-5712 -5184 -5326
-5712 -5157 -5343
-5712 -5082 -5400
-5712 -5018 -5440
-5712 -5007 -5442
-5712 -4964 -5466
-5712 -4950 -5469
-5712 -4946 -5482
-5712 -4828 -5524
-5712 -4803 -5537
-5711 -5608 -4313
-5711 -5595 -4642
-5711 -5592 -4684
-5711 -5561 -4787
-5711 -5551 -4825
-5711 -5549 -4845
-5711 -5542 -4848
-5711 -5538 -4869
-5711 -5525 -4895
-5711 -5515 -4920
-5711 -5502 -4947
-5711 -5489 -4970
-5711 -5482 -4986
-5711 -5480 -4988
-5711 -5472 -5005
-5711 -5459 -5034
-5711 -5393 -5129
-5711 -5382 -5147
-5711 -5376 -5161
-5711 -5342 -5186
-5711 -5328 -5204
-5711 -5304 -5220
-5711 -5286 -5235
-5711 -5280 -5245
-5711 -5261 -5266
-5711 -5230 -5294
-5711 -5220 -5299
-5711 -5202 -5314
-5711 -5182 -5337
-5711 -5143 -5353
-5711 -5134 -5361
-5711 -5124 -5366
-5711 -5114 -5380
-5711 -5027 -5435
-5711 -4830 -5517
-5711 -4697 -5552
-5711 -4624 -5564
-5710 -5602 -4546
-5710 -5596 -4624
-5710 -5575 -4763
-5710 -5559 -4816
-5710 -5517 -4912
-5710 -5487 -4993
-5710 -5475 -5020
-5710 -5448 -5045
-5710 -5398 -5119
-5710 -5395 -5129
-5710 -5385 -5143
-5710 -5337 -5192
-5710 -5330 -5203
-5710 -5302 -5223
-5710 -5301 -5224
-5710 -5288 -5242
-5710 -5279 -5252
-5710 -5276 -5253
-5710 -5264 -5258
-5710 -5262 -5259
-5710 -5237 -5284
-5710 -5225 -5297
-5710 -5203 -5312
-5710 -5191 -5319
-5710 -5152 -5348
-5710 -5145 -5352
-5710 -5143 -5356
-5710 -5123 -5375
-5710 -5120 -5377
-5710 -5088 -5391
-5710 -5087 -5395
-5710 -5061 -5414
-5710 -5022 -5438
-5710 -5010 -5443
-5710 -4975 -5456
-5710 -4914 -5486
-5710 -4759 -5539
-5709 -5605 -4423
-5709 -5603 -4526
-5709 -5602 -4562
-5709 -5599 -4624
-5709 -5586 -4725
-5709 -5546 -4855
-5709 -5524 -4898
-5709 -5506 -4945
-5709 -5492 -4967
-5709 -5448 -5069
-5709 -5435 -5089
-5709 -5420 -5097
-5709 -5400 -5117
-5709 -5368 -5164
-5709 -5365 -5167
-5709 -5341 -5195
-5709 -5337 -5200
-5709 -5303 -5227
-5709 -5293 -5238
-5709 -5240 -5283
-5709 -5234 -5292
-5709 -5166 -5338
-5709 -5161 -5343
-5709 -5160 -5344
-5709 -5154 -5347
-5709 -5150 -5351
-5709 -5129 -5372
-5709 -5105 -5386
-5709 -5096 -5390
-5709 -5077 -5402
-5709 -5031 -5433
-5709 -5029 -5442
-5709 -4979 -5463
-5709 -4926 -5490
-5709 -4848 -5511
-5709 -4724 -5543
-5709 -4716 -5552
-5708 -5606 -4541
-5708 -5582 -4726
-5708 -5564 -4784
-5708 -5536 -4878
-5708 -5530 -4883
-5708 -5525 -4904
-5708 -5495 -4982
-5708 -5461 -5033
-5708 -5410 -5111
-5708 -5401 -5121
-5708 -5350 -5190
-5708 -5307 -5218
-5708 -5302 -5233
-5708 -5294 -5236
-5708 -5280 -5247
-5708 -5224 -5299
-5708 -5219 -5300
-5708 -5169 -5339
-5708 -5159 -5346
-5708 -5137 -5362
-5708 -5089 -5397
-5708 -5038 -5437
-5708 -4988 -5458
-5708 -4977 -5465
-5708 -4925 -5501
-5708 -4865 -5513
-5708 -4732 -5540
-5707 -5607 -4330
-5707 -5595 -4686
-5707 -5576 -4739
-5707 -5570 -4767
-5707 -5561 -4793
-5707 -5550 -4836
-5707 -5531 -4894
-5707 -5518 -4924
-5707 -5509 -4950
-5707 -5455 -5051
-5707 -5451 -5079
-5707 -5403 -5122
-5707 -5320 -5210
-5707 -5319 -5217
-5707 -5308 -5223
-5707 -5282 -5248
-5707 -5276 -5262
-5707 -5240 -5287
-5707 -5196 -5318
-5707 -5185 -5331
-5707 -5160 -5351
-5707 -5132 -5366
-5707 -5095 -5394
-5707 -5090 -5396
-5707 -5002 -5445
-5707 -4997 -5446
-5707 -4986 -5460
-5707 -4952 -5471
-5707 -4949 -5475
-5707 -4895 -5502
-5707 -4834 -5517
-5707 -4829 -5519
-5706 -5607 -4346
-5706 -5603 -4544
-5706 -5567 -4776
-5706 -5562 -4791
-5706 -5500 -4961
-5706 -5481 -4995
-5706 -5465 -5030
-5706 -5424 -5091
-5706 -5379 -5150
-5706 -5305 -5227
-5706 -5296 -5235
-5706 -5286 -5244
-5706 -5247 -5285
-5706 -5222 -5302
-5706 -5173 -5339
-5706 -5157 -5354
-5706 -5138 -5363
-5706 -5112 -5382
-5706 -5052 -5419
-5706 -4998 -5448
-5706 -4957 -5467
-5706 -4883 -5511
-5706 -4851 -5516
-5706 -4830 -5519
-5706 -4813 -5530
-5706 -4696 -5564
-5705 -5608 -4415
-5705 -5603 -4560
-5705 -5602 -4613
-5705 -5596 -4674
-5705 -5576 -4746
-5705 -5565 -4792
-5705 -5562 -4803
-5705 -5553 -4841
-5705 -5539 -4868
-5705 -5538 -4877
-5705 -5535 -4885
-5705 -5532 -4886
-5705 -5514 -4942
-5705 -5498 -4964
-5705 -5477 -5001
-5705 -5471 -5041
-5705 -5414 -5108
-5705 -5412 -5110
-5705 -5406 -5123
-5705 -5396 -5136
-5705 -5383 -5144
-5705 -5353 -5176
-5705 -5204 -5311
-5705 -5194 -5323
-5705 -5188 -5325
-5705 -5171 -5345
-5705 -5146 -5355
-5705 -5145 -5357
-5705 -5143 -5362
-5705 -5142 -5364
-5705 -5118 -5379
-5705 -5109 -5383
-5705 -5101 -5387
-5705 -5098 -5389
-5705 -5042 -5428
-5705 -4963 -5474
-5705 -4941 -5483
-5705 -4892 -5506
-5705 -4733 -5540
-5704 -5608 -4431
-5704 -5607 -4575
-5704 -5604 -4602
-5704 -5591 -4746
-5704 -5566 -4784
-5704 -5565 -4796
-5704 -5547 -4848
-5704 -5540 -4865
-5704 -5527 -4909
-5704 -5501 -4959
-5704 -5477 -5002
-5704 -5454 -5058
-5704 -5423 -5100
-5704 -5415 -5105
-5704 -5391 -5141
-5704 -5352 -5178
-5704 -5339 -5203
-5704 -5302 -5234
-5704 -5260 -5268
-5704 -5233 -5305
-5704 -5205 -5315
-5704 -5200 -5319
-5704 -5193 -5325
-5704 -5160 -5356
-5704 -5151 -5359
-5704 -5135 -5366
-5704 -5107 -5384
-5704 -5062 -5417
-5704 -5043 -5424
-5704 -5016 -5445
-5704 -4999 -5460
-5704 -4950 -5478
-5704 -4843 -5517
-5704 -4712 -5554
-5704 -4652 -5566
-5703 -5613 -4568
-5703 -5597 -4643
-5703 -5571 -4776
-5703 -5554 -4832
-5703 -5542 -4858
-5703 -5519 -4921
-5703 -5518 -4926
-5703 -5476 -5020
-5703 -5472 -5022
-5703 -5379 -5155
-5703 -5366 -5165
-5703 -5360 -5175
-5703 -5340 -5205
-5703 -5298 -5235
-5703 -5254 -5273
-5703 -5251 -5275
-5703 -5242 -5287
-5703 -5219 -5306
-5703 -5205 -5319
-5703 -5133 -5368
-5703 -5132 -5369
-5703 -5125 -5373
-5703 -5106 -5391
-5703 -5070 -5411
-5703 -5044 -5426
-5703 -5008 -5455
-5703 -4974 -5469
-5703 -4934 -5487
-5703 -4826 -5528
-5703 -4744 -5540
-5703 -4742 -5541
-5703 -4729 -5548
-5702 -5613 -4584
-5702 -5603 -4606
-5702 -5565 -4804
-5702 -5560 -4815
-5702 -5553 -4842
-5702 -5541 -4871
-5702 -5535 -4895
-5702 -5518 -4927
-5702 -5507 -4955
-5702 -5489 -4983
-5702 -5474 -5023
-5702 -5472 -5026
-5702 -5417 -5109
-5702 -5408 -5112
-5702 -5404 -5124
-5702 -5382 -5150
-5702 -5354 -5192
-5702 -5310 -5221
-5702 -5297 -5236
-5702 -5288 -5246
-5702 -5280 -5250
-5702 -5264 -5266
-5702 -5257 -5275
-5702 -5208 -5310
-5702 -5186 -5326
-5702 -5137 -5376
-5702 -5078 -5407
-5702 -5055 -5419
-5702 -4983 -5461
-5702 -4909 -5511
-5702 -4868 -5512
-5702 -4832 -5520
-5702 -4770 -5544
-5701 -5615 -4463
-5701 -5602 -4619
-5701 -5598 -4638
-5701 -5597 -4667
-5701 -5567 -4805
-5701 -5492 -4984
-5701 -5480 -4998
-5701 -5455 -5061
-5701 -5419 -5105
-5701 -5394 -5142
-5701 -5365 -5174
-5701 -5324 -5210
-5701 -5304 -5231
-5701 -5292 -5240
-5701 -5288 -5247
-5701 -5270 -5263
-5701 -5205 -5320
-5701 -5168 -5348
-5701 -5146 -5362
-5701 -5143 -5373
-5701 -5123 -5377
-5701 -5122 -5381
-5701 -5109 -5386
-5701 -5064 -5414
-5701 -5055 -5420
-5701 -4934 -5491
-5701 -4918 -5506
-5701 -4779 -5539
-5701 -4739 -5545
-5700 -5615 -4479
-5700 -5608 -4595
-5700 -5602 -4635
-5700 -5572 -4767
-5700 -5555 -4828
-5700 -5544 -4858
-5700 -5537 -4886
-5700 -5524 -4912
-5700 -5494 -4985
-5700 -5492 -4988
-5700 -5483 -5020
-5700 -5420 -5114
-5700 -5407 -5125
-5700 -5403 -5126
-5700 -5371 -5164
-5700 -5313 -5226
-5700 -5306 -5229
-5700 -5294 -5239
-5700 -5277 -5255
-5700 -5257 -5279
-5700 -5230 -5308
-5700 -5198 -5321
-5700 -5173 -5347
-5700 -5153 -5366
-5700 -5114 -5383
-5700 -5095 -5397
-5700 -5064 -5415
-5700 -5047 -5425
-5700 -4929 -5501
-5700 -4739 -5549
-5699 -5579 -4748
-5699 -5542 -4862
-5699 -5537 -4890
-5699 -5530 -4920
-5699 -5402 -5131
-5699 -5357 -5180
-5699 -5336 -5211
-5699 -5308 -5230
-5699 -5306 -5237
-5699 -5298 -5249
-5699 -5288 -5251
-5699 -5261 -5273
-5699 -5259 -5277
-5699 -5251 -5280
-5699 -5250 -5281
-5699 -5239 -5294
-5699 -5221 -5310
-5699 -5207 -5316
-5699 -5197 -5323
-5699 -5186 -5329
-5699 -5184 -5338
-5699 -5100 -5395
-5699 -5086 -5398
-5699 -5058 -5425
-5699 -5041 -5432
-5699 -4938 -5496
-5699 -4875 -5513
-5699 -4748 -5553
-5698 -5577 -4759
-5698 -5570 -4784
-5698 -5568 -4803
-5698 -5556 -4826
-5698 -5550 -4846
-5698 -5541 -4880
-5698 -5521 -4926
-5698 -5503 -4982
-5698 -5496 -4988
-5698 -5385 -5163
-5698 -5346 -5194
-5698 -5316 -5220
-5698 -5307 -5231
-5698 -5300 -5238
-5698 -5277 -5262
-5698 -5267 -5265
-5698 -5248 -5283
-5698 -5216 -5322
-5698 -5195 -5326
-5698 -5191 -5327
-5698 -5176 -5343
-5698 -5168 -5351
-5698 -5111 -5384
-5698 -5109 -5390
-5698 -5106 -5393
-5698 -5087 -5405
-5698 -5067 -5420
-5698 -5018 -5446
-5698 -4978 -5470
-5698 -4844 -5521
-5698 -4835 -5526
-5698 -4775 -5548
-5698 -4566 -5569
-5697 -5606 -4601
-5697 -5599 -4642
-5697 -5588 -4748
-5697 -5581 -4749
-5697 -5580 -4786
-5697 -5562 -4815
-5697 -5559 -4831
-5697 -5556 -4842
-5697 -5549 -4851
-5697 -5544 -4881
-5697 -5540 -4883
-5697 -5521 -4946
-5697 -5485 -4994
-5697 -5484 -4997
-5697 -5401 -5146
-5697 -5366 -5167
-5697 -5360 -5181
-5697 -5268 -5264
-5697 -5263 -5267
-5697 -5221 -5313
-5697 -5189 -5334
-5697 -5183 -5345
-5697 -5125 -5392
-5697 -5012 -5456
-5697 -5002 -5457
-5697 -4985 -5461
-5697 -4962 -5481
-5697 -4949 -5488
-5697 -4853 -5514
-5697 -4817 -5532
-5697 -4704 -5555
-5696 -5608 -4608
-5696 -5604 -4641
-5696 -5599 -4676
-5696 -5560 -4816
-5696 -5506 -4979
-5696 -5456 -5049
-5696 -5427 -5094
-5696 -5413 -5120
-5696 -5410 -5128
-5696 -5389 -5147
-5696 -5359 -5183
-5696 -5357 -5185
-5696 -5322 -5216
-5696 -5288 -5256
-5696 -5279 -5258
-5696 -5262 -5269
-5696 -5245 -5288
-5696 -5232 -5312
-5696 -5192 -5327
-5696 -5069 -5422
-5696 -5066 -5426
-5696 -5042 -5431
-5696 -5030 -5446
-5696 -5021 -5451
-5696 -5015 -5454
-5696 -4958 -5483
-5696 -4848 -5526
-5696 -4761 -5551
-5696 -4705 -5555
-5695 -5609 -4592
-5695 -5608 -4624
-5695 -5597 -4707
-5695 -5582 -4777
-5695 -5554 -4844
-5695 -5548 -4871
-5695 -5542 -4882
-5695 -5496 -4989
-5695 -5489 -4996
-5695 -5440 -5082
-5695 -5426 -5103
-5695 -5366 -5168
-5695 -5359 -5184
-5695 -5356 -5199
-5695 -5322 -5226
-5695 -5311 -5227
-5695 -5307 -5234
-5695 -5305 -5238
-5695 -5290 -5255
-5695 -5274 -5269
-5695 -5259 -5282
-5695 -5256 -5288
-5695 -5242 -5298
-5695 -5200 -5328
-5695 -5199 -5335
-5695 -5155 -5358
-5695 -5106 -5394
-5695 -5075 -5421
-5695 -5039 -5441
-5695 -4983 -5462
-5695 -4972 -5473
-5695 -4870 -5517
-5695 -4854 -5532
-5695 -4810 -5533
-5695 -4794 -5544
-5695 -4745 -5562
-5695 -4635 -5579
-5694 -5617 -4298
-5694 -5607 -4632
-5694 -5598 -4677
-5694 -5593 -4709
-5694 -5568 -4819
-5694 -5556 -4845
-5694 -5532 -4901
-5694 -5429 -5110
-5694 -5404 -5134
-5694 -5368 -5166
-5694 -5367 -5170
-5694 -5365 -5181
-5694 -5325 -5212
-5694 -5314 -5227
-5694 -5305 -5246
-5694 -5264 -5271
-5694 -5206 -5324
-5694 -5188 -5338
-5694 -5085 -5412
-5694 -5052 -5429
-5694 -5046 -5436
-5694 -5000 -5458
-5694 -4984 -5465
-5694 -4981 -5468
-5694 -4964 -5475
-5694 -4824 -5533
-5693 -5616 -4318
-5693 -5614 -4568
-5693 -5600 -4642
-5693 -5597 -4715
-5693 -5571 -4788
-5693 -5554 -4862
-5693 -5536 -4894
-5693 -5533 -4898
-5693 -5526 -4926
-5693 -5513 -4959
-5693 -5477 -5034
-5693 -5459 -5043
-5693 -5408 -5138
-5693 -5391 -5152
-5693 -5338 -5216
-5693 -5314 -5229
-5693 -5290 -5259
-5693 -5248 -5289
-5693 -5197 -5336
-5693 -5163 -5354
-5693 -5106 -5405
-5693 -5055 -5431
-5693 -5004 -5457
-5693 -4968 -5474
-5693 -4812 -5542
-5693 -4701 -5564
-5693 -4591 -5581
-5692 -5615 -4500
-5692 -5610 -4594
-5692 -5607 -4636
-5692 -5601 -4657
-5692 -5600 -4684
-5692 -5598 -4697
-5692 -5586 -4762
-5692 -5575 -4790
-5692 -5566 -4837
-5692 -5526 -4930
-5692 -5519 -4960
-5692 -5490 -4999
-5692 -5481 -5022
-5692 -5459 -5045
-5692 -5458 -5056
-5692 -5417 -5120
-5692 -5374 -5168
-5692 -5367 -5185
-5692 -5354 -5200
-5692 -5325 -5220
-5692 -5314 -5233
-5692 -5260 -5283
-5692 -5179 -5348
-5692 -5172 -5349
-5692 -5169 -5352
-5692 -5155 -5363
-5692 -5131 -5381
-5692 -5095 -5410
-5692 -4883 -5515
-5692 -4874 -5526
-5692 -4858 -5528
-5692 -4821 -5537
-5691 -5612 -4669
-5691 -5569 -4792
-5691 -5558 -4838
-5691 -5539 -4886
-5691 -5538 -4889
-5691 -5531 -4905
-5691 -5497 -4996
-5691 -5484 -5008
-5691 -5460 -5044
-5691 -5455 -5065
-5691 -5439 -5093
-5691 -5431 -5109
-5691 -5402 -5143
-5691 -5394 -5157
-5691 -5361 -5187
-5691 -5341 -5204
-5691 -5317 -5230
-5691 -5268 -5280
-5691 -5247 -5291
-5691 -5238 -5301
-5691 -5190 -5337
-5691 -5188 -5343
-5691 -5164 -5354
-5691 -5147 -5369
-5691 -5137 -5378
-5691 -5131 -5382
-5691 -5050 -5436
-5691 -4998 -5462
-5691 -4997 -5467
-5691 -4982 -5469
-5691 -4947 -5489
-5691 -4946 -5491
-5690 -5616 -4615
-5690 -5577 -4788
-5690 -5571 -4804
-5690 -5569 -4810
-5690 -5563 -4847
-5690 -5539 -4891
-5690 -5532 -4919
-5690 -5510 -4961
-5690 -5501 -4984
-5690 -5457 -5057
-5690 -5455 -5066
-5690 -5411 -5126
-5690 -5374 -5169
-5690 -5370 -5190
-5690 -5330 -5223
-5690 -5321 -5233
-5690 -5244 -5293
-5690 -5242 -5300
-5690 -5160 -5357
-5690 -5156 -5358
-5690 -5151 -5369
-5690 -5006 -5462
-5690 -4966 -5480
-5690 -4955 -5486
-5690 -4755 -5559
-5690 -4711 -5563
-5689 -5620 -4417
-5689 -5617 -4461
-5689 -5598 -4723
-5689 -5595 -4728
-5689 -5574 -4799
-5689 -5565 -4843
-5689 -5542 -4896
-5689 -5538 -4920
-5689 -5495 -5019
-5689 -5457 -5066
-5689 -5453 -5072
-5689 -5432 -5097
-5689 -5359 -5204
-5689 -5317 -5234
-5689 -5311 -5235
-5689 -5273 -5272
-5689 -5259 -5284
-5689 -5168 -5353
-5689 -5154 -5365
-5689 -5139 -5375
-5689 -5134 -5380
-5689 -5129 -5390
-5689 -5126 -5393
-5689 -5013 -5457
-5689 -4975 -5475
-5689 -4966 -5481
-5689 -4910 -5515
-5689 -4657 -5570
-5688 -5606 -4690
-5688 -5601 -4724
-5688 -5593 -4731
-5688 -5578 -4789
-5688 -5577 -4798
-5688 -5572 -4806
-5688 -5571 -4817
-5688 -5558 -4850
-5688 -5549 -4864
-5688 -5460 -5067
-5688 -5456 -5070
-5688 -5423 -5126
-5688 -5396 -5147
-5688 -5379 -5177
-5688 -5373 -5191
-5688 -5276 -5274
-5688 -5258 -5290
-5688 -5245 -5305
-5688 -5203 -5325
-5688 -5165 -5357
-5688 -5160 -5361
-5688 -5148 -5371
-5688 -5109 -5395
-5688 -5070 -5423
-5688 -5032 -5456
-5688 -4975 -5476
-5688 -4919 -5510
-5688 -4762 -5550
-5688 -4667 -5565
-5687 -5622 -4431
-5687 -5618 -4546
-5687 -5575 -4800
-5687 -5557 -4859
-5687 -5388 -5159
-5687 -5382 -5173
-5687 -5342 -5211
-5687 -5311 -5239
-5687 -5289 -5262
-5687 -5279 -5267
-5687 -5219 -5316
-5687 -5211 -5325
-5687 -5210 -5331
-5687 -5177 -5350
-5687 -5162 -5371
-5687 -5089 -5422
-5687 -5055 -5433
-5687 -5041 -5451
-5687 -4926 -5505
-5687 -4858 -5532
-5687 -4796 -5543
-5687 -4759 -5555
-5687 -4662 -5575
-5686 -5617 -4571
-5686 -5591 -4748
-5686 -5584 -4772
-5686 -5549 -4878
-5686 -5543 -4902
-5686 -5529 -4929
-5686 -5507 -4963
-5686 -5484 -5028
-5686 -5480 -5033
-5686 -5467 -5047
-5686 -5462 -5057
-5686 -5443 -5088
-5686 -5313 -5238
-5686 -5265 -5281
-5686 -5261 -5295
-5686 -5220 -5318
-5686 -5211 -5329
-5686 -5171 -5357
-5686 -5144 -5372
-5686 -5107 -5398
-5686 -5067 -5425
-5686 -5059 -5430
-5686 -4986 -5468
-5686 -4983 -5471
-5686 -4943 -5495
-5686 -4935 -5500
-5686 -4867 -5527
-5686 -4703 -5564
-5686 -4686 -5565
-5685 -5621 -4462
-5685 -5617 -4587
-5685 -5600 -4734
-5685 -5596 -4737
-5685 -5586 -4764
-5685 -5582 -4788
-5685 -5561 -4861
-5685 -5550 -4864
-5685 -5546 -4890
-5685 -5507 -4973
-5685 -5434 -5098
-5685 -5432 -5100
-5685 -5403 -5139
-5685 -5376 -5179
-5685 -5327 -5229
-5685 -5325 -5236
-5685 -5294 -5251
-5685 -5281 -5264
-5685 -5270 -5277
-5685 -5186 -5344
-5685 -5180 -5346
-5685 -5105 -5412
-5685 -5058 -5431
-5685 -5045 -5438
-5685 -4876 -5520
-5685 -4851 -5536
-5685 -4818 -5539
-5685 -4773 -5552
-5685 -4704 -5579
-5684 -5624 -4449
-5684 -5623 -4475
-5684 -5621 -4478
-5684 -5618 -4559
-5684 -5573 -4806
-5684 -5549 -4891
-5684 -5504 -4990
-5684 -5500 -4995
-5684 -5470 -5052
-5684 -5415 -5128
-5684 -5411 -5133
-5684 -5402 -5153
-5684 -5361 -5192
-5684 -5334 -5218
-5684 -5302 -5248
-5684 -5264 -5283
-5684 -5195 -5342
-5684 -5162 -5376
-5684 -5138 -5381
-5684 -5132 -5382
-5684 -5115 -5398
-5684 -5112 -5401
-5684 -5070 -5429
-5684 -5048 -5439
-5684 -5014 -5459
-5684 -4999 -5465
-5684 -4986 -5471
-5684 -4878 -5519
-5684 -4860 -5531
-5684 -4782 -5545
-5683 -5626 -4487
-5683 -5623 -4491
-5683 -5618 -4575
-5683 -5613 -4631
-5683 -5585 -4767
-5683 -5581 -4794
-5683 -5552 -4887
-5683 -5528 -4931
-5683 -5472 -5042
-5683 -5450 -5088
-5683 -5435 -5098
-5683 -5429 -5115
-5683 -5411 -5135
-5683 -5403 -5141
-5683 -5385 -5166
-5683 -5339 -5217
-5683 -5303 -5249
-5683 -5273 -5278
-5683 -5233 -5316
-5683 -5230 -5319
-5683 -5202 -5344
-5683 -5171 -5358
-5683 -5140 -5379
-5683 -5132 -5383
-5683 -5079 -5424
-5683 -5067 -5430
-5683 -4981 -5476
-5683 -4796 -5548
-5683 -4777 -5557
-5682 -5626 -4503
-5682 -5619 -4506
-5682 -5616 -4625
-5682 -5613 -4647
-5682 -5602 -4717
-5682 -5508 -4976
-5682 -5474 -5043
-5682 -5472 -5046
-5682 -5411 -5138
-5682 -5377 -5182
-5682 -5297 -5256
-5682 -5283 -5263
-5682 -5264 -5287
-5682 -5186 -5346
-5682 -5168 -5360
-5682 -5163 -5361
-5682 -5143 -5385
-5682 -5076 -5425
-5682 -5050 -5437
-5682 -4994 -5470
-5682 -4990 -5471
-5682 -4739 -5564
-5681 -5619 -4522
-5681 -5616 -4641
-5681 -5607 -4681
-5681 -5591 -4751
-5681 -5584 -4781
-5681 -5578 -4797
-5681 -5574 -4801
-5681 -5566 -4838
-5681 -5526 -4935
-5681 -5523 -4940
-5681 -5522 -4944
-5681 -5475 -5047
-5681 -5468 -5076
-5681 -5444 -5094
-5681 -5413 -5139
-5681 -5405 -5141
-5681 -5404 -5147
-5681 -5400 -5154
-5681 -5394 -5162
-5681 -5381 -5177
-5681 -5346 -5205
-5681 -5342 -5219
-5681 -5330 -5226
-5681 -5313 -5245
-5681 -5287 -5265
-5681 -5267 -5284
-5681 -5218 -5334
-5681 -5188 -5347
-5681 -5174 -5357
-5681 -5168 -5361
-5681 -5132 -5390
-5681 -4998 -5466
-5681 -4991 -5472
-5681 -4801 -5544
-5681 -4789 -5552
-5681 -4770 -5561
-5681 -4567 -5585
-5680 -5627 -4451
-5680 -5573 -4840
-5680 -5557 -4867
-5680 -5541 -4904
-5680 -5539 -4908
-5680 -5510 -4965
-5680 -5478 -5034
-5680 -5448 -5097
-5680 -5430 -5118
-5680 -5386 -5169
-5680 -5333 -5222
-5680 -5324 -5245
-5680 -5304 -5247
-5680 -5300 -5250
-5680 -5225 -5323
-5680 -5163 -5362
-5680 -5092 -5415
-5680 -5042 -5440
-5680 -5025 -5457
-5680 -5007 -5461
-5680 -5003 -5464
-5680 -5000 -5467
-5680 -4855 -5536
-5680 -4779 -5554
-5680 -4646 -5580
-5679 -5630 -4412
-5679 -5627 -4467
-5679 -5624 -4536
-5679 -5617 -4594
-5679 -5530 -4921
-5679 -5512 -4970
-5679 -5423 -5129
-5679 -5416 -5144
-5679 -5397 -5167
-5679 -5288 -5267
-5679 -5192 -5347
-5679 -5188 -5349
-5679 -5180 -5351
-5679 -5115 -5400
-5679 -5059 -5433
-5679 -5043 -5442
-5679 -5002 -5475
-5679 -4977 -5477
-5679 -4947 -5494
-5679 -4819 -5542
-5679 -4812 -5546
-5679 -4787 -5559
-5679 -4727 -5571
-5679 -4523 -5587
-5678 -5630 -4428
-5678 -5627 -4548
-5678 -5589 -4774
-5678 -5585 -4777
-5678 -5576 -4800
-5678 -5567 -4853
-5678 -5558 -4863
-5678 -5530 -4924
-5678 -5527 -4938
-5678 -5513 -4963
-5678 -5507 -4978
-5678 -5498 -5003
-5678 -5490 -5021
-5678 -5440 -5100
-5678 -5406 -5149
-5678 -5384 -5175
-5678 -5343 -5213
-5678 -5333 -5232
-5678 -5302 -5250
-5678 -5299 -5254
-5678 -5280 -5274
-5678 -5279 -5282
-5678 -5248 -5303
-5678 -5239 -5310
-5678 -5219 -5324
-5678 -5177 -5354
-5678 -5174 -5362
-5678 -5171 -5364
-5678 -5131 -5394
-5678 -5065 -5432
-5678 -5045 -5442
-5678 -5016 -5458
-5678 -5011 -5470
-5678 -4963 -5485
-5678 -4956 -5489
-5678 -4947 -5495
-5678 -4909 -5522
-5678 -4857 -5534
-5678 -4803 -5553
-5678 -4588 -5589
-5677 -5632 -4451
-5677 -5620 -4591
-5677 -5617 -4597
-5677 -5611 -4675
-5677 -5558 -4867
-5677 -5546 -4902
-5677 -5533 -4926
-5677 -5521 -4966
-5677 -5515 -4967
-5677 -5501 -4992
-5677 -5496 -5004
-5677 -5478 -5039
-5677 -5457 -5080
-5677 -5452 -5082
-5677 -5432 -5116
-5677 -5362 -5194
-5677 -5360 -5196
-5677 -5335 -5221
-5677 -5291 -5259
-5677 -5233 -5324
-5677 -5191 -5354
-5677 -5140 -5389
-5677 -5118 -5405
-5677 -5054 -5437
-5677 -5014 -5460
-5677 -4991 -5480
-5677 -4956 -5490
-5677 -4933 -5501
-5677 -4930 -5504
-5677 -4743 -5564
-5677 -4705 -5573
-5677 -4593 -5581
-5676 -5622 -4580
-5676 -5615 -4671
-5676 -5606 -4695
-5676 -5593 -4744
-5676 -5591 -4765
-5676 -5581 -4814
-5676 -5541 -4911
-5676 -5527 -4940
-5676 -5510 -4983
-5676 -5441 -5098
-5676 -5439 -5115
-5676 -5349 -5222
-5676 -5339 -5227
-5676 -5307 -5252
-5676 -5297 -5257
-5676 -5294 -5258
-5676 -5247 -5311
-5676 -5240 -5312
-5676 -5142 -5388
-5676 -5075 -5431
-5676 -5013 -5466
-5676 -4973 -5483
-5676 -4827 -5537
-5676 -4604 -5582
-5675 -5629 -4457
-5675 -5591 -4773
-5675 -5584 -4802
-5675 -5550 -4901
-5675 -5543 -4912
-5675 -5530 -4936
-5675 -5522 -4947
-5675 -5506 -4984
-5675 -5505 -4990
-5675 -5486 -5028
-5675 -5483 -5037
-5675 -5455 -5087
-5675 -5443 -5111
-5675 -5425 -5124
-5675 -5351 -5205
-5675 -5305 -5253
-5675 -5280 -5278
-5675 -5278 -5283
-5675 -5219 -5326
-5675 -5194 -5346
-5675 -5185 -5359
-5675 -5151 -5383
-5675 -5134 -5395
-5675 -5083 -5439
-5675 -5022 -5461
-5675 -4961 -5487
-5675 -4957 -5489
-5675 -4829 -5537
-5675 -4816 -5551
-5675 -4740 -5565
-5674 -5634 -4325
-5674 -5630 -4525
-5674 -5617 -4625
-5674 -5606 -4703
-5674 -5604 -4719
-5674 -5602 -4729
-5674 -5593 -4759
-5674 -5574 -4839
-5674 -5553 -4884
-5674 -5525 -4947
-5674 -5503 -4997
-5674 -5442 -5125
-5674 -5422 -5133
-5674 -5394 -5168
-5674 -5380 -5185
-5674 -5363 -5197
-5674 -5360 -5199
-5674 -5353 -5206
-5674 -5316 -5255
-5674 -5296 -5258
-5674 -5287 -5269
-5674 -5265 -5285
-5674 -5234 -5318
-5674 -5175 -5360
-5674 -5163 -5375
-5674 -5103 -5416
-5674 -5092 -5434
-5674 -4966 -5493
-5674 -4951 -5495
-5674 -4688 -5586
-5673 -5634 -4341
-5673 -5617 -4648
-5673 -5613 -4674
-5673 -5608 -4705
-5673 -5595 -4750
-5673 -5592 -4760
-5673 -5586 -4794
-5673 -5579 -4828
-5673 -5562 -4880
-5673 -5532 -4927
-5673 -5528 -4948
-5673 -5525 -4952
-5673 -5512 -4973
-5673 -5504 -4992
-5673 -5503 -4999
-5673 -5489 -5026
-5673 -5475 -5049
-5673 -5463 -5077
-5673 -5407 -5146
-5673 -5398 -5155
-5673 -5385 -5174
-5673 -5361 -5198
-5673 -5296 -5273
-5673 -5282 -5277
-5673 -5250 -5299
-5673 -5238 -5315
-5673 -5210 -5336
-5673 -5201 -5349
-5673 -5199 -5356
-5673 -5154 -5377
-5673 -5152 -5378
-5673 -5135 -5394
-5673 -5051 -5443
-5673 -5047 -5446
-5673 -4977 -5497
-5673 -4936 -5501
-5673 -4915 -5511
-5673 -4835 -5538
-5672 -5632 -4456
-5672 -5626 -4556
-5672 -5619 -4652
-5672 -5617 -4664
-5672 -5613 -4678
-5672 -5606 -4747
-5672 -5596 -4753
-5672 -5594 -4758
-5672 -5592 -4774
-5672 -5544 -4910
-5672 -5539 -4945
-5672 -5515 -4969
-5672 -5511 -4974
-5672 -5507 -4993
-5672 -5498 -5015
-5672 -5462 -5087
-5672 -5449 -5095
-5672 -5403 -5156
-5672 -5391 -5171
-5672 -5336 -5230
-5672 -5325 -5242
-5672 -5239 -5313
-5672 -5230 -5328
-5672 -5208 -5338
-5672 -5179 -5365
-5672 -5171 -5366
-5672 -5143 -5386
-5672 -5109 -5410
-5672 -5106 -5416
-5672 -4982 -5483
-5672 -4874 -5527
-5672 -4836 -5538
-5671 -5632 -4472
-5671 -5627 -4554
-5671 -5625 -4588
-5671 -5616 -4672
-5671 -5609 -4679
-5671 -5596 -4755
-5671 -5586 -4802
-5671 -5576 -4842
-5671 -5556 -4893
-5671 -5524 -4954
-5671 -5507 -4997
-5671 -5501 -5006
-5671 -5493 -5024
-5671 -5445 -5104
-5671 -5423 -5136
-5671 -5394 -5177
-5671 -5383 -5179
-5671 -5352 -5207
-5671 -5351 -5210
-5671 -5339 -5229
-5671 -5299 -5260
-5671 -5293 -5280
-5671 -5268 -5285
-5671 -5265 -5287
-5671 -5254 -5303
-5671 -5239 -5314
-5671 -5203 -5340
-5671 -5124 -5399
-5671 -5058 -5443
-5671 -5051 -5444
-5671 -5001 -5482
-5671 -4829 -5539
-5670 -5632 -4515
-5670 -5627 -4570
-5670 -5609 -4695
-5670 -5607 -4711
-5670 -5589 -4788
-5670 -5588 -4803
-5670 -5547 -4908
-5670 -5530 -4947
-5670 -5527 -4955
-5670 -5518 -4977
-5670 -5504 -5007
-5670 -5491 -5025
-5670 -5490 -5032
-5670 -5466 -5078
-5670 -5452 -5090
-5670 -5370 -5201
-5670 -5302 -5262
-5670 -5273 -5284
-5670 -5264 -5288
-5670 -5263 -5289
-5670 -5250 -5304
-5670 -5182 -5367
-5670 -5120 -5400
-5670 -5045 -5450
-5670 -5032 -5459
-5670 -5010 -5477
-5670 -4940 -5500
-5670 -4876 -5526
-5670 -4817 -5546
-5669 -5635 -4392
-5669 -5632 -4531
-5669 -5629 -4593
-5669 -5620 -4606
-5669 -5611 -4681
-5669 -5597 -4753
-5669 -5583 -4816
-5669 -5530 -4951
-5669 -5527 -4959
-5669 -5513 -4986
-5669 -5508 -4988
-5669 -5451 -5096
-5669 -5410 -5151
-5669 -5408 -5155
-5669 -5400 -5157
-5669 -5342 -5234
-5669 -5270 -5294
-5669 -5255 -5297
-5669 -5187 -5365
-5669 -5098 -5423
-5669 -5041 -5454
-5669 -5020 -5463
-5669 -4942 -5499
-5669 -4931 -5505
-5669 -4927 -5508
-5669 -4915 -5520
-5669 -4865 -5529
-5669 -4784 -5563
-5669 -4636 -5588
-5668 -5635 -4408
-5668 -5621 -4623
-5668 -5615 -4685
-5668 -5603 -4749
-5668 -5585 -4808
-5668 -5532 -4952
-5668 -5515 -4984
-5668 -5511 -4987
-5668 -5508 -4998
-5668 -5494 -5030
-5668 -5486 -5040
-5668 -5478 -5047
-5668 -5469 -5083
-5668 -5446 -5107
-5668 -5405 -5159
-5668 -5402 -5160
-5668 -5351 -5216
-5668 -5305 -5260
-5668 -5297 -5263
-5668 -5276 -5289
-5668 -5245 -5325
-5668 -5207 -5342
-5668 -5205 -5345
-5668 -5196 -5360
-5668 -5166 -5368
-5668 -5152 -5379
-5668 -5125 -5399
-5668 -5055 -5444
-5668 -5048 -5445
-5668 -5014 -5464
-5668 -4979 -5493
-5668 -4963 -5508
-5668 -4918 -5513
-5668 -4793 -5558
-5668 -4734 -5568
-5668 -4718 -5583
-5667 -5625 -4655
-5667 -5598 -4754
-5667 -5591 -4782
-5667 -5589 -4801
-5667 -5565 -4856
-5667 -5542 -4924
-5667 -5499 -5017
-5667 -5481 -5048
-5667 -5474 -5066
-5667 -5413 -5156
-5667 -5411 -5160
-5667 -5365 -5204
-5667 -5362 -5210
-5667 -5343 -5227
-5667 -5304 -5261
-5667 -5285 -5282
-5667 -5256 -5304
-5667 -5254 -5307
-5667 -5211 -5342
-5667 -5205 -5346
-5667 -5154 -5380
-5667 -5131 -5402
-5667 -5112 -5410
-5667 -5048 -5446
-5667 -5039 -5455
-5667 -5026 -5461
-5667 -5015 -5465
-5667 -4988 -5488
-5667 -4972 -5503
-5667 -4913 -5523
-5667 -4873 -5530
-5667 -4871 -5531
-5666 -5633 -4430
-5666 -5612 -4708
-5666 -5609 -4746
-5666 -5593 -4766
-5666 -5570 -4849
-5666 -5568 -4868
-5666 -5556 -4917
-5666 -5546 -4923
-5666 -5521 -4967
-5666 -5519 -4968
-5666 -5514 -4992
-5666 -5496 -5020
-5666 -5489 -5045
-5666 -5478 -5049
-5666 -5422 -5138
-5666 -5382 -5181
-5666 -5374 -5186
-5666 -5352 -5213
-5666 -5299 -5269
-5666 -5251 -5312
-5666 -5219 -5330
-5666 -5213 -5336
-5666 -5171 -5370
-5666 -5168 -5374
-5666 -5156 -5377
-5666 -5132 -5396
-5666 -5098 -5425
-5666 -5084 -5436
-5666 -5048 -5450
-5666 -5036 -5456
-5666 -5028 -5460
-5666 -4922 -5518
-5666 -4893 -5525
-5666 -4838 -5542
-5666 -4819 -5544
-5666 -4750 -5565
-5665 -5599 -4758
-5665 -5595 -4787
-5665 -5581 -4846
-5665 -5516 -4982
-5665 -5501 -5010
-5665 -5461 -5092
-5665 -5374 -5192
-5665 -5354 -5213
-5665 -5334 -5236
-5665 -5307 -5266
-5665 -5262 -5298
-5665 -5223 -5329
-5665 -5222 -5331
-5665 -5177 -5369
-5665 -5135 -5397
-5665 -5122 -5406
-5665 -5052 -5449
-5665 -5045 -5451
-5665 -5036 -5464
-5665 -5016 -5466
-5665 -4906 -5527
-5665 -4846 -5539
-5665 -4823 -5547
-5665 -4819 -5548
-5664 -5631 -4561
-5664 -5621 -4715
-5664 -5585 -4836
-5664 -5565 -4882
-5664 -5561 -4884
-5664 -5540 -4944
-5664 -5518 -4983
-5664 -5516 -4986
-5664 -5484 -5048
-5664 -5425 -5132
-5664 -5411 -5165
-5664 -5365 -5213
-5664 -5348 -5223
-5664 -5299 -5273
-5664 -5267 -5302
-5664 -5256 -5306
-5664 -5157 -5380
-5664 -5144 -5392
-5664 -5140 -5395
-5664 -5109 -5416
-5664 -5021 -5474
-5664 -4915 -5522
-5664 -4880 -5528
-5664 -4871 -5532
-5664 -4859 -5535
-5664 -4847 -5543
-5664 -4781 -5567
-5664 -4587 -5590
-5663 -5638 -4466
-5663 -5627 -4612
-5663 -5605 -4752
-5663 -5569 -4856
-5663 -5525 -4960
-5663 -5519 -4987
-5663 -5506 -5001
-5663 -5491 -5033
-5663 -5481 -5054
-5663 -5452 -5106
-5663 -5420 -5147
-5663 -5385 -5181
-5663 -5354 -5220
-5663 -5348 -5231
-5663 -5343 -5232
-5663 -5290 -5283
-5663 -5257 -5303
-5663 -5253 -5315
-5663 -5208 -5353
-5663 -5115 -5413
-5663 -5061 -5441
-5663 -5056 -5445
-5663 -5030 -5469
-5663 -5014 -5476
-5663 -4912 -5528
-5663 -4875 -5532
-5663 -4795 -5554
-5663 -4794 -5556
-5663 -4745 -5573
-5663 -4730 -5583
-5662 -5633 -4477
-5662 -5632 -4636
-5662 -5602 -4758
-5662 -5601 -4759
-5662 -5597 -4772
-5662 -5572 -4856
-5662 -5569 -4860
-5662 -5557 -4892
-5662 -5548 -4930
-5662 -5534 -4957
-5662 -5522 -4961
-5662 -5506 -5007
-5662 -5477 -5064
-5662 -5431 -5128
-5662 -5421 -5142
-5662 -5417 -5149
-5662 -5366 -5206
-5662 -5350 -5230
-5662 -5340 -5235
-5662 -5333 -5237
-5662 -5330 -5240
-5662 -5313 -5257
-5662 -5302 -5273
-5662 -5260 -5303
-5662 -5259 -5311
-5662 -5217 -5335
-5662 -5180 -5370
-5662 -5152 -5383
-5662 -5112 -5416
-5662 -5100 -5421
-5662 -5096 -5428
-5662 -5065 -5440
-5662 -5062 -5444
-5662 -5059 -5447
-5662 -5048 -5454
-5662 -5039 -5457
-5662 -5014 -5477
-5662 -4924 -5510
-5662 -4921 -5523
-5662 -4842 -5549
-5662 -4758 -5568
-5662 -4729 -5584
-5662 -4669 -5596
-5661 -5634 -4497
-5661 -5610 -4718
-5661 -5597 -4774
-5661 -5574 -4848
-5661 -5570 -4869
-5661 -5566 -4874
-5661 -5528 -4965
-5661 -5527 -4968
-5661 -5525 -4970
-5661 -5509 -4999
-5661 -5507 -5006
-5661 -5468 -5096
-5661 -5414 -5153
-5661 -5399 -5167
-5661 -5383 -5183
-5661 -5375 -5188
-5661 -5322 -5252
-5661 -5306 -5273
-5661 -5282 -5290
-5661 -5216 -5336
-5661 -5152 -5384
-5661 -5140 -5400
-5661 -5105 -5423
-5661 -5068 -5442
-5661 -5037 -5459
-5661 -4935 -5513
-5661 -4862 -5533
-5661 -4826 -5560
-5661 -4757 -5579
-5660 -5634 -4531
-5660 -5622 -4671
-5660 -5597 -4788
-5660 -5587 -4806
-5660 -5558 -4887
-5660 -5452 -5107
-5660 -5432 -5131
-5660 -5423 -5141
-5660 -5419 -5150
-5660 -5416 -5152
-5660 -5399 -5184
-5660 -5382 -5196
-5660 -5373 -5201
-5660 -5351 -5227
-5660 -5253 -5317
-5660 -5212 -5345
-5660 -5205 -5360
-5660 -5188 -5362
-5660 -5170 -5373
-5660 -5166 -5380
-5660 -5039 -5460
-5660 -4990 -5486
-5660 -4928 -5515
-5660 -4924 -5518
-5660 -4919 -5524
-5659 -5640 -4456
-5659 -5635 -4488
-5659 -5622 -4687
-5659 -5598 -4818
-5659 -5560 -4889
-5659 -5545 -4932
-5659 -5535 -4963
-5659 -5510 -5016
-5659 -5490 -5037
-5659 -5423 -5149
-5659 -5418 -5152
-5659 -5408 -5166
-5659 -5386 -5188
-5659 -5302 -5275
-5659 -5268 -5297
-5659 -5231 -5332
-5659 -5219 -5347
-5659 -5181 -5370
-5659 -5155 -5385
-5659 -5154 -5393
-5659 -5132 -5403
-5659 -5107 -5417
-5659 -5098 -5427
-5659 -5097 -5432
-5659 -5070 -5442
-5659 -5064 -5447
-5659 -5003 -5481
-5659 -4981 -5490
-5659 -4928 -5519
-5659 -4908 -5529
-5659 -4874 -5533
-5659 -4862 -5535
-5659 -4849 -5538
-5658 -5640 -4472
-5658 -5633 -4532
-5658 -5616 -4721
-5658 -5570 -4886
-5658 -5493 -5033
-5658 -5487 -5046
-5658 -5478 -5064
-5658 -5446 -5111
-5658 -5422 -5155
-5658 -5388 -5190
-5658 -5250 -5319
-5658 -5190 -5365
-5658 -5177 -5374
-5658 -5128 -5409
-5658 -5116 -5412
-5658 -5100 -5425
-5658 -5099 -5426
-5658 -5041 -5462
-5658 -5038 -5466
-5658 -5002 -5486
-5658 -4899 -5532
-5658 -4868 -5537
-5658 -4858 -5544
-5657 -5634 -4547
-5657 -5633 -4548
-5657 -5610 -4755
-5657 -5605 -4763
-5657 -5600 -4767
-5657 -5497 -5022
-5657 -5491 -5039
-5657 -5487 -5051
-5657 -5471 -5067
-5657 -5457 -5101
-5657 -5451 -5113
-5657 -5432 -5136
-5657 -5426 -5142
-5657 -5402 -5178
-5657 -5356 -5216
-5657 -5337 -5241
-5657 -5325 -5246
-5657 -5317 -5255
-5657 -5312 -5279
-5657 -5293 -5281
-5657 -5271 -5291
-5657 -5247 -5322
-5657 -5223 -5334
-5657 -5167 -5375
-5657 -5160 -5385
-5657 -5118 -5425
-5657 -5069 -5451
-5657 -5062 -5455
-5657 -5047 -5461
-5657 -5011 -5481
-5657 -5000 -5488
-5657 -4877 -5535
-5656 -5635 -4571
-5656 -5625 -4680
-5656 -5607 -4756
-5656 -5573 -4851
-5656 -5561 -4888
-5656 -5558 -4896
-5656 -5536 -4948
-5656 -5522 -4974
-5656 -5521 -4975
-5656 -5517 -5003
-5656 -5498 -5026
-5656 -5495 -5027
-5656 -5491 -5040
-5656 -5325 -5248
-5656 -5321 -5261
-5656 -5278 -5293
-5656 -5268 -5298
-5656 -5227 -5336
-5656 -5170 -5375
-5656 -5155 -5389
-5656 -5135 -5404
-5656 -5078 -5446
-5656 -5009 -5483
-5655 -5642 -4346
-5655 -5637 -4556
-5655 -5634 -4600
-5655 -5627 -4676
-5655 -5612 -4746
-5655 -5599 -4774
-5655 -5558 -4900
-5655 -5519 -4999
-5655 -5501 -5022
-5655 -5497 -5028
-5655 -5447 -5114
-5655 -5357 -5216
-5655 -5329 -5244
-5655 -5326 -5247
-5655 -5274 -5296
-5655 -5270 -5297
-5655 -5258 -5314
-5655 -5211 -5349
-5655 -5169 -5376
-5655 -5162 -5383
-5655 -5161 -5386
-5655 -5135 -5405
-5655 -5086 -5436
-5655 -4874 -5539
-5655 -4871 -5542
-5655 -4739 -5581
-5654 -5641 -4517
-5654 -5637 -4572
-5654 -5603 -4764
-5654 -5599 -4790
-5654 -5587 -4823
-5654 -5571 -4868
-5654 -5567 -4888
-5654 -5541 -4939
-5654 -5537 -4965
-5654 -5526 -4971
-5654 -5521 -4984
-5654 -5500 -5024
-5654 -5494 -5038
-5654 -5482 -5055
-5654 -5479 -5064
-5654 -5476 -5068
-5654 -5437 -5131
-5654 -5424 -5151
-5654 -5416 -5157
-5654 -5406 -5167
-5654 -5367 -5209
-5654 -5360 -5215
-5654 -5333 -5245
-5654 -5315 -5267
-5654 -5265 -5305
-5654 -5264 -5324
-5654 -5180 -5373
-5654 -5171 -5378
-5654 -5168 -5380
-5654 -5144 -5396
-5654 -5132 -5406
-5654 -5124 -5410
-5654 -5023 -5470
-5654 -4986 -5489
-5654 -4985 -5492
-5654 -4894 -5537
-5653 -5635 -4592
-5653 -5627 -4684
-5653 -5622 -4694
-5653 -5615 -4735
-5653 -5603 -4780
-5653 -5576 -4862
-5653 -5559 -4891
-5653 -5548 -4933
-5653 -5539 -4961
-5653 -5523 -4985
-5653 -5486 -5055
-5653 -5477 -5081
-5653 -5455 -5104
-5653 -5414 -5164
-5653 -5366 -5212
-5653 -5362 -5226
-5653 -5293 -5283
-5653 -5290 -5286
-5653 -5273 -5306
-5653 -5232 -5332
-5653 -5231 -5333
-5653 -5228 -5337
-5653 -5208 -5354
-5653 -5183 -5379
-5653 -5166 -5381
-5653 -5120 -5412
-5653 -5085 -5440
-5653 -5082 -5443
-5653 -5051 -5460
-5653 -5022 -5476
-5653 -4939 -5509
-5653 -4903 -5532
-5653 -4848 -5547
-5653 -4829 -5552
-5653 -4759 -5571
-5653 -4639 -5600
-5652 -5638 -4520
-5652 -5637 -4605
-5652 -5629 -4640
-5652 -5628 -4656
-5652 -5616 -4731
-5652 -5587 -4858
-5652 -5549 -4929
-5652 -5542 -4944
-5652 -5541 -4946
-5652 -5524 -4989
-5652 -5503 -5034
-5652 -5457 -5102
-5652 -5440 -5141
-5652 -5394 -5185
-5652 -5382 -5199
-5652 -5371 -5212
-5652 -5353 -5228
-5652 -5339 -5240
-5652 -5336 -5243
-5652 -5333 -5250
-5652 -5324 -5254
-5652 -5294 -5280
-5652 -5242 -5329
-5652 -5236 -5332
-5652 -5192 -5361
-5652 -5163 -5383
-5652 -5159 -5390
-5652 -5155 -5392
-5652 -5149 -5395
-5652 -5148 -5396
-5652 -5129 -5407
-5652 -5107 -5429
-5652 -4929 -5518
-5652 -4896 -5535
-5652 -4842 -5554
-5652 -4835 -5558
-5652 -4775 -5570
-5651 -5643 -4391
-5651 -5638 -4605
-5651 -5636 -4607
-5651 -5623 -4715
-5651 -5599 -4813
-5651 -5562 -4894
-5651 -5559 -4910
-5651 -5543 -4947
-5651 -5506 -5017
-5651 -5495 -5036
-5651 -5493 -5044
-5651 -5490 -5053
-5651 -5461 -5098
-5651 -5443 -5126
-5651 -5375 -5201
-5651 -5287 -5288
-5651 -5285 -5290
-5651 -5228 -5340
-5651 -5224 -5344
-5651 -5222 -5351
-5651 -5194 -5364
-5651 -5185 -5368
-5651 -5168 -5385
-5651 -5141 -5399
-5651 -5124 -5415
-5651 -5101 -5430
-5651 -5098 -5433
-5651 -4995 -5491
-5651 -4948 -5519
-5651 -4932 -5534
-5651 -4851 -5549
-5651 -4844 -5553
-5651 -4784 -5565
-5651 -4679 -5589
-5650 -5643 -4407
-5650 -5642 -4551
-5650 -5626 -4722
-5650 -5590 -4823
-5650 -5558 -4911
-5650 -5544 -4951
-5650 -5529 -4973
-5650 -5523 -4996
-5650 -5503 -5047
-5650 -5460 -5107
-5650 -5453 -5113
-5650 -5442 -5128
-5650 -5388 -5197
-5650 -5373 -5208
-5650 -5345 -5232
-5650 -5323 -5255
-5650 -5285 -5293
-5650 -5276 -5297
-5650 -5191 -5366
-5650 -5177 -5380
-5650 -5169 -5385
-5650 -5129 -5413
-5650 -5042 -5463
-5650 -4957 -5514
-5650 -4941 -5529
-5650 -4884 -5539
-5650 -4613 -5607
-5649 -5644 -4529
-5649 -5628 -4692
-5649 -5604 -4781
-5649 -5568 -4889
-5649 -5563 -4895
-5649 -5562 -4902
-5649 -5525 -4988
-5649 -5513 -5006
-5649 -5506 -5043
-5649 -5478 -5071
-5649 -5408 -5170
-5649 -5368 -5216
-5649 -5344 -5233
-5649 -5239 -5334
-5649 -5145 -5400
-5649 -5134 -5411
-5649 -5061 -5462
-5649 -4855 -5552
-5649 -4802 -5563
-5648 -5646 -4425
-5648 -5641 -4581
-5648 -5633 -4649
-5648 -5607 -4767
-5648 -5601 -4786
-5648 -5590 -4833
-5648 -5573 -4864
-5648 -5469 -5103
-5648 -5408 -5173
-5648 -5389 -5191
-5648 -5382 -5204
-5648 -5359 -5234
-5648 -5334 -5247
-5648 -5331 -5253
-5648 -5321 -5272
-5648 -5279 -5302
-5648 -5227 -5344
-5648 -5189 -5368
-5648 -5185 -5372
-5648 -5180 -5385
-5648 -5161 -5391
-5648 -5154 -5395
-5648 -5137 -5404
-5648 -5071 -5448
-5648 -5067 -5453
-5648 -5039 -5465
-5648 -5031 -5470
-5648 -5023 -5471
-5648 -4887 -5538
-5648 -4864 -5547
-5648 -4780 -5570
-5648 -4771 -5576
-5647 -5646 -4441
-5647 -5634 -4651
-5647 -5610 -4757
-5647 -5593 -4834
-5647 -5580 -4863
-5647 -5562 -4909
-5647 -5532 -4968
-5647 -5526 -5005
-5647 -5515 -5011
-5647 -5511 -5014
-5647 -5415 -5161
-5647 -5391 -5186
-5647 -5342 -5239
-5647 -5330 -5254
-5647 -5323 -5257
-5647 -5300 -5285
-5647 -5291 -5296
-5647 -5233 -5340
-5647 -5214 -5354
-5647 -5197 -5364
-5647 -5194 -5367
-5647 -5157 -5392
-5647 -5146 -5399
-5647 -5136 -5406
-5647 -5052 -5463
-5647 -5041 -5469
-5647 -4867 -5544
-5647 -4860 -5548
-5647 -4839 -5558
-5647 -4670 -5591
-5646 -5643 -4571
-5646 -5614 -4754
-5646 -5609 -4766
-5646 -5593 -4838
-5646 -5581 -4862
-5646 -5579 -4865
-5646 -5558 -4915
-5646 -5546 -4939
-5646 -5492 -5053
-5646 -5489 -5065
-5646 -5454 -5112
-5646 -5451 -5130
-5646 -5415 -5162
-5646 -5402 -5180
-5646 -5383 -5204
-5646 -5340 -5240
-5646 -5282 -5298
-5646 -5268 -5308
-5646 -5211 -5355
-5646 -5200 -5361
-5646 -5188 -5373
-5646 -5185 -5379
-5646 -5165 -5389
-5646 -5139 -5401
-5646 -5134 -5416
-5646 -5106 -5431
-5646 -5099 -5435
-5646 -5087 -5438
-5646 -5084 -5441
-5646 -5050 -5465
-5646 -5042 -5469
-5646 -5008 -5484
-5646 -4975 -5498
-5646 -4869 -5543
-5646 -4791 -5566
-5645 -5627 -4693
-5645 -5594 -4824
-5645 -5576 -4882
-5645 -5567 -4904
-5645 -5552 -4919
-5645 -5549 -4932
-5645 -5535 -4973
-5645 -5492 -5074
-5645 -5472 -5082
-5645 -5470 -5084
-5645 -5411 -5167
-5645 -5392 -5186
-5645 -5380 -5208
-5645 -5353 -5235
-5645 -5339 -5247
-5645 -5307 -5286
-5645 -5245 -5326
-5645 -5234 -5337
-5645 -5223 -5349
-5645 -5206 -5356
-5645 -5192 -5368
-5645 -5191 -5369
-5645 -5152 -5406
-5645 -5115 -5426
-5645 -5089 -5449
-5645 -5051 -5464
-5645 -5039 -5470
-5645 -5023 -5482
-5645 -4997 -5490
-5645 -4986 -5492
-5645 -4984 -5493
-5645 -4978 -5494
-5645 -4900 -5536
-5645 -4841 -5556
-5645 -4797 -5568
-5645 -4784 -5574
-5645 -4719 -5586
-5645 -4696 -5588
-5644 -5637 -4615
-5644 -5635 -4617
-5644 -5629 -4657
-5644 -5615 -4752
-5644 -5612 -4771
-5644 -5605 -4800
-5644 -5594 -4829
-5644 -5571 -4894
-5644 -5556 -4922
-5644 -5551 -4934
-5644 -5548 -4950
-5644 -5512 -5019
-5644 -5507 -5020
-5644 -5495 -5048
-5644 -5476 -5085
-5644 -5471 -5092
-5644 -5372 -5209
-5644 -5370 -5219
-5644 -5199 -5363
-5644 -5196 -5373
-5644 -5098 -5444
-5644 -5028 -5475
-5644 -5007 -5487
-5644 -4995 -5496
-5644 -4806 -5563
-5643 -5650 -4430
-5643 -5645 -4445
-5643 -5637 -4631
-5643 -5631 -4658
-5643 -5600 -4812
-5643 -5565 -4922
-5643 -5555 -4924
-5643 -5528 -4978
-5643 -5512 -5036
-5643 -5496 -5052
-5643 -5472 -5087
-5643 -5452 -5121
-5643 -5432 -5146
-5643 -5427 -5157
-5643 -5409 -5168
-5643 -5384 -5199
-5643 -5356 -5240
-5643 -5335 -5249
-5643 -5230 -5343
-5643 -5208 -5358
-5643 -5207 -5359
-5643 -5186 -5374
-5643 -5182 -5386
-5643 -5168 -5396
-5643 -5137 -5424
-5643 -5011 -5483
-5643 -5004 -5491
-5643 -4984 -5501
-5643 -4970 -5506
-5643 -4893 -5544
-5643 -4848 -5553
-5643 -4834 -5560
-5643 -4786 -5571
-5643 -4703 -5589
-5643 -4689 -5591
-5642 -5650 -4446
-5642 -5648 -4455
-5642 -5646 -4468
-5642 -5616 -4733
-5642 -5613 -4758
-5642 -5601 -4803
-5642 -5592 -4841
-5642 -5578 -4868
-5642 -5577 -4877
-5642 -5571 -4896
-5642 -5532 -4981
-5642 -5527 -4982
-5642 -5493 -5055
-5642 -5477 -5084
-5642 -5473 -5087
-5642 -5461 -5105
-5642 -5434 -5157
-5642 -5412 -5166
-5642 -5407 -5178
-5642 -5400 -5182
-5642 -5390 -5187
-5642 -5386 -5200
-5642 -5368 -5220
-5642 -5365 -5222
-5642 -5333 -5257
-5642 -5324 -5262
-5642 -5268 -5314
-5642 -5247 -5327
-5642 -5245 -5334
-5642 -5203 -5361
-5642 -5186 -5375
-5642 -5172 -5389
-5642 -5154 -5403
-5642 -5129 -5428
-5642 -5065 -5454
-5642 -5031 -5473
-5642 -4991 -5497
-5642 -4800 -5573
-5642 -4740 -5585
-5642 -4724 -5587
-5642 -4707 -5588
-5641 -5643 -4574
-5641 -5631 -4675
-5641 -5627 -4745
-5641 -5606 -4776
-5641 -5550 -4940
-5641 -5541 -4953
-5641 -5527 -4993
-5641 -5481 -5079
-5641 -5475 -5092
-5641 -5416 -5161
-5641 -5401 -5182
-5641 -5395 -5188
-5641 -5388 -5199
-5641 -5379 -5209
-5641 -5348 -5243
-5641 -5345 -5246
-5641 -5302 -5289
-5641 -5283 -5306
-5641 -5277 -5313
-5641 -5248 -5325
-5641 -5215 -5352
-5641 -5210 -5357
-5641 -5197 -5369
-5641 -5189 -5374
-5641 -5154 -5404
-5641 -5138 -5410
-5641 -5068 -5452
-5641 -5027 -5489
-5641 -4975 -5504
-5641 -4974 -5511
-5641 -4897 -5549
-5641 -4881 -5551
-5641 -4821 -5563
-5641 -4722 -5589
-5640 -5646 -4586
-5640 -5640 -4624
-5640 -5635 -4692
-5640 -5614 -4757
-5640 -5603 -4809
-5640 -5597 -4840
-5640 -5569 -4903
-5640 -5545 -4952
-5640 -5540 -4954
-5640 -5528 -4995
-5640 -5513 -5017
-5640 -5500 -5054
-5640 -5478 -5088
-5640 -5426 -5160
-5640 -5425 -5166
-5640 -5399 -5204
-5640 -5384 -5210
-5640 -5382 -5211
-5640 -5379 -5214
-5640 -5352 -5244
-5640 -5351 -5247
-5640 -5342 -5249
-5640 -5328 -5261
-5640 -5304 -5287
-5640 -5284 -5304
-5640 -5238 -5337
-5640 -5231 -5344
-5640 -5213 -5360
-5640 -5205 -5365
-5640 -5187 -5377
-5640 -5087 -5451
-5640 -5067 -5461
-5640 -5038 -5477
-5640 -5031 -5481
-5640 -5011 -5500
-5640 -4983 -5506
-5640 -4974 -5515
-5640 -4758 -5583
-5640 -4675 -5592
-5640 -4568 -5608
-5639 -5639 -4638
-5639 -5608 -4800
-5639 -5579 -4874
-5639 -5570 -4902
-5639 -5554 -4927
-5639 -5547 -4955
-5639 -5534 -4975
-5639 -5501 -5049
-5639 -5459 -5115
-5639 -5408 -5186
-5639 -5360 -5229
-5639 -5334 -5250
-5639 -5285 -5300
-5639 -5251 -5331
-5639 -5247 -5332
-5639 -5240 -5336
-5639 -5226 -5347
-5639 -5155 -5399
-5639 -5104 -5433
-5639 -5090 -5445
-5639 -5076 -5456
-5639 -5047 -5472
-5639 -5028 -5484
-5639 -4983 -5510
-5639 -4963 -5520
-5639 -4849 -5555
-5639 -4769 -5580
-5639 -4693 -5590
-5639 -4689 -5594
-5638 -5642 -4612
-5638 -5641 -4616
-5638 -5621 -4746
-5638 -5618 -4751
-5638 -5611 -4801
-5638 -5588 -4866
-5638 -5571 -4898
-5638 -5561 -4943
-5638 -5556 -4944
-5638 -5548 -4957
-5638 -5536 -4978
-5638 -5414 -5170
-5638 -5371 -5217
-5638 -5334 -5258
-5638 -5326 -5264
-5638 -5288 -5302
-5638 -5256 -5327
-5638 -5232 -5343
-5638 -5219 -5352
-5638 -5174 -5391
-5638 -4945 -5523
-5638 -4825 -5562
-5637 -5649 -4522
-5637 -5643 -4592
-5637 -5624 -4747
-5637 -5615 -4774
-5637 -5613 -4782
-5637 -5601 -4811
-5637 -5600 -4821
-5637 -5573 -4899
-5637 -5571 -4902
-5637 -5568 -4910
-5637 -5545 -4962
-5637 -5521 -5011
-5637 -5504 -5054
-5637 -5495 -5063
-5637 -5443 -5136
-5637 -5378 -5215
-5637 -5367 -5226
-5637 -5339 -5252
-5637 -5324 -5265
-5637 -5304 -5289
-5637 -5294 -5294
-5637 -5267 -5321
-5637 -5241 -5350
-5637 -5214 -5355
-5637 -5183 -5384
-5637 -5171 -5394
-5637 -5157 -5399
-5637 -5143 -5414
-5637 -5055 -5479
-5637 -4836 -5562
-5637 -4825 -5563
-5637 -4692 -5595
-5637 -4649 -5603
-5636 -5651 -4504
-5636 -5647 -4526
-5636 -5598 -4823
-5636 -5594 -4849
-5636 -5549 -4949
-5636 -5535 -4981
-5636 -5534 -4988
-5636 -5485 -5092
-5636 -5472 -5094
-5636 -5464 -5119
-5636 -5453 -5123
-5636 -5442 -5142
-5636 -5383 -5212
-5636 -5350 -5248
-5636 -5342 -5254
-5636 -5334 -5262
-5636 -5328 -5264
-5636 -5304 -5292
-5636 -5250 -5332
-5636 -5242 -5339
-5636 -5233 -5354
-5636 -5200 -5373
-5636 -5148 -5412
-5636 -5112 -5445
-5636 -5073 -5458
-5636 -5064 -5474
-5636 -4903 -5538
-5636 -4845 -5557
-5636 -4825 -5567
-5636 -4782 -5578
-5636 -4768 -5585
-5636 -4708 -5597
-5636 -4685 -5598
-5636 -4666 -5607
-5635 -5647 -4542
-5635 -5636 -4656
-5635 -5633 -4706
-5635 -5628 -4737
-5635 -5580 -4873
-5635 -5566 -4917
-5635 -5540 -4966
-5635 -5524 -5016
-5635 -5517 -5018
-5635 -5437 -5147
-5635 -5396 -5205
-5635 -5357 -5236
-5635 -5314 -5275
-5635 -5291 -5301
-5635 -5251 -5334
-5635 -5193 -5374
-5635 -5189 -5378
-5635 -5171 -5396
-5635 -5121 -5431
-5635 -5082 -5453
-5635 -4865 -5561
-5635 -4784 -5579
-5635 -4777 -5580
-5635 -4717 -5592
-5634 -5648 -4535
-5634 -5643 -4610
-5634 -5640 -4642
-5634 -5636 -4659
-5634 -5616 -4785
-5634 -5595 -4842
-5634 -5537 -4968
-5634 -5530 -4996
-5634 -5496 -5063
-5634 -5457 -5121
-5634 -5437 -5151
-5634 -5426 -5162
-5634 -5368 -5222
-5634 -5359 -5235
-5634 -5350 -5252
-5634 -5344 -5254
-5634 -5335 -5255
-5634 -5313 -5280
-5634 -5290 -5303
-5634 -5280 -5308
-5634 -5242 -5346
-5634 -5202 -5368
-5634 -5200 -5376
-5634 -5191 -5377
-5634 -5149 -5409
-5634 -5128 -5435
-5634 -4967 -5516
-5634 -4899 -5543
-5634 -4874 -5556
-5634 -4810 -5570
-5634 -4796 -5575
-5634 -4724 -5590
-5634 -4678 -5601
-5633 -5653 -4522
-5633 -5639 -4658
-5633 -5606 -4834
-5633 -5586 -4880
-5633 -5550 -4948
-5633 -5537 -4984
-5633 -5515 -5019
-5633 -5445 -5132
-5633 -5440 -5146
-5633 -5416 -5173
-5633 -5409 -5184
-5633 -5373 -5221
-5633 -5340 -5255
-5633 -5302 -5293
-5633 -5285 -5305
-5633 -5259 -5325
-5633 -5254 -5328
-5633 -5217 -5355
-5633 -5214 -5363
-5633 -5185 -5399
-5633 -5158 -5404
-5633 -5155 -5405
-5633 -4967 -5520
-5633 -4947 -5530
-5632 -5646 -4596
-5632 -5643 -4647
-5632 -5636 -4716
-5632 -5619 -4748
-5632 -5569 -4914
-5632 -5542 -4965
-5632 -5517 -5038
-5632 -5473 -5111
-5632 -5452 -5138
-5632 -5412 -5174
-5632 -5408 -5189
-5632 -5362 -5240
-5632 -5324 -5268
-5632 -5301 -5297
-5632 -5257 -5328
-5632 -5244 -5339
-5632 -5207 -5372
-5632 -5194 -5381
-5632 -5152 -5408
-5632 -5095 -5446
-5632 -4991 -5501
-5632 -4956 -5525
-5632 -4698 -5599
-5632 -4602 -5610
-5631 -5653 -4634
-5631 -5590 -4858
-5631 -5577 -4882
-5631 -5569 -4928
-5631 -5540 -4967
-5631 -5417 -5171
-5631 -5416 -5178
-5631 -5371 -5223
-5631 -5370 -5225
-5631 -5368 -5226
-5631 -5325 -5272
-5631 -5315 -5275
-5631 -5307 -5287
-5631 -5305 -5294
-5631 -5288 -5304
-5631 -5287 -5310
-5631 -5256 -5330
-5631 -5242 -5348
-5631 -5211 -5366
-5631 -5209 -5369
-5631 -5191 -5383
-5631 -5073 -5460
-5631 -5070 -5463
-5631 -5029 -5485
-5631 -5013 -5494
-5631 -4987 -5510
-5631 -4906 -5540
-5631 -4734 -5587
-5631 -4722 -5595
-5631 -4679 -5600
-5630 -5639 -4664
-5630 -5619 -4757
-5630 -5618 -4772
-5630 -5605 -4840
-5630 -5589 -4861
-5630 -5582 -4893
-5630 -5562 -4939
-5630 -5549 -4958
-5630 -5544 -4967
-5630 -5542 -4977
-5630 -5529 -4997
-5630 -5513 -5043
-5630 -5431 -5160
-5630 -5428 -5164
-5630 -5402 -5194
-5630 -5394 -5207
-5630 -5363 -5227
-5630 -5356 -5245
-5630 -5314 -5276
-5630 -5274 -5314
-5630 -5259 -5327
-5630 -5217 -5365
-5630 -5211 -5370
-5630 -5160 -5403
-5630 -5150 -5413
-5630 -5048 -5484
-5630 -5014 -5495
-5630 -4976 -5515
-5630 -4801 -5574
-5630 -4580 -5613
-5629 -5655 -4529
-5629 -5618 -4786
-5629 -5583 -4889
-5629 -5518 -5019
-5629 -5500 -5064
-5629 -5474 -5094
-5629 -5471 -5120
-5629 -5440 -5148
-5629 -5411 -5182
-5629 -5374 -5216
-5629 -5337 -5258
-5629 -5331 -5264
-5629 -5321 -5284
-5629 -5279 -5314
-5629 -5274 -5318
-5629 -5248 -5335
-5629 -5225 -5357
-5629 -5141 -5417
-5629 -5095 -5450
-5629 -5023 -5490
-5629 -5019 -5491
-5629 -4992 -5514
-5629 -4913 -5540
-5629 -4876 -5552
-5629 -4875 -5554
-5628 -5637 -4673
-5628 -5621 -4756
-5628 -5619 -4764
-5628 -5612 -4814
-5628 -5593 -4854
-5628 -5574 -4894
-5628 -5572 -4904
-5628 -5545 -4987
-5628 -5535 -4993
-5628 -5531 -4996
-5628 -5459 -5142
-5628 -5442 -5149
-5628 -5411 -5185
-5628 -5409 -5186
-5628 -5405 -5199
-5628 -5400 -5200
-5628 -5380 -5214
-5628 -5338 -5261
-5628 -5330 -5266
-5628 -5328 -5272
-5628 -5290 -5304
-5628 -5288 -5305
-5628 -5279 -5322
-5628 -5273 -5324
-5628 -5259 -5332
-5628 -5201 -5374
-5628 -5191 -5388
-5628 -5163 -5411
-5628 -5134 -5427
-5628 -5070 -5465
-5628 -5028 -5486
-5628 -4922 -5535
-5628 -4903 -5542
-5628 -4842 -5565
-5628 -4826 -5567
-5628 -4810 -5582
-5628 -4750 -5594
-5628 -4674 -5604
-5628 -4638 -5613
-5627 -5648 -4640
-5627 -5642 -4657
-5627 -5553 -4948
-5627 -5528 -5004
-5627 -5520 -5030
-5627 -5512 -5052
-5627 -5490 -5075
-5627 -5462 -5125
-5627 -5443 -5153
-5627 -5421 -5170
-5627 -5414 -5187
-5627 -5407 -5198
-5627 -5383 -5215
-5627 -5380 -5218
-5627 -5378 -5219
-5627 -5365 -5237
-5627 -5353 -5248
-5627 -5303 -5297
-5627 -5302 -5305
-5627 -5290 -5308
-5627 -5251 -5336
-5627 -5234 -5351
-5627 -5229 -5356
-5627 -5198 -5377
-5627 -5197 -5385
-5627 -5167 -5400
-5627 -5164 -5403
-5627 -5099 -5446
-5627 -5088 -5455
-5627 -5008 -5504
-5627 -4940 -5531
-5627 -4903 -5546
-5627 -4816 -5568
-5626 -5658 -4456
-5626 -5642 -4677
-5626 -5626 -4761
-5626 -5601 -4844
-5626 -5589 -4864
-5626 -5575 -4904
-5626 -5554 -4945
-5626 -5526 -5009
-5626 -5501 -5062
-5626 -5493 -5065
-5626 -5414 -5195
-5626 -5383 -5219
-5626 -5380 -5222
-5626 -5370 -5246
-5626 -5332 -5265
-5626 -5311 -5287
-5626 -5285 -5312
-5626 -5237 -5352
-5626 -5227 -5359
-5626 -5151 -5412
-5626 -5148 -5416
-5626 -5106 -5450
-5626 -5077 -5460
-5626 -5068 -5466
-5626 -5015 -5493
-5626 -4993 -5514
-5626 -4912 -5541
-5626 -4892 -5551
-5626 -4835 -5569
-5626 -4646 -5612
-5625 -5658 -4498
-5625 -5642 -4689
-5625 -5638 -4694
-5625 -5627 -4747
-5625 -5614 -4788
-5625 -5611 -4815
-5625 -5589 -4888
-5625 -5573 -4910
-5625 -5556 -4946
-5625 -5552 -4974
-5625 -5540 -4992
-5625 -5429 -5166
-5625 -5423 -5169
-5625 -5421 -5173
-5625 -5379 -5228
-5625 -5371 -5231
-5625 -5339 -5262
-5625 -5322 -5273
-5625 -5245 -5346
-5625 -5172 -5405
-5625 -5154 -5414
-5625 -5115 -5439
-5625 -5002 -5509
-5625 -4762 -5589
-5625 -4712 -5601
-5625 -4707 -5604
-5624 -5658 -4507
-5624 -5648 -4674
-5624 -5639 -4701
-5624 -5615 -4805
-5624 -5595 -4851
-5624 -5579 -4898
-5624 -5570 -4913
-5624 -5566 -4930
-5624 -5533 -4994
-5624 -5529 -5007
-5624 -5522 -5020
-5624 -5521 -5024
-5624 -5496 -5070
-5624 -5475 -5096
-5624 -5466 -5134
-5624 -5448 -5147
-5624 -5442 -5159
-5624 -5423 -5182
-5624 -5397 -5205
-5624 -5396 -5212
-5624 -5385 -5218
-5624 -5348 -5255
-5624 -5334 -5266
-5624 -5328 -5276
-5624 -5261 -5325
-5624 -5221 -5363
-5624 -5208 -5382
-5624 -5113 -5440
-5624 -5084 -5456
-5624 -4996 -5515
-5624 -4953 -5529
-5624 -4923 -5540
-5624 -4907 -5542
-5624 -4771 -5584
-5623 -5660 -4474
-5623 -5632 -4720
-5623 -5624 -4762
-5623 -5591 -4863
-5623 -5577 -4903
-5623 -5572 -4936
-5623 -5556 -4947
-5623 -5535 -4995
-5623 -5497 -5066
-5623 -5489 -5083
-5623 -5445 -5156
-5623 -5432 -5164
-5623 -5382 -5222
-5623 -5373 -5230
-5623 -5342 -5263
-5623 -5324 -5280
-5623 -5314 -5285
-5623 -5237 -5357
-5623 -5217 -5368
-5623 -5213 -5370
-5623 -5188 -5395
-5623 -5031 -5487
-5623 -4932 -5535
-5623 -4816 -5571
-5623 -4723 -5597
-5623 -4711 -5609
-5622 -5660 -4490
-5622 -5656 -4560
-5622 -5636 -4733
-5622 -5624 -4778
-5622 -5578 -4899
-5622 -5555 -4950
-5622 -5553 -4956
-5622 -5535 -4996
-5622 -5532 -5001
-5622 -5515 -5044
-5622 -5513 -5045
-5622 -5486 -5100
-5622 -5475 -5102
-5622 -5352 -5249
-5622 -5329 -5270
-5622 -5305 -5300
-5622 -5262 -5328
-5622 -5261 -5338
-5622 -5248 -5340
-5622 -5224 -5372
-5622 -5177 -5400
-5622 -5119 -5438
-5622 -5084 -5458
-5622 -5000 -5520
-5622 -4955 -5526
-5622 -4844 -5566
-5622 -4747 -5598
-5622 -4574 -5614
-5621 -5609 -4816
-5621 -5577 -4915
-5621 -5555 -4957
-5621 -5528 -5011
-5621 -5498 -5065
-5621 -5426 -5170
-5621 -5425 -5178
-5621 -5379 -5229
-5621 -5310 -5300
-5621 -5282 -5318
-5621 -5270 -5333
-5621 -5093 -5453
-5621 -5076 -5468
-5621 -5036 -5487
-5621 -5009 -5502
-5621 -4964 -5521
-5621 -4819 -5572
-5621 -4670 -5613
-5620 -5628 -4742
-5620 -5627 -4757
-5620 -5617 -4788
-5620 -5610 -4823
-5620 -5596 -4850
-5620 -5592 -4855
-5620 -5535 -5006
-5620 -5533 -5007
-5620 -5525 -5024
-5620 -5477 -5105
-5620 -5468 -5127
-5620 -5417 -5200
-5620 -5387 -5215
-5620 -5375 -5230
-5620 -5354 -5254
-5620 -5331 -5268
-5620 -5276 -5323
-5620 -5271 -5326
-5620 -5233 -5359
-5620 -5210 -5376
-5620 -5198 -5388
-5620 -5150 -5417
-5620 -5138 -5425
-5620 -5135 -5428
-5620 -5024 -5490
-5620 -4968 -5524
-5620 -4948 -5534
-5620 -4932 -5536
-5620 -4852 -5562
-5620 -4766 -5589
-5619 -5657 -4521
-5619 -5649 -4646
-5619 -5643 -4681
-5619 -5630 -4734
-5619 -5611 -4821
-5619 -5590 -4884
-5619 -5580 -4896
-5619 -5578 -4904
-5619 -5564 -4944
-5619 -5557 -4945
-5619 -5448 -5148
-5619 -5437 -5173
-5619 -5431 -5187
-5619 -5344 -5257
-5619 -5334 -5270
-5619 -5316 -5286
-5619 -5303 -5301
-5619 -5273 -5327
-5619 -5254 -5340
-5619 -5250 -5343
-5619 -5205 -5390
-5619 -5174 -5403
-5619 -5159 -5412
-5619 -5090 -5465
-5619 -5084 -5470
-5619 -5026 -5491
-5619 -5023 -5494
-5619 -4957 -5529
-5619 -4902 -5549
-5619 -4848 -5563
-5619 -4840 -5569
-5619 -4823 -5575
-5619 -4720 -5604
-5619 -4626 -5615
-5619 -4618 -5617
-5618 -5640 -4708
-5618 -5629 -4762
-5618 -5600 -4855
-5618 -5561 -4963
-5618 -5547 -4990
-5618 -5541 -5014
-5618 -5503 -5062
-5618 -5493 -5071
-5618 -5347 -5258
-5618 -5283 -5314
-5618 -5171 -5406
-5618 -5166 -5407
-5618 -5147 -5418
-5618 -5117 -5439
-5618 -5113 -5442
-5618 -5098 -5457
-5618 -5029 -5494
-5618 -4932 -5541
-5618 -4908 -5544
-5618 -4896 -5551
-5618 -4880 -5553
-5618 -4832 -5570
-5618 -4807 -5586
-5618 -4759 -5593
-5617 -5662 -4530
-5617 -5637 -4714
-5617 -5611 -4831
-5617 -5597 -4857
-5617 -5594 -4860
-5617 -5574 -4919
-5617 -5498 -5075
-5617 -5494 -5080
-5617 -5490 -5083
-5617 -5451 -5153
-5617 -5383 -5224
-5617 -5334 -5274
-5617 -5325 -5285
-5617 -5319 -5291
-5617 -5230 -5361
-5617 -5228 -5368
-5617 -5209 -5377
-5617 -5175 -5402
-5617 -5153 -5418
-5617 -5115 -5441
-5617 -5076 -5471
-5617 -5006 -5509
-5617 -4941 -5536
-5617 -4905 -5546
-5617 -4891 -5553
-5617 -4868 -5561
-5617 -4833 -5573
-5617 -4816 -5581
-5617 -4723 -5599
-5616 -5662 -4546
-5616 -5660 -4555
-5616 -5655 -4649
-5616 -5648 -4678
-5616 -5642 -4694
-5616 -5639 -4719
-5616 -5637 -4725
-5616 -5631 -4744
-5616 -5623 -4779
-5616 -5591 -4883
-5616 -5583 -4904
-5616 -5567 -4952
-5616 -5561 -4976
-5616 -5516 -5044
-5616 -5510 -5054
-5616 -5497 -5089
-5616 -5481 -5101
-5616 -5400 -5204
-5616 -5383 -5232
-5616 -5279 -5323
-5616 -5236 -5364
-5616 -5177 -5403
-5616 -5161 -5415
-5616 -5144 -5421
-5616 -5135 -5433
-5616 -5022 -5497
-5616 -4958 -5529
-5616 -4909 -5545
-5616 -4889 -5555
-5616 -4707 -5610
-5616 -4512 -5619
-5615 -5664 -4569
-5615 -5642 -4726
-5615 -5625 -4773
-5615 -5619 -4788
-5615 -5618 -4792
-5615 -5614 -4836
-5615 -5594 -4871
-5615 -5585 -4889
-5615 -5522 -5027
-5615 -5501 -5072
-5615 -5478 -5105
-5615 -5460 -5149
-5615 -5390 -5218
-5615 -5335 -5265
-5615 -5328 -5278
-5615 -5322 -5292
-5615 -5293 -5317
-5615 -5254 -5343
-5615 -5242 -5353
-5615 -5212 -5373
-5615 -5155 -5419
-5615 -5141 -5424
-5615 -5136 -5430
-5615 -5121 -5436
-5615 -5030 -5494
-5615 -4952 -5535
-5615 -4898 -5550
-5615 -4861 -5565
-5615 -4842 -5567
-5615 -4839 -5570
-5615 -4819 -5576
-5615 -4761 -5590
-5615 -4731 -5599
-5615 -4607 -5622
-5614 -5657 -4637
-5614 -5644 -4684
-5614 -5620 -4784
-5614 -5615 -4822
-5614 -5602 -4843
-5614 -5598 -4856
-5614 -5597 -4867
-5614 -5595 -4868
-5614 -5587 -4890
-5614 -5576 -4916
-5614 -5530 -5016
-5614 -5517 -5051
-5614 -5513 -5059
-5614 -5443 -5162
-5614 -5401 -5201
-5614 -5351 -5256
-5614 -5345 -5259
-5614 -5315 -5294
-5614 -5292 -5323
-5614 -5282 -5328
-5614 -5260 -5340
-5614 -5244 -5366
-5614 -5219 -5374
-5614 -5211 -5379
-5614 -5144 -5422
-5614 -5125 -5439
-5614 -5107 -5446
-5614 -5039 -5489
-5614 -5026 -5496
-5614 -5025 -5498
-5614 -4961 -5530
-5614 -4936 -5546
-5613 -5649 -4653
-5613 -5636 -4750
-5613 -5632 -4755
-5613 -5606 -4865
-5613 -5597 -4868
-5613 -5588 -4894
-5613 -5584 -4907
-5613 -5577 -4920
-5613 -5576 -4924
-5613 -5530 -5019
-5613 -5526 -5026
-5613 -5521 -5034
-5613 -5480 -5111
-5613 -5371 -5246
-5613 -5339 -5264
-5613 -5322 -5296
-5613 -5309 -5307
-5613 -5253 -5348
-5613 -5217 -5376
-5613 -5188 -5396
-5613 -5152 -5420
-5613 -5144 -5426
-5613 -5143 -5434
-5613 -5121 -5442
-5613 -5107 -5454
-5613 -5059 -5483
-5613 -4945 -5541
-5612 -5666 -4443
-5612 -5658 -4625
-5612 -5644 -4697
-5612 -5627 -4772
-5612 -5622 -4781
-5612 -5619 -4811
-5612 -5590 -4895
-5612 -5578 -4916
-5612 -5533 -5021
-5612 -5487 -5092
-5612 -5467 -5132
-5612 -5388 -5222
-5612 -5371 -5254
-5612 -5351 -5264
-5612 -5340 -5266
-5612 -5337 -5269
-5612 -5331 -5278
-5612 -5276 -5330
-5612 -5274 -5337
-5612 -5255 -5343
-5612 -5149 -5424
-5612 -5040 -5486
-5612 -5037 -5499
-5612 -5012 -5501
-5612 -4904 -5550
-5612 -4768 -5596
-5611 -5666 -4553
-5611 -5659 -4575
-5611 -5645 -4699
-5611 -5629 -4782
-5611 -5622 -4789
-5611 -5616 -4822
-5611 -5613 -4839
-5611 -5536 -5030
-5611 -5522 -5031
-5611 -5514 -5053
-5611 -5444 -5165
-5611 -5440 -5172
-5611 -5391 -5222
-5611 -5380 -5236
-5611 -5341 -5265
-5611 -5337 -5270
-5611 -5333 -5280
-5611 -5326 -5283
-5611 -5251 -5349
-5611 -5178 -5400
-5611 -5158 -5419
-5611 -5134 -5438
-5611 -5123 -5444
-5611 -5019 -5501
-5611 -5016 -5503
-5611 -4873 -5558
-5611 -4850 -5566
-5611 -4836 -5573
-5611 -4824 -5574
-5610 -5656 -4691
-5610 -5644 -4704
-5610 -5632 -4770
-5610 -5597 -4871
-5610 -5594 -4874
-5610 -5586 -4897
-5610 -5487 -5098
-5610 -5472 -5124
-5610 -5437 -5176
-5610 -5226 -5369
-5610 -5183 -5400
-5610 -5163 -5423
-5610 -5152 -5425
-5610 -5113 -5448
-5610 -5060 -5484
-5610 -5040 -5494
-5610 -4958 -5536
-5610 -4906 -5548
-5610 -4884 -5558
-5610 -4852 -5567
-5610 -4845 -5568
-5610 -4825 -5578
-5610 -4633 -5618
-5609 -5556 -4992
-5609 -5519 -5035
-5609 -5518 -5039
-5609 -5504 -5068
-5609 -5468 -5130
-5609 -5452 -5151
-5609 -5418 -5188
-5609 -5405 -5208
-5609 -5391 -5228
-5609 -5381 -5233
-5609 -5342 -5273
-5609 -5337 -5278
-5609 -5277 -5329
-5609 -5257 -5341
-5609 -5250 -5355
-5609 -5214 -5378
-5609 -5199 -5395
-5609 -5189 -5403
-5609 -5137 -5439
-5609 -5049 -5489
-5609 -5024 -5503
-5609 -5013 -5509
-5609 -4967 -5531
-5609 -4947 -5541
-5609 -4929 -5551
-5609 -4770 -5589
-5609 -4631 -5622
-5608 -5668 -4427
-5608 -5667 -4517
-5608 -5632 -4779
-5608 -5629 -4798
-5608 -5620 -4802
-5608 -5614 -4839
-5608 -5592 -4882
-5608 -5589 -4898
-5608 -5585 -4902
-5608 -5583 -4911
-5608 -5579 -4913
-5608 -5569 -4946
-5608 -5521 -5045
-5608 -5513 -5060
-5608 -5492 -5101
-5608 -5490 -5112
-5608 -5480 -5113
-5608 -5420 -5190
-5608 -5392 -5217
-5608 -5343 -5267
-5608 -5294 -5314
-5608 -5256 -5352
-5608 -5214 -5382
-5608 -5169 -5410
-5608 -5127 -5440
-5608 -5121 -5450
-5608 -5074 -5475
-5608 -4984 -5525
-5608 -4897 -5556
-5608 -4832 -5575
-5608 -4635 -5615
-5607 -5670 -4529
-5607 -5660 -4587
-5607 -5596 -4914
-5607 -5542 -4995
-5607 -5525 -5035
-5607 -5503 -5072
-5607 -5469 -5134
-5607 -5451 -5155
-5607 -5407 -5218
-5607 -5397 -5223
-5607 -5383 -5235
-5607 -5375 -5237
-5607 -5345 -5272
-5607 -5200 -5397
-5607 -5180 -5407
-5607 -5124 -5446
-5607 -5093 -5460
-5607 -5061 -5489
-5607 -4995 -5522
-5607 -4922 -5555
-5607 -4865 -5565
-5607 -4861 -5567
-5607 -4839 -5571
-5607 -4803 -5587
-5606 -5657 -4647
-5606 -5644 -4723
-5606 -5637 -4727
-5606 -5633 -4752
-5606 -5623 -4807
-5606 -5619 -4815
-5606 -5598 -4876
-5606 -5574 -4929
-5606 -5566 -4960
-5606 -5510 -5074
-5606 -5494 -5090
-5606 -5409 -5201
-5606 -5340 -5274
-5606 -5336 -5279
-5606 -5323 -5286
-5606 -5299 -5308
-5606 -5295 -5310
-5606 -5263 -5338
-5606 -5206 -5385
-5606 -5190 -5398
-5606 -5172 -5412
-5606 -5169 -5416
-5606 -5141 -5448
-5606 -5102 -5455
-5606 -5097 -5459
-5606 -5092 -5474
-5606 -5085 -5478
-5606 -5070 -5484
-5606 -4987 -5523
-5606 -4890 -5560
-5606 -4871 -5561
-5606 -4870 -5562
-5606 -4838 -5572
-5606 -4828 -5580
-5606 -4737 -5600
-5606 -4673 -5616
-5605 -5672 -4373
-5605 -5657 -4663
-5605 -5648 -4703
-5605 -5637 -4731
-5605 -5633 -4794
-5605 -5619 -4819
-5605 -5545 -5005
-5605 -5522 -5043
-5605 -5471 -5125
-5605 -5456 -5172
-5605 -5418 -5195
-5605 -5411 -5202
-5605 -5356 -5257
-5605 -5354 -5261
-5605 -5339 -5278
-5605 -5335 -5285
-5605 -5325 -5290
-5605 -5322 -5300
-5605 -5311 -5302
-5605 -5305 -5311
-5605 -5301 -5316
-5605 -5272 -5338
-5605 -5257 -5346
-5605 -5228 -5369
-5605 -5178 -5411
-5605 -5150 -5430
-5605 -5112 -5451
-5605 -5109 -5464
-5605 -5101 -5469
-5605 -5009 -5510
-5605 -5004 -5512
-5605 -4837 -5575
-5605 -4774 -5588
-5605 -4770 -5592
-5605 -4752 -5602
-5605 -4726 -5605
-5604 -5672 -4496
-5604 -5664 -4574
-5604 -5651 -4697
-5604 -5645 -4721
-5604 -5635 -4769
-5604 -5603 -4869
-5604 -5600 -4870
-5604 -5581 -4924
-5604 -5577 -4927
-5604 -5542 -5022
-5604 -5526 -5043
-5604 -5461 -5143
-5604 -5385 -5233
-5604 -5356 -5262
-5604 -5354 -5269
-5604 -5334 -5286
-5604 -5302 -5313
-5604 -5296 -5324
-5604 -5287 -5326
-5604 -5280 -5329
-5604 -5265 -5340
-5604 -5257 -5352
-5604 -5232 -5372
-5604 -5208 -5391
-5604 -5185 -5406
-5604 -5166 -5417
-5604 -5115 -5451
-5604 -5015 -5516
-5604 -4848 -5570
-5604 -4820 -5584
-5604 -4778 -5589
-5604 -4762 -5604
-5603 -5664 -4590
-5603 -5661 -4627
-5603 -5638 -4743
-5603 -5621 -4810
-5603 -5609 -4843
-5603 -5607 -4858
-5603 -5568 -4959
-5603 -5565 -4967
-5603 -5517 -5061
-5603 -5512 -5062
-5603 -5487 -5115
-5603 -5476 -5138
-5603 -5463 -5140
-5603 -5394 -5226
-5603 -5383 -5238
-5603 -5372 -5239
-5603 -5348 -5270
-5603 -5338 -5290
-5603 -5288 -5328
-5603 -5248 -5359
-5603 -5215 -5379
-5603 -5209 -5385
-5603 -5194 -5401
-5603 -5172 -5417
-5603 -5167 -5419
-5603 -5157 -5426
-5603 -5144 -5433
-5603 -5115 -5456
-5603 -4968 -5530
-5603 -4917 -5560
-5603 -4850 -5569
-5603 -4829 -5579
-5603 -4772 -5592
-5603 -4714 -5606
-5603 -4663 -5617
-5603 -4576 -5623
-5603 -4493 -5624
-5602 -5674 -4391
-5602 -5660 -4656
-5602 -5644 -4728
-5602 -5585 -4919
-5602 -5562 -4984
-5602 -5529 -5048
-5602 -5508 -5075
-5602 -5480 -5121
-5602 -5428 -5193
-5602 -5399 -5221
-5602 -5397 -5225
-5602 -5357 -5256
-5602 -5277 -5331
-5602 -5225 -5376
-5602 -5182 -5407
-5602 -5180 -5414
-5602 -5116 -5452
-5602 -5059 -5491
-5602 -5039 -5501
-5602 -5017 -5508
-5602 -5003 -5517
-5602 -4926 -5555
-5602 -4881 -5566
-5602 -4871 -5570
-5602 -4822 -5582
-5602 -4700 -5612
-5602 -4677 -5614
-5602 -4645 -5624
-5601 -5673 -4459
-5601 -5657 -4714
-5601 -5625 -4807
-5601 -5624 -4808
-5601 -5621 -4826
-5601 -5578 -4935
-5601 -5572 -4942
-5601 -5530 -5032
-5601 -5508 -5082
-5601 -5480 -5125
-5601 -5428 -5197
-5601 -5417 -5208
-5601 -5380 -5240
-5601 -5347 -5277
-5601 -5317 -5303
-5601 -5239 -5371
-5601 -5186 -5406
-5601 -5147 -5437
-5601 -5048 -5496
-5601 -5025 -5509
-5601 -5001 -5519
-5601 -4964 -5534
-5601 -4933 -5550
-5601 -4919 -5558
-5601 -4890 -5561
-5601 -4865 -5577
-5601 -4787 -5589
-5601 -4766 -5600
-5601 -4647 -5623
-5600 -5672 -4522
-5600 -5667 -4532
-5600 -5665 -4588
-5600 -5639 -4736
-5600 -5638 -4753
-5600 -5627 -4809
-5600 -5612 -4853
-5600 -5599 -4872
-5600 -5598 -4880
-5600 -5468 -5147
-5600 -5440 -5175
-5600 -5400 -5230
-5600 -5380 -5244
-5600 -5373 -5251
-5600 -5354 -5274
-5600 -5323 -5291
-5600 -5310 -5311
-5600 -5307 -5314
-5600 -5276 -5338
-5600 -5260 -5342
-5600 -5245 -5374
-5600 -5218 -5379
-5600 -5217 -5387
-5600 -5147 -5438
-5600 -5087 -5477
-5600 -5054 -5494
-5600 -5034 -5504
-5600 -4973 -5529
-5600 -4953 -5539
-5600 -4942 -5545
-5600 -4928 -5553
-5600 -4874 -5572
-5600 -4775 -5592
-5600 -4767 -5597
-5600 -4667 -5617
-5600 -4482 -5626
-5599 -5667 -4620
-5599 -5662 -4635
-5599 -5638 -4769
-5599 -5608 -4855
-5599 -5605 -4870
-5599 -5600 -4871
-5599 -5599 -4877
-5599 -5584 -4929
-5599 -5581 -4940
-5599 -5570 -4951
-5599 -5550 -5002
-5599 -5546 -5005
-5599 -5483 -5130
-5599 -5408 -5213
-5599 -5363 -5256
-5599 -5360 -5258
-5599 -5341 -5282
-5599 -5271 -5341
-5599 -5265 -5342
-5599 -5254 -5360
-5599 -5220 -5380
-5599 -5202 -5396
-5599 -5183 -5408
-5599 -5163 -5425
-5599 -5085 -5479
-5599 -5037 -5502
-5599 -5021 -5517
-5599 -4883 -5565
-5599 -4794 -5592
-5598 -5675 -4477
-5598 -5672 -4581
-5598 -5651 -4715
-5598 -5634 -4781
-5598 -5610 -4859
-5598 -5605 -4874
-5598 -5600 -4876
-5598 -5554 -4994
-5598 -5506 -5091
-5598 -5493 -5102
-5598 -5471 -5152
-5598 -5458 -5154
-5598 -5423 -5200
-5598 -5362 -5257
-5598 -5325 -5297
-5598 -5292 -5328
-5598 -5285 -5332
-5598 -5226 -5379
-5598 -5169 -5421
-5598 -5168 -5423
-5598 -5160 -5428
-5598 -5084 -5485
-5598 -5045 -5498
-5598 -4971 -5532
-5598 -4951 -5542
-5598 -4878 -5575
-5598 -4802 -5589
-5598 -4779 -5597
-5598 -4730 -5606
-5598 -4696 -5613
-5598 -4673 -5617
-5598 -4670 -5618
-5597 -5658 -4666
-5597 -5649 -4727
-5597 -5642 -4733
-5597 -5637 -4782
-5597 -5607 -4875
-5597 -5570 -4964
-5597 -5566 -4967
-5597 -5319 -5302
-5597 -5287 -5330
-5597 -5271 -5345
-5597 -5262 -5346
-5597 -5226 -5383
-5597 -5209 -5389
-5597 -5177 -5418
-5597 -5093 -5471
-5597 -4960 -5537
-5597 -4887 -5570
-5597 -4827 -5582
-5597 -4815 -5586
-5597 -4723 -5607
-5597 -4682 -5621
-5597 -4562 -5626
-5596 -5669 -4638
-5596 -5660 -4674
-5596 -5639 -4740
-5596 -5627 -4815
-5596 -5623 -4824
-5596 -5618 -4837
-5596 -5611 -4858
-5596 -5598 -4883
-5596 -5563 -4972
-5596 -5557 -4999
-5596 -5519 -5056
-5596 -5497 -5109
-5596 -5491 -5110
-5596 -5411 -5211
-5596 -5392 -5232
-5596 -5365 -5262
-5596 -5314 -5304
-5596 -5201 -5398
-5596 -5183 -5414
-5596 -5180 -5415
-5596 -4977 -5535
-5596 -4964 -5536
-5596 -4944 -5546
-5596 -4831 -5582
-5596 -4772 -5601
-5596 -4750 -5606
-5596 -4702 -5613
-5596 -4588 -5628
-5595 -5663 -4675
-5595 -5645 -4738
-5595 -5640 -4740
-5595 -5639 -4749
-5595 -5638 -4777
-5595 -5604 -4885
-5595 -5586 -4918
-5595 -5544 -5010
-5595 -5536 -5033
-5595 -5515 -5076
-5595 -5469 -5161
-5595 -5443 -5173
-5595 -5412 -5209
-5595 -5406 -5219
-5595 -5400 -5232
-5595 -5374 -5248
-5595 -5357 -5269
-5595 -5343 -5279
-5595 -5325 -5298
-5595 -5257 -5355
-5595 -5251 -5363
-5595 -5208 -5402
-5595 -5157 -5439
-5595 -5122 -5450
-5595 -5118 -5454
-5595 -5073 -5488
-5595 -5059 -5493
-5595 -4986 -5530
-5595 -4953 -5541
-5595 -4819 -5586
-5594 -5677 -4467
-5594 -5646 -4754
-5594 -5615 -4853
-5594 -5588 -4930
-5594 -5583 -4934
-5594 -5522 -5053
-5594 -5517 -5071
-5594 -5503 -5098
-5594 -5437 -5181
-5594 -5412 -5216
-5594 -5385 -5237
-5594 -5381 -5239
-5594 -5314 -5305
-5594 -5311 -5311
-5594 -5310 -5319
-5594 -5268 -5349
-5594 -5257 -5360
-5594 -5217 -5388
-5594 -5214 -5392
-5594 -5191 -5403
-5594 -4990 -5524
-5594 -4970 -5537
-5594 -4891 -5563
-5594 -4806 -5589
-5594 -4786 -5599
-5594 -4768 -5602
-5594 -4719 -5611
-5593 -5677 -4483
-5593 -5673 -4489
-5593 -5645 -4756
-5593 -5636 -4803
-5593 -5628 -4818
-5593 -5621 -4827
-5593 -5616 -4849
-5593 -5581 -4943
-5593 -5571 -4944
-5593 -5564 -4986
-5593 -5501 -5105
-5593 -5437 -5182
-5593 -5424 -5202
-5593 -5416 -5222
-5593 -5391 -5233
-5593 -5374 -5252
-5593 -5371 -5266
-5593 -5330 -5292
-5593 -5324 -5306
-5593 -5317 -5307
-5593 -5277 -5334
-5593 -5219 -5396
-5593 -5194 -5405
-5593 -5186 -5408
-5593 -5120 -5453
-5593 -5117 -5456
-5593 -5112 -5459
-5593 -5052 -5496
-5593 -5045 -5500
-5593 -5023 -5512
-5593 -4819 -5591
-5593 -4806 -5593
-5593 -4767 -5603
-5593 -4707 -5615
-5592 -5648 -4736
-5592 -5639 -4758
-5592 -5626 -4830
-5592 -5610 -4867
-5592 -5598 -4901
-5592 -5547 -5007
-5592 -5545 -5018
-5592 -5543 -5020
-5592 -5442 -5175
-5592 -5384 -5244
-5592 -5380 -5248
-5592 -5357 -5273
-5592 -5340 -5286
-5592 -5314 -5309
-5592 -5302 -5323
-5592 -5260 -5352
-5592 -5230 -5382
-5592 -5209 -5397
-5592 -5161 -5428
-5592 -5160 -5447
-5592 -4996 -5526
-5592 -4993 -5529
-5592 -4959 -5541
-5592 -4901 -5561
-5592 -4864 -5579
-5592 -4728 -5607
-5592 -4726 -5612
-5592 -4712 -5614
-5591 -5676 -4507
-5591 -5673 -4527
-5591 -5665 -4664
-5591 -5641 -4758
-5591 -5630 -4820
-5591 -5599 -4897
-5591 -5590 -4921
-5591 -5584 -4948
-5591 -5571 -4950
-5591 -5565 -4971
-5591 -5534 -5038
-5591 -5521 -5071
-5591 -5488 -5113
-5591 -5457 -5180
-5591 -5440 -5192
-5591 -5430 -5201
-5591 -5409 -5223
-5591 -5392 -5235
-5591 -5389 -5237
-5591 -5342 -5280
-5591 -5311 -5313
-5591 -5291 -5337
-5591 -5266 -5350
-5591 -5263 -5356
-5591 -5222 -5390
-5591 -5169 -5429
-5591 -5125 -5450
-5591 -5113 -5457
-5591 -5043 -5501
-5591 -5028 -5505
-5591 -5002 -5524
-5591 -4957 -5543
-5591 -4944 -5547
-5591 -4855 -5582
-5591 -4777 -5601
-5591 -4732 -5609
-5591 -4635 -5629
-5590 -5681 -4400
-5590 -5673 -4543
-5590 -5670 -4593
-5590 -5658 -4693
-5590 -5647 -4747
-5590 -5643 -4766
-5590 -5635 -4809
-5590 -5612 -4862
-5590 -5608 -4868
-5590 -5573 -4963
-5590 -5565 -4980
-5590 -5549 -5007
-5590 -5535 -5034
-5590 -5527 -5051
-5590 -5373 -5268
-5590 -5350 -5277
-5590 -5326 -5293
-5590 -5303 -5321
-5590 -5279 -5339
-5590 -5277 -5343
-5590 -5276 -5351
-5590 -5252 -5363
-5590 -5239 -5379
-5590 -5135 -5451
-5590 -5124 -5456
-5590 -5102 -5466
-5590 -5096 -5471
-5590 -5050 -5512
-5590 -4966 -5538
-5590 -4961 -5539
-5590 -4823 -5587
-5590 -4746 -5611
-5590 -4732 -5612
-5590 -4714 -5613
-5589 -5674 -4512
-5589 -5648 -4755
-5589 -5638 -4786
-5589 -5631 -4821
-5589 -5620 -4831
-5589 -5613 -4861
-5589 -5600 -4898
-5589 -5585 -4933
-5589 -5554 -5000
-5589 -5402 -5237
-5589 -5349 -5278
-5589 -5307 -5327
-5589 -5265 -5357
-5589 -5228 -5384
-5589 -5195 -5406
-5589 -5192 -5408
-5589 -5186 -5418
-5589 -5121 -5459
-5589 -5096 -5475
-5589 -5060 -5495
-5589 -4937 -5551
-5589 -4755 -5606
-5589 -4591 -5631
-5589 -4574 -5632
-5588 -5678 -4525
-5588 -5623 -4832
-5588 -5605 -4902
-5588 -5593 -4925
-5588 -5576 -4957
-5588 -5569 -4969
-5588 -5538 -5030
-5588 -5530 -5056
-5588 -5421 -5203
-5588 -5416 -5224
-5588 -5375 -5251
-5588 -5370 -5275
-5588 -5331 -5298
-5588 -5316 -5309
-5588 -5314 -5315
-5588 -5200 -5405
-5588 -5127 -5460
-5588 -5078 -5490
-5588 -5058 -5497
-5588 -5009 -5523
-5588 -4997 -5525
-5588 -4788 -5596
-5588 -4716 -5613
-5588 -4711 -5616
-5588 -4695 -5631
-5587 -5683 -4418
-5587 -5680 -4522
-5587 -5673 -4560
-5587 -5650 -4735
-5587 -5645 -4782
-5587 -5618 -4841
-5587 -5511 -5093
-5587 -5399 -5239
-5587 -5259 -5362
-5587 -5255 -5366
-5587 -5197 -5408
-5587 -5109 -5467
-5587 -5088 -5476
-5587 -5055 -5498
-5587 -5018 -5518
-5587 -4984 -5542
-5587 -4922 -5556
-5587 -4842 -5583
-5587 -4836 -5584
-5587 -4530 -5634
-5586 -5675 -4533
-5586 -5666 -4651
-5586 -5656 -4730
-5586 -5616 -4856
-5586 -5609 -4880
-5586 -5589 -4929
-5586 -5533 -5046
-5586 -5461 -5163
-5586 -5419 -5229
-5586 -5347 -5288
-5586 -5332 -5292
-5586 -5264 -5373
-5586 -5234 -5381
-5586 -5220 -5392
-5586 -5180 -5422
-5586 -5173 -5424
-5586 -5166 -5437
-5586 -5113 -5461
-5586 -4937 -5556
-5586 -4791 -5595
-5586 -4556 -5638
-5585 -5658 -4708
-5585 -5657 -4716
-5585 -5619 -4857
-5585 -5615 -4870
-5585 -5587 -4941
-5585 -5552 -5009
-5585 -5551 -5010
-5585 -5532 -5060
-5585 -5489 -5116
-5585 -5484 -5117
-5585 -5475 -5143
-5585 -5380 -5251
-5585 -5331 -5301
-5585 -5322 -5320
-5585 -5283 -5339
-5585 -5273 -5359
-5585 -5170 -5425
-5585 -5132 -5452
-5585 -5112 -5462
-5585 -5077 -5491
-5585 -5067 -5493
-5585 -5056 -5501
-5585 -5040 -5516
-5585 -4986 -5534
-5585 -4952 -5546
-5585 -4946 -5551
-5585 -4903 -5561
-5585 -4891 -5564
-5585 -4829 -5588
-5585 -4823 -5591
-5585 -4807 -5593
-5585 -4791 -5608
-5585 -4731 -5620
-5584 -5667 -4651
-5584 -5659 -4685
-5584 -5651 -4760
-5584 -5606 -4882
-5584 -5605 -4919
-5584 -5579 -4961
-5584 -5554 -5011
-5584 -5547 -5018
-5584 -5537 -5032
-5584 -5536 -5043
-5584 -5489 -5121
-5584 -5485 -5126
-5584 -5477 -5153
-5584 -5445 -5186
-5584 -5421 -5204
-5584 -5380 -5259
-5584 -5351 -5279
-5584 -5348 -5282
-5584 -5333 -5299
-5584 -5311 -5327
-5584 -5285 -5339
-5584 -5282 -5341
-5584 -5241 -5375
-5584 -5231 -5384
-5584 -5227 -5387
-5584 -5224 -5390
-5584 -5189 -5412
-5584 -5116 -5463
-5584 -5091 -5478
-5584 -4990 -5531
-5584 -4893 -5563
-5584 -4832 -5586
-5584 -4800 -5603
-5584 -4740 -5615
-5583 -5684 -4498
-5583 -5678 -4555
-5583 -5677 -4622
-5583 -5669 -4644
-5583 -5654 -4731
-5583 -5632 -4838
-5583 -5618 -4865
-5583 -5571 -4972
-5583 -5562 -4987
-5583 -5552 -5022
-5583 -5538 -5036
-5583 -5517 -5081
-5583 -5389 -5241
-5583 -5382 -5250
-5583 -5354 -5278
-5583 -5334 -5297
-5583 -5328 -5306
-5583 -5297 -5329
-5583 -5290 -5344
-5583 -5274 -5352
-5583 -5217 -5399
-5583 -5113 -5464
-5583 -5105 -5468
-5583 -5006 -5524
-5583 -4990 -5539
-5583 -4958 -5543
-5583 -4954 -5544
-5583 -4904 -5561
-5583 -4900 -5563
-5583 -4893 -5567
-5583 -4873 -5577
-5583 -4834 -5585
-5583 -4747 -5610
-5583 -4737 -5616
-5583 -4620 -5636
-5583 -4518 -5639
-5582 -5662 -4681
-5582 -5654 -4747
-5582 -5620 -4861
-5582 -5606 -4895
-5582 -5574 -4973
-5582 -5567 -4980
-5582 -5556 -5005
-5582 -5538 -5042
-5582 -5352 -5280
-5582 -5243 -5377
-5582 -5240 -5380
-5582 -5199 -5414
-5582 -5006 -5528
-5582 -4990 -5543
-5582 -4970 -5553
-5582 -4882 -5572
-5582 -4803 -5598
-5581 -5665 -4681
-5581 -5639 -4783
-5581 -5621 -4841
-5581 -5607 -4884
-5581 -5591 -4928
-5581 -5582 -4949
-5581 -5559 -5001
-5581 -5542 -5027
-5581 -5522 -5061
-5581 -5504 -5105
-5581 -5431 -5204
-5581 -5383 -5251
-5581 -5276 -5354
-5581 -5203 -5405
-5581 -5175 -5423
-5581 -5169 -5433
-5581 -5129 -5454
-5581 -5056 -5510
-5581 -5032 -5521
-5581 -4995 -5533
-5581 -4979 -5548
-5581 -4920 -5568
-5581 -4860 -5580
-5581 -4576 -5638
-5580 -5686 -4372
-5580 -5680 -4573
-5580 -5678 -4586
-5580 -5669 -4655
-5580 -5660 -4691
-5580 -5641 -4784
-5580 -5640 -4792
-5580 -5621 -4846
-5580 -5594 -4924
-5580 -5549 -5024
-5580 -5522 -5065
-5580 -5501 -5106
-5580 -5479 -5136
-5580 -5421 -5206
-5580 -5420 -5210
-5580 -5379 -5260
-5580 -5330 -5310
-5580 -5297 -5330
-5580 -5292 -5331
-5580 -5276 -5358
-5580 -5203 -5409
-5580 -5133 -5453
-5580 -5107 -5470
-5580 -5089 -5479
-5580 -4929 -5563
-5580 -4830 -5588
-5580 -4563 -5642
-5579 -5686 -4388
-5579 -5672 -4628
-5579 -5659 -4725
-5579 -5653 -4768
-5579 -5628 -4863
-5579 -5596 -4920
-5579 -5581 -4954
-5579 -5562 -4989
-5579 -5524 -5067
-5579 -5480 -5140
-5579 -5440 -5200
-5579 -5425 -5217
-5579 -5417 -5230
-5579 -5392 -5243
-5579 -5379 -5268
-5579 -5337 -5298
-5579 -5238 -5381
-5579 -5189 -5420
-5579 -5173 -5436
-5579 -5143 -5449
-5579 -5140 -5470
-5579 -5105 -5472
-5579 -5097 -5474
-5579 -4894 -5573
-5579 -4846 -5583
-5579 -4839 -5587
-5579 -4830 -5592
-5579 -4809 -5595
-5578 -5678 -4623
-5578 -5670 -4677
-5578 -5616 -4868
-5578 -5610 -4879
-5578 -5591 -4932
-5578 -5571 -4983
-5578 -5569 -4986
-5578 -5539 -5037
-5578 -5513 -5087
-5578 -5504 -5111
-5578 -5359 -5285
-5578 -5300 -5331
-5578 -5229 -5388
-5578 -5220 -5393
-5578 -5180 -5427
-5578 -5149 -5452
-5578 -5110 -5472
-5578 -5107 -5473
-5578 -5094 -5483
-5578 -5079 -5488
-5578 -5057 -5498
-5577 -5687 -4428
-5577 -5674 -4629
-5577 -5661 -4704
-5577 -5641 -4800
-5577 -5635 -4837
-5577 -5609 -4887
-5577 -5595 -4922
-5577 -5589 -4935
-5577 -5566 -4987
-5577 -5560 -4998
-5577 -5527 -5072
-5577 -5525 -5083
-5577 -5506 -5097
-5577 -5460 -5166
-5577 -5428 -5222
-5577 -5395 -5244
-5577 -5389 -5246
-5577 -5334 -5305
-5577 -5294 -5333
-5577 -5282 -5355
-5577 -5241 -5382
-5577 -5223 -5398
-5577 -5206 -5405
-5577 -5181 -5423
-5577 -5164 -5440
-5577 -5147 -5454
-5577 -5108 -5474
-5577 -5013 -5525
-5577 -4996 -5532
-5577 -4833 -5588
-5577 -4752 -5618
-5577 -4697 -5627
-5576 -5686 -4491
-5576 -5682 -4557
-5576 -5681 -4598
-5576 -5661 -4713
-5576 -5616 -4873
-5576 -5597 -4921
-5576 -5591 -4945
-5576 -5580 -4955
-5576 -5560 -5006
-5576 -5555 -5010
-5576 -5551 -5027
-5576 -5495 -5114
-5576 -5494 -5117
-5576 -5445 -5193
-5576 -5411 -5231
-5576 -5382 -5260
-5576 -5345 -5292
-5576 -5296 -5342
-5576 -5232 -5384
-5576 -5210 -5402
-5576 -5184 -5425
-5576 -5166 -5441
-5576 -5147 -5458
-5576 -5097 -5479
-5576 -4942 -5554
-5576 -4938 -5555
-5576 -4902 -5571
-5576 -4834 -5588
-5576 -4822 -5593
-5576 -4821 -5595
-5576 -4756 -5610
-5575 -5684 -4515
-5575 -5672 -4695
-5575 -5657 -4735
-5575 -5644 -4805
-5575 -5588 -4946
-5575 -5577 -4964
-5575 -5545 -5045
-5575 -5529 -5061
-5575 -5515 -5096
-5575 -5490 -5118
-5575 -5482 -5131
-5575 -5461 -5166
-5575 -5430 -5205
-5575 -5177 -5433
-5575 -5115 -5474
-5575 -5086 -5484
-5575 -5079 -5494
-5575 -5016 -5522
-5575 -4942 -5558
-5575 -4926 -5565
-5575 -4883 -5574
-5575 -4625 -5635
-5575 -4600 -5639
-5574 -5689 -4446
-5574 -5651 -4773
-5574 -5623 -4869
-5574 -5611 -4896
-5574 -5580 -4968
-5574 -5575 -4972
-5574 -5573 -4974
-5574 -5571 -4989
-5574 -5561 -5004
-5574 -5536 -5057
-5574 -5490 -5142
-5574 -5414 -5236
-5574 -5371 -5271
-5574 -5246 -5377
-5574 -5235 -5389
-5574 -5226 -5392
-5574 -5215 -5403
-5574 -5200 -5415
-5574 -5195 -5420
-5574 -5146 -5459
-5574 -5089 -5490
-5574 -5077 -5496
-5574 -4997 -5531
-5574 -4935 -5560
-5574 -4913 -5573
-5574 -4860 -5581
-5574 -4849 -5587
-5573 -5683 -4616
-5573 -5666 -4719
-5573 -5662 -4724
-5573 -5647 -4780
-5573 -5645 -4790
-5573 -5636 -4834
-5573 -5614 -4876
-5573 -5609 -4911
-5573 -5592 -4932
-5573 -5547 -5028
-5573 -5496 -5114
-5573 -5437 -5202
-5573 -5345 -5293
-5573 -5303 -5330
-5573 -5301 -5332
-5573 -5257 -5376
-5573 -5187 -5424
-5573 -5100 -5475
-5573 -5065 -5497
-5573 -4946 -5563
-5573 -4930 -5565
-5573 -4858 -5582
-5573 -4855 -5583
-5573 -4655 -5639
-5572 -5686 -4533
-5572 -5654 -4778
-5572 -5642 -4808
-5572 -5593 -4936
-5572 -5581 -4959
-5572 -5563 -4998
-5572 -5552 -5032
-5572 -5522 -5086
-5572 -5447 -5185
-5572 -5392 -5247
-5572 -5389 -5249
-5572 -5360 -5285
-5572 -5347 -5292
-5572 -5335 -5309
-5572 -5306 -5334
-5572 -5302 -5336
-5572 -5254 -5379
-5572 -5236 -5393
-5572 -5192 -5423
-5572 -5163 -5444
-5572 -5096 -5482
-5572 -5012 -5530
-5572 -4955 -5558
-5572 -4919 -5570
-5572 -4859 -5582
-5571 -5690 -4496
-5571 -5673 -4651
-5571 -5646 -4791
-5571 -5638 -4816
-5571 -5616 -4882
-5571 -5587 -4950
-5571 -5582 -4951
-5571 -5566 -4999
-5571 -5530 -5063
-5571 -5517 -5089
-5571 -5491 -5123
-5571 -5440 -5207
-5571 -5386 -5257
-5571 -5342 -5300
-5571 -5323 -5313
-5571 -5285 -5351
-5571 -5207 -5410
-5571 -5198 -5416
-5571 -5181 -5428
-5571 -5109 -5479
-5571 -5096 -5486
-5571 -5069 -5500
-5571 -5063 -5501
-5571 -5021 -5525
-5571 -5012 -5534
-5571 -4611 -5641
-5570 -5674 -4642
-5570 -5673 -4667
-5570 -5649 -4798
-5570 -5646 -4805
-5570 -5640 -4809
-5570 -5597 -4927
-5570 -5583 -4960
-5570 -5555 -5019
-5570 -5518 -5088
-5570 -5493 -5120
-5570 -5492 -5123
-5570 -5478 -5161
-5570 -5451 -5182
-5570 -5449 -5193
-5570 -5394 -5246
-5570 -5384 -5263
-5570 -5349 -5290
-5570 -5344 -5296
-5570 -5305 -5341
-5570 -5286 -5347
-5570 -5260 -5374
-5570 -5202 -5412
-5570 -5197 -5420
-5570 -5093 -5490
-5570 -5085 -5491
-5570 -5066 -5503
-5570 -5021 -5529
-5570 -4926 -5567
-5570 -4887 -5574
-5570 -4870 -5583
-5570 -4807 -5599
-5570 -4757 -5611
-5570 -4715 -5622
-5569 -5686 -4546
-5569 -5675 -4624
-5569 -5667 -4701
-5569 -5659 -4742
-5569 -5633 -4851
-5569 -5607 -4912
-5569 -5586 -4961
-5569 -5574 -4975
-5569 -5539 -5049
-5569 -5520 -5094
-5569 -5498 -5117
-5569 -5466 -5164
-5569 -5397 -5240
-5569 -5394 -5249
-5569 -5391 -5254
-5569 -5362 -5280
-5569 -5346 -5298
-5569 -5319 -5324
-5569 -5236 -5398
-5569 -5208 -5406
-5569 -5201 -5417
-5569 -5192 -5428
-5569 -4887 -5575
-5569 -4886 -5577
-5569 -4879 -5578
-5569 -4854 -5587
-5569 -4760 -5610
-5569 -4756 -5615
-5569 -4671 -5632
-5569 -4450 -5645
-5568 -5677 -4631
-5568 -5674 -4663
-5568 -5659 -4767
-5568 -5575 -4981
-5568 -5547 -5036
-5568 -5538 -5050
-5568 -5518 -5101
-5568 -5480 -5149
-5568 -5471 -5171
-5568 -5397 -5248
-5568 -5377 -5271
-5568 -5352 -5295
-5568 -5325 -5317
-5568 -5299 -5346
-5568 -5269 -5361
-5568 -5245 -5380
-5568 -5197 -5426
-5568 -5170 -5437
-5568 -5113 -5488
-5568 -5025 -5527
-5568 -5009 -5542
-5568 -4887 -5579
-5568 -4835 -5591
-5568 -4831 -5592
-5568 -4778 -5609
-5568 -4758 -5612
-5568 -4641 -5640
-5567 -5679 -4633
-5567 -5676 -4660
-5567 -5626 -4883
-5567 -5614 -4887
-5567 -5594 -4937
-5567 -5574 -4988
-5567 -5559 -5011
-5567 -5456 -5189
-5567 -5408 -5237
-5567 -5405 -5239
-5567 -5400 -5250
-5567 -5362 -5288
-5567 -5331 -5312
-5567 -5291 -5350
-5567 -5283 -5352
-5567 -5277 -5362
-5567 -5246 -5380
-5567 -5239 -5386
-5567 -5238 -5392
-5567 -5217 -5407
-5567 -5209 -5408
-5567 -5206 -5421
-5567 -5170 -5441
-5567 -5150 -5451
-5567 -5121 -5480
-5567 -5082 -5493
-5567 -5075 -5497
-5567 -4826 -5594
-5567 -4820 -5597
-5567 -4806 -5604
-5566 -5687 -4512
-5566 -5686 -4567
-5566 -5675 -4663
-5566 -5661 -4725
-5566 -5641 -4811
-5566 -5596 -4929
-5566 -5592 -4939
-5566 -5581 -4965
-5566 -5553 -5020
-5566 -5550 -5034
-5566 -5541 -5048
-5566 -5529 -5068
-5566 -5512 -5103
-5566 -5506 -5107
-5566 -5474 -5176
-5566 -5316 -5329
-5566 -5266 -5365
-5566 -5243 -5381
-5566 -5087 -5491
-5566 -5069 -5501
-5566 -5057 -5505
-5566 -4928 -5567
-5566 -4923 -5570
-5566 -4903 -5580
-5566 -4845 -5589
-5566 -4815 -5599
-5566 -4746 -5622
-5565 -5688 -4526
-5565 -5685 -4569
-5565 -5678 -4672
-5565 -5672 -4697
-5565 -5660 -4748
-5565 -5614 -4907
-5565 -5610 -4910
-5565 -5606 -4927
-5565 -5599 -4928
-5565 -5588 -4949
-5565 -5570 -4993
-5565 -5554 -5027
-5565 -5440 -5210
-5565 -5411 -5242
-5565 -5363 -5279
-5565 -5350 -5299
-5565 -5340 -5304
-5565 -5333 -5311
-5565 -5329 -5316
-5565 -5306 -5335
-5565 -5302 -5342
-5565 -5294 -5348
-5565 -5285 -5354
-5565 -5257 -5380
-5565 -5240 -5384
-5565 -5214 -5412
-5565 -5207 -5418
-5565 -5186 -5431
-5565 -5058 -5506
-5565 -4912 -5575
-5565 -4878 -5582
-5565 -4849 -5591
-5565 -4771 -5610
-5565 -4769 -5612
-5564 -5687 -4592
-5564 -5663 -4722
-5564 -5659 -4775
-5564 -5641 -4826
-5564 -5637 -4829
-5564 -5590 -4946
-5564 -5576 -4973
-5564 -5572 -4991
-5564 -5570 -4996
-5564 -5561 -5010
-5564 -5556 -5012
-5564 -5550 -5047
-5564 -5537 -5058
-5564 -5530 -5066
-5564 -5484 -5145
-5564 -5385 -5259
-5564 -5363 -5280
-5564 -5343 -5303
-5564 -5310 -5335
-5564 -5266 -5369
-5564 -5262 -5378
-5564 -5247 -5386
-5564 -5243 -5395
-5564 -5153 -5448
-5564 -5152 -5454
-5564 -5129 -5471
-5564 -5076 -5497
-5564 -4859 -5585
-5564 -4784 -5613
-5564 -4702 -5624
-5564 -4472 -5643
-5563 -5688 -4585
-5563 -5669 -4707
-5563 -5668 -4712
-5563 -5643 -4807
-5563 -5618 -4896
-5563 -5595 -4936
-5563 -5558 -5013
-5563 -5557 -5024
-5563 -5530 -5076
-5563 -5510 -5112
-5563 -5496 -5121
-5563 -5495 -5128
-5563 -5466 -5185
-5563 -5417 -5235
-5563 -5397 -5253
-5563 -5382 -5264
-5563 -5359 -5293
-5563 -5242 -5397
-5563 -5232 -5402
-5563 -5200 -5422
-5563 -5183 -5439
-5563 -5167 -5445
-5563 -5164 -5448
-5563 -5127 -5473
-5563 -5085 -5492
-5563 -5083 -5494
-5563 -5062 -5508
-5563 -4855 -5587
-5563 -4851 -5588
-5563 -4793 -5608
-5563 -4763 -5619
-5562 -5692 -4377
-5562 -5691 -4462
-5562 -5690 -4625
-5562 -5622 -4886
-5562 -5592 -4953
-5562 -5577 -4980
-5562 -5575 -4987
-5562 -5563 -5015
-5562 -5559 -5017
-5562 -5541 -5065
-5562 -5441 -5200
-5562 -5420 -5223
-5562 -5392 -5255
-5562 -5383 -5268
-5562 -5382 -5273
-5562 -5363 -5290
-5562 -5345 -5306
-5562 -5300 -5344
-5562 -5263 -5376
-5562 -5251 -5383
-5562 -5218 -5404
-5562 -5167 -5449
-5562 -5166 -5457
-5562 -5089 -5491
-5562 -5082 -5506
-5562 -5025 -5529
-5562 -4948 -5564
-5562 -4818 -5601
-5562 -4569 -5648
-5561 -5691 -4469
-5561 -5655 -4776
-5561 -5597 -4933
-5561 -5594 -4940
-5561 -5582 -4967
-5561 -5577 -4986
-5561 -5542 -5052
-5561 -5513 -5117
-5561 -5486 -5151
-5561 -5443 -5195
-5561 -5269 -5366
-5561 -5190 -5431
-5561 -5057 -5519
-5561 -4961 -5557
-5561 -4839 -5593
-5561 -4680 -5636
-5560 -5691 -4505
-5560 -5686 -4662
-5560 -5668 -4722
-5560 -5664 -4735
-5560 -5662 -4756
-5560 -5654 -4781
-5560 -5651 -4818
-5560 -5642 -4822
-5560 -5637 -4851
-5560 -5597 -4942
-5560 -5585 -4963
-5560 -5583 -4977
-5560 -5580 -4982
-5560 -5569 -5009
-5560 -5561 -5027
-5560 -5539 -5068
-5560 -5492 -5151
-5560 -5457 -5190
-5560 -5444 -5194
-5560 -5425 -5229
-5560 -5388 -5256
-5560 -5379 -5280
-5560 -5337 -5310
-5560 -5312 -5330
-5560 -5268 -5368
-5560 -5259 -5381
-5560 -5254 -5388
-5560 -5245 -5391
-5560 -5153 -5459
-5560 -5145 -5461
-5560 -5061 -5509
-5560 -4971 -5549
-5560 -4964 -5554
-5560 -4951 -5559
-5560 -4896 -5581
-5560 -4868 -5586
-5560 -4859 -5596
-5560 -4799 -5608
-5560 -4717 -5623
-5560 -4712 -5626
-5560 -4711 -5627
-5560 -4651 -5642
-5559 -5692 -4499
-5559 -5691 -4591
-5559 -5674 -4674
-5559 -5667 -4727
-5559 -5611 -4909
-5559 -5570 -5005
-5559 -5562 -5022
-5559 -5553 -5039
-5559 -5539 -5074
-5559 -5514 -5102
-5559 -5498 -5120
-5559 -5495 -5147
-5559 -5430 -5217
-5559 -5346 -5301
-5559 -5334 -5311
-5559 -5221 -5407
-5559 -5206 -5423
-5559 -5172 -5446
-5559 -4981 -5547
-5559 -4980 -5548
-5559 -4965 -5562
-5559 -4949 -5564
-5559 -4907 -5581
-5559 -4868 -5591
-5559 -4848 -5601
-5559 -4808 -5603
-5559 -4788 -5613
-5558 -5694 -4433
-5558 -5692 -4515
-5558 -5677 -4681
-5558 -5665 -4749
-5558 -5664 -4750
-5558 -5641 -4829
-5558 -5589 -4971
-5558 -5501 -5121
-5558 -5446 -5198
-5558 -5441 -5211
-5558 -5438 -5214
-5558 -5428 -5234
-5558 -5409 -5243
-5558 -5390 -5257
-5558 -5379 -5284
-5558 -5360 -5301
-5558 -5317 -5327
-5558 -5311 -5340
-5558 -5287 -5352
-5558 -5278 -5358
-5558 -5274 -5364
-5558 -5273 -5378
-5558 -5229 -5408
-5558 -5210 -5414
-5558 -5126 -5474
-5558 -5097 -5490
-5558 -5064 -5507
-5558 -5029 -5522
-5558 -4974 -5557
-5558 -4941 -5565
-5558 -4884 -5583
-5558 -4871 -5587
-5558 -4716 -5631
-5558 -4696 -5632
-5557 -5693 -4444
-5557 -5676 -4686
-5557 -5627 -4877
-5557 -5602 -4936
-5557 -5590 -4967
-5557 -5573 -5001
-5557 -5565 -5027
-5557 -5559 -5036
-5557 -5543 -5050
-5557 -5515 -5109
-5557 -5469 -5178
-5557 -5428 -5242
-5557 -5320 -5322
-5557 -5312 -5331
-5557 -5290 -5355
-5557 -5282 -5360
-5557 -5226 -5409
-5557 -5206 -5425
-5557 -5192 -5429
-5557 -5144 -5469
-5557 -5115 -5485
-5557 -5095 -5492
-5557 -5088 -5495
-5557 -5051 -5523
-5557 -5031 -5533
-5557 -4923 -5571
-5557 -4909 -5579
-5557 -4855 -5598
-5557 -4752 -5620
-5557 -4740 -5625
-5557 -4710 -5634
-5556 -5696 -4328
-5556 -5693 -4552
-5556 -5681 -4668
-5556 -5678 -4675
-5556 -5653 -4784
-5556 -5546 -5064
-5556 -5527 -5078
-5556 -5516 -5104
-5556 -5454 -5191
-5556 -5449 -5203
-5556 -5395 -5254
-5556 -5320 -5332
-5556 -5303 -5342
-5556 -5186 -5432
-5556 -5181 -5440
-5556 -5063 -5508
-5556 -5040 -5528
-5556 -4877 -5584
-5556 -4800 -5608
-5556 -4745 -5623
-5556 -4601 -5643
-5555 -5697 -4404
-5555 -5694 -4508
-5555 -5663 -4751
-5555 -5637 -4854
-5555 -5632 -4857
-5555 -5610 -4918
-5555 -5501 -5122
-5555 -5499 -5130
-5555 -5481 -5152
-5555 -5400 -5255
-5555 -5392 -5262
-5555 -5386 -5272
-5555 -5337 -5311
-5555 -5326 -5317
-5555 -5296 -5347
-5555 -5219 -5413
-5555 -5217 -5417
-5555 -5122 -5475
-5555 -5034 -5534
-5555 -4981 -5556
-5555 -4873 -5586
-5555 -4809 -5603
-5555 -4770 -5616
-5555 -4760 -5623
-5554 -5698 -4522
-5554 -5692 -4563
-5554 -5671 -4712
-5554 -5652 -4792
-5554 -5618 -4899
-5554 -5616 -4902
-5554 -5609 -4927
-5554 -5593 -4951
-5554 -5577 -4988
-5554 -5566 -5026
-5554 -5536 -5077
-5554 -5522 -5096
-5554 -5519 -5109
-5554 -5501 -5123
-5554 -5497 -5131
-5554 -5457 -5196
-5554 -5406 -5246
-5554 -5400 -5259
-5554 -5329 -5319
-5554 -5260 -5379
-5554 -5248 -5389
-5554 -5246 -5391
-5554 -5218 -5415
-5554 -5132 -5487
-5554 -5089 -5496
-5554 -4990 -5551
-5554 -4808 -5608
-5554 -4796 -5612
-5554 -4769 -5618
-5554 -4749 -5628
-5554 -4664 -5638
-5554 -4660 -5639
-5554 -4602 -5643
-5553 -5680 -4673
-5553 -5675 -4702
-5553 -5646 -4828
-5553 -5641 -4853
-5553 -5618 -4913
-5553 -5594 -4955
-5553 -5524 -5092
-5553 -5485 -5156
-5553 -5460 -5188
-5553 -5457 -5197
-5553 -5435 -5217
-5553 -5430 -5218
-5553 -5410 -5245
-5553 -5357 -5309
-5553 -5319 -5347
-5553 -5310 -5349
-5553 -5284 -5360
-5553 -5274 -5366
-5553 -5189 -5440
-5553 -5150 -5466
-5553 -5058 -5516
-5553 -5041 -5526
-5553 -5038 -5539
-5553 -4997 -5543
-5553 -4993 -5545
-5553 -4931 -5566
-5553 -4817 -5603
-5553 -4812 -5608
-5553 -4600 -5644
-5552 -5696 -4526
-5552 -5666 -4739
-5552 -5656 -4799
-5552 -5653 -4836
-5552 -5598 -4943
-5552 -5597 -4950
-5552 -5585 -4976
-5552 -5479 -5161
-5552 -5405 -5247
-5552 -5373 -5285
-5552 -5366 -5291
-5552 -5339 -5311
-5552 -5328 -5329
-5552 -5248 -5391
-5552 -5198 -5426
-5552 -5106 -5490
-5552 -5100 -5491
-5552 -4942 -5569
-5552 -4840 -5603
-5552 -4820 -5606
-5552 -4570 -5646
-5551 -5700 -4540
-5551 -5693 -4581
-5551 -5691 -4608
-5551 -5683 -4679
-5551 -5677 -4684
-5551 -5667 -4746
-5551 -5662 -4773
-5551 -5660 -4789
-5551 -5631 -4872
-5551 -5620 -4890
-5551 -5614 -4917
-5551 -5602 -4940
-5551 -5596 -4965
-5551 -5574 -4999
-5551 -5573 -5013
-5551 -5551 -5040
-5551 -5528 -5078
-5551 -5412 -5250
-5551 -5334 -5319
-5551 -5291 -5355
-5551 -5277 -5371
-5551 -5256 -5384
-5551 -5248 -5395
-5551 -5227 -5409
-5551 -5226 -5417
-5551 -5205 -5430
-5551 -5158 -5458
-5551 -5063 -5509
-5551 -5040 -5531
-5551 -5006 -5543
-5551 -4889 -5583
-5551 -4700 -5637
-5551 -4668 -5647
-5550 -5677 -4707
-5550 -5673 -4735
-5550 -5642 -4839
-5550 -5635 -4862
-5550 -5632 -4868
-5550 -5623 -4884
-5550 -5622 -4887
-5550 -5621 -4889
-5550 -5620 -4896
-5550 -5603 -4932
-5550 -5594 -4972
-5550 -5551 -5044
-5550 -5529 -5082
-5550 -5508 -5127
-5550 -5482 -5166
-5550 -5461 -5188
-5550 -5429 -5221
-5550 -5367 -5286
-5550 -5336 -5320
-5550 -5331 -5323
-5550 -5294 -5350
-5550 -5263 -5386
-5550 -5262 -5394
-5550 -5235 -5399
-5550 -5215 -5418
-5550 -5176 -5442
-5550 -5086 -5497
-5550 -5064 -5510
-5550 -5061 -5513
-5550 -4881 -5584
-5550 -4861 -5594
-5549 -5696 -4574
-5549 -5687 -4641
-5549 -5668 -4740
-5549 -5661 -4790
-5549 -5629 -4895
-5549 -5603 -4935
-5549 -5599 -4944
-5549 -5575 -4989
-5549 -5561 -5037
-5549 -5498 -5137
-5549 -5431 -5218
-5549 -5383 -5273
-5549 -5334 -5323
-5549 -5232 -5403
-5549 -5179 -5446
-5549 -5170 -5448
-5549 -5095 -5495
-5549 -5081 -5507
-5549 -5068 -5509
-5549 -4970 -5560
-5549 -4882 -5587
-5549 -4870 -5589
-5549 -4865 -5595
-5549 -4845 -5605
-5549 -4782 -5618
-5549 -4701 -5635
-5548 -5693 -4626
-5548 -5682 -4694
-5548 -5680 -4723
-5548 -5632 -4875
-5548 -5604 -4936
-5548 -5452 -5201
-5548 -5430 -5221
-5548 -5429 -5227
-5548 -5402 -5267
-5548 -5383 -5281
-5548 -5364 -5305
-5548 -5354 -5310
-5548 -5335 -5321
-5548 -5288 -5361
-5548 -5286 -5364
-5548 -5237 -5403
-5548 -5212 -5420
-5548 -5186 -5448
-5548 -5153 -5460
-5548 -5088 -5498
-5548 -5044 -5528
-5548 -5007 -5543
-5548 -4974 -5561
-5548 -4950 -5563
-5548 -4891 -5582
-5548 -4854 -5600
-5548 -4817 -5615
-5548 -4757 -5627
-5548 -4624 -5650
-5547 -5668 -4748
-5547 -5642 -4841
-5547 -5619 -4906
-5547 -5606 -4930
-5547 -5578 -4991
-5547 -5539 -5082
-5547 -5501 -5130
-5547 -5492 -5152
-5547 -5337 -5319
-5547 -5294 -5360
-5547 -5288 -5365
-5547 -5235 -5408
-5547 -5215 -5422
-5547 -5173 -5452
-5547 -5104 -5492
-5547 -5098 -5497
-5547 -5088 -5499
-5547 -5084 -5502
-5547 -4944 -5565
-5547 -4765 -5619
-5547 -4726 -5630
-5547 -4721 -5633
-5546 -5635 -4868
-5546 -5630 -4893
-5546 -5616 -4917
-5546 -5615 -4918
-5546 -5600 -4950
-5546 -5595 -4969
-5546 -5575 -5003
-5546 -5554 -5038
-5546 -5528 -5085
-5546 -5477 -5170
-5546 -5474 -5196
-5546 -5443 -5206
-5546 -5302 -5352
-5546 -5229 -5409
-5546 -5190 -5435
-5546 -5172 -5458
-5546 -5096 -5499
-5546 -5088 -5503
-5546 -5070 -5510
-5546 -5068 -5513
-5546 -5010 -5544
-5546 -4916 -5575
-5546 -4910 -5578
-5546 -4878 -5595
-5546 -4818 -5607
-5546 -4705 -5644
-5545 -5702 -4596
-5545 -5650 -4838
-5545 -5645 -4839
-5545 -5641 -4860
-5545 -5582 -4978
-5545 -5581 -4980
-5545 -5571 -5015
-5545 -5568 -5016
-5545 -5562 -5029
-5545 -5530 -5083
-5545 -5527 -5088
-5545 -5509 -5119
-5545 -5495 -5157
-5545 -5409 -5252
-5545 -5386 -5273
-5545 -5373 -5290
-5545 -5350 -5319
-5545 -5340 -5324
-5545 -5333 -5326
-5545 -5302 -5362
-5545 -5240 -5406
-5545 -5099 -5495
-5545 -5085 -5504
-5545 -5077 -5508
-5545 -5063 -5517
-5545 -4994 -5555
-5545 -4919 -5573
-5545 -4887 -5590
-5545 -4825 -5607
-5544 -5681 -4696
-5544 -5666 -4762
-5544 -5644 -4841
-5544 -5635 -4888
-5544 -5620 -4912
-5544 -5609 -4930
-5544 -5591 -4974
-5544 -5584 -4981
-5544 -5582 -4983
-5544 -5557 -5043
-5544 -5535 -5085
-5544 -5510 -5120
-5544 -5438 -5216
-5544 -5432 -5223
-5544 -5429 -5242
-5544 -5380 -5292
-5544 -5278 -5366
-5544 -5275 -5372
-5544 -5207 -5429
-5544 -5159 -5461
-5544 -5145 -5473
-5544 -5116 -5489
-5544 -5083 -5506
-5544 -4960 -5564
-5544 -4934 -5573
-5544 -4903 -5582
-5544 -4823 -5609
-5544 -4566 -5651
-5544 -4524 -5652
-5543 -5704 -4491
-5543 -5694 -4627
-5543 -5688 -4633
-5543 -5684 -4703
-5543 -5664 -4766
-5543 -5662 -4807
-5543 -5611 -4927
-5543 -5601 -4942
-5543 -5597 -4954
-5543 -5591 -4977
-5543 -5582 -4991
-5543 -5571 -5028
-5543 -5558 -5039
-5543 -5550 -5053
-5543 -5542 -5073
-5543 -5483 -5161
-5543 -5475 -5179
-5543 -5334 -5328
-5543 -5283 -5372
-5543 -5274 -5373
-5543 -5225 -5424
-5543 -5114 -5491
-5543 -5102 -5493
-5543 -4996 -5547
-5543 -4976 -5557
-5543 -4912 -5577
-5543 -4893 -5584
-5543 -4890 -5585
-5543 -4550 -5656
-5542 -5708 -4393
-5542 -5704 -4614
-5542 -5692 -4650
-5542 -5622 -4898
-5542 -5601 -4946
-5542 -5567 -5029
-5542 -5552 -5046
-5542 -5531 -5093
-5542 -5520 -5107
-5542 -5506 -5142
-5542 -5487 -5166
-5542 -5455 -5199
-5542 -5454 -5206
-5542 -5441 -5220
-5542 -5384 -5279
-5542 -5366 -5296
-5542 -5365 -5301
-5542 -5321 -5340
-5542 -5269 -5379
-5542 -5249 -5400
-5542 -5231 -5409
-5542 -5198 -5433
-5542 -5192 -5447
-5542 -5161 -5463
-5542 -5136 -5477
-5542 -5077 -5510
-5542 -5022 -5540
-5542 -4963 -5565
-5542 -4948 -5567
-5542 -4927 -5577
-5542 -4910 -5587
-5541 -5686 -4666
-5541 -5677 -4725
-5541 -5669 -4752
-5541 -5654 -4814
-5541 -5642 -4851
-5541 -5639 -4861
-5541 -5621 -4900
-5541 -5602 -4952
-5541 -5598 -4961
-5541 -5584 -4996
-5541 -5562 -5035
-5541 -5558 -5042
-5541 -5480 -5172
-5541 -5417 -5247
-5541 -5403 -5254
-5541 -5388 -5268
-5541 -5329 -5329
-5541 -5277 -5378
-5541 -5146 -5470
-5541 -5098 -5503
-5541 -5061 -5518
-5541 -5052 -5522
-5541 -5000 -5548
-5541 -4996 -5555
-5541 -4980 -5557
-5541 -4919 -5582
-5541 -4779 -5622
-5541 -4561 -5652
-5540 -5706 -4509
-5540 -5687 -4668
-5540 -5678 -4747
-5540 -5622 -4904
-5540 -5621 -4908
-5540 -5618 -4914
-5540 -5604 -4941
-5540 -5577 -5001
-5540 -5554 -5044
-5540 -5534 -5098
-5540 -5512 -5121
-5540 -5458 -5204
-5540 -5400 -5269
-5540 -5335 -5325
-5540 -5308 -5351
-5540 -5265 -5390
-5540 -5237 -5414
-5540 -5199 -5435
-5540 -5169 -5463
-5540 -5146 -5474
-5540 -5130 -5489
-5540 -5082 -5512
-5540 -5053 -5521
-5540 -5051 -5528
-5540 -5005 -5550
-5540 -4967 -5570
-5540 -4951 -5572
-5540 -4788 -5617
-5540 -4725 -5634
-5540 -4614 -5654
-5540 -4609 -5657
-5539 -5686 -4684
-5539 -5658 -4832
-5539 -5618 -4923
-5539 -5607 -4931
-5539 -5606 -4944
-5539 -5604 -4958
-5539 -5596 -4967
-5539 -5590 -4990
-5539 -5574 -5004
-5539 -5525 -5100
-5539 -5513 -5132
-5539 -5446 -5210
-5539 -5433 -5225
-5539 -5324 -5332
-5539 -5314 -5348
-5539 -5286 -5367
-5539 -5254 -5395
-5539 -5119 -5494
-5539 -5086 -5504
-5539 -5077 -5515
-5539 -5042 -5534
-5539 -4852 -5601
-5539 -4785 -5619
-5539 -4769 -5634
-5538 -5696 -4627
-5538 -5654 -4844
-5538 -5638 -4876
-5538 -5624 -4903
-5538 -5574 -5020
-5538 -5563 -5032
-5538 -5560 -5055
-5538 -5521 -5109
-5538 -5516 -5128
-5538 -5433 -5233
-5538 -5403 -5268
-5538 -5328 -5330
-5538 -5320 -5342
-5538 -5250 -5397
-5538 -5241 -5401
-5538 -5197 -5436
-5538 -5156 -5465
-5538 -5119 -5498
-5538 -4976 -5559
-5538 -4960 -5574
-5538 -4922 -5582
-5538 -4861 -5596
-5538 -4778 -5629
-5538 -4669 -5646
-5537 -5667 -4791
-5537 -5610 -4952
-5537 -5580 -5000
-5537 -5509 -5134
-5537 -5449 -5215
-5537 -5410 -5259
-5537 -5381 -5287
-5537 -5310 -5354
-5537 -5275 -5383
-5537 -5246 -5408
-5537 -5227 -5425
-5537 -5181 -5451
-5537 -5150 -5483
-5537 -5058 -5524
-5537 -5025 -5542
-5537 -4931 -5577
-5537 -4910 -5589
-5537 -4866 -5599
-5537 -4795 -5616
-5537 -4725 -5636
-5537 -4687 -5646
-5537 -4620 -5653
-5536 -5700 -4631
-5536 -5688 -4662
-5536 -5680 -4737
-5536 -5670 -4748
-5536 -5668 -4805
-5536 -5594 -4982
-5536 -5585 -4992
-5536 -5580 -5017
-5536 -5564 -5031
-5536 -5562 -5044
-5536 -5536 -5090
-5536 -5490 -5159
-5536 -5449 -5223
-5536 -5414 -5253
-5536 -5397 -5274
-5536 -5369 -5298
-5536 -5366 -5301
-5536 -5359 -5312
-5536 -5331 -5335
-5536 -5295 -5366
-5536 -5282 -5385
-5536 -5181 -5455
-5536 -5161 -5465
-5536 -5086 -5508
-5536 -5062 -5521
-5536 -4924 -5580
-5536 -4870 -5599
-5536 -4827 -5606
-5536 -4811 -5618
-5536 -4790 -5621
-5535 -5710 -4451
-5535 -5687 -4704
-5535 -5674 -4765
-5535 -5662 -4809
-5535 -5655 -4850
-5535 -5642 -4853
-5535 -5630 -4903
-5535 -5600 -4962
-5535 -5556 -5069
-5535 -5541 -5078
-5535 -5537 -5085
-5535 -5517 -5114
-5535 -5509 -5147
-5535 -5360 -5309
-5535 -5338 -5325
-5535 -5323 -5336
-5535 -5322 -5337
-5535 -5290 -5368
-5535 -5284 -5370
-5535 -5266 -5387
-5535 -5251 -5402
-5535 -5243 -5415
-5535 -5069 -5517
-5535 -5060 -5523
-5535 -5009 -5549
-5535 -4933 -5575
-5535 -4884 -5594
-5535 -4820 -5613
-5535 -4579 -5661
-5534 -5689 -4656
-5534 -5681 -4731
-5534 -5677 -4764
-5534 -5623 -4916
-5534 -5612 -4925
-5534 -5611 -4941
-5534 -5591 -4992
-5534 -5582 -5006
-5534 -5524 -5105
-5534 -5455 -5206
-5534 -5430 -5235
-5534 -5406 -5266
-5534 -5324 -5338
-5534 -5306 -5355
-5534 -5286 -5372
-5534 -5253 -5396
-5534 -5252 -5397
-5534 -5201 -5434
-5534 -5195 -5445
-5534 -5153 -5475
-5534 -5097 -5506
-5534 -4999 -5551
-5534 -4975 -5569
-5534 -4920 -5584
-5534 -4836 -5614
-5534 -4713 -5637
-5534 -4683 -5651
-5533 -5682 -4708
-5533 -5662 -4824
-5533 -5611 -4944
-5533 -5587 -5004
-5533 -5565 -5037
-5533 -5543 -5077
-5533 -5540 -5090
-5533 -5518 -5112
-5533 -5478 -5177
-5533 -5440 -5224
-5533 -5423 -5245
-5533 -5335 -5327
-5533 -5292 -5369
-5533 -5254 -5407
-5533 -5189 -5449
-5533 -5162 -5466
-5533 -5097 -5510
-5533 -5041 -5536
-5533 -4983 -5556
-5533 -4939 -5575
-5533 -4929 -5579
-5533 -4883 -5597
-5533 -4719 -5638
-5532 -5712 -4469
-5532 -5707 -4521
-5532 -5705 -4547
-5532 -5697 -4638
-5532 -5695 -4667
-5532 -5639 -4894
-5532 -5605 -4953
-5532 -5545 -5073
-5532 -5526 -5101
-5532 -5501 -5156
-5532 -5481 -5169
-5532 -5478 -5178
-5532 -5405 -5273
-5532 -5397 -5279
-5532 -5367 -5301
-5532 -5340 -5328
-5532 -5334 -5330
-5532 -5269 -5386
-5532 -5205 -5437
-5532 -5156 -5472
-5532 -5099 -5503
-5532 -5083 -5518
-5532 -5029 -5543
-5532 -5002 -5553
-5532 -4991 -5559
-5532 -4977 -5567
-5532 -4923 -5586
-5532 -4892 -5592
-5532 -4724 -5643
-5531 -5708 -4482
-5531 -5646 -4851
-5531 -5643 -4884
-5531 -5619 -4924
-5531 -5599 -4963
-5531 -5597 -4964
-5531 -5475 -5191
-5531 -5464 -5197
-5531 -5359 -5323
-5531 -5334 -5334
-5531 -5321 -5361
-5531 -5286 -5374
-5531 -5267 -5389
-5531 -5262 -5395
-5531 -5196 -5439
-5531 -5173 -5457
-5531 -5125 -5496
-5531 -5064 -5521
-5531 -5013 -5554
-5531 -4932 -5579
-5530 -5707 -4524
-5530 -5676 -4774
-5530 -5664 -4807
-5530 -5652 -4853
-5530 -5618 -4931
-5530 -5601 -4960
-5530 -5598 -4976
-5530 -5577 -5023
-5530 -5563 -5044
-5530 -5562 -5045
-5530 -5541 -5086
-5530 -5528 -5101
-5530 -5521 -5122
-5530 -5389 -5282
-5530 -5343 -5324
-5530 -5335 -5333
-5530 -5297 -5371
-5530 -5288 -5373
-5530 -5287 -5376
-5530 -5265 -5391
-5530 -5240 -5416
-5530 -5226 -5428
-5530 -5198 -5446
-5530 -5086 -5513
-5530 -4850 -5602
-5530 -4635 -5653
-5530 -4630 -5656
-5530 -4616 -5658
-5530 -4463 -5662
-5529 -5691 -4682
-5529 -5689 -4711
-5529 -5675 -4779
-5529 -5663 -4820
-5529 -5656 -4843
-5529 -5615 -4953
-5529 -5574 -5032
-5529 -5529 -5108
-5529 -5492 -5161
-5529 -5454 -5209
-5529 -5383 -5293
-5529 -5377 -5294
-5529 -5374 -5297
-5529 -5332 -5338
-5529 -5226 -5432
-5529 -5103 -5507
-5529 -5015 -5546
-5529 -4936 -5584
-5529 -4900 -5596
-5529 -4840 -5608
-5529 -4817 -5616
-5529 -4791 -5621
-5528 -5709 -4526
-5528 -5700 -4648
-5528 -5684 -4716
-5528 -5669 -4789
-5528 -5628 -4913
-5528 -5619 -4943
-5528 -5582 -5018
-5528 -5548 -5070
-5528 -5530 -5118
-5528 -5477 -5184
-5528 -5425 -5248
-5528 -5385 -5294
-5528 -5345 -5326
-5528 -5235 -5418
-5528 -5111 -5499
-5528 -5069 -5522
-5528 -4909 -5591
-5528 -4849 -5603
-5528 -4618 -5657
-5528 -4491 -5663
-5527 -5709 -4542
-5527 -5706 -4629
-5527 -5686 -4747
-5527 -5644 -4856
-5527 -5594 -4990
-5527 -5565 -5041
-5527 -5531 -5105
-5527 -5493 -5159
-5527 -5479 -5187
-5527 -5394 -5280
-5527 -5348 -5328
-5527 -5303 -5364
-5527 -5266 -5392
-5527 -5256 -5396
-5527 -5240 -5418
-5527 -5229 -5420
-5527 -5218 -5434
-5527 -5179 -5458
-5527 -5165 -5469
-5527 -5117 -5502
-5527 -5035 -5544
-5527 -5015 -5554
-5527 -5002 -5555
-5527 -4999 -5556
-5527 -4869 -5601
-5527 -4810 -5620
-5527 -4788 -5625
-5526 -5691 -4694
-5526 -5671 -4780
-5526 -5664 -4815
-5526 -5599 -4972
-5526 -5591 -5007
-5526 -5566 -5042
-5526 -5550 -5080
-5526 -5505 -5148
-5526 -5409 -5264
-5526 -5361 -5307
-5526 -5323 -5341
-5526 -5304 -5362
-5526 -5266 -5398
-5526 -5215 -5435
-5526 -5131 -5497
-5526 -5101 -5511
-5526 -5071 -5521
-5526 -5056 -5526
-5526 -5039 -5538
-5526 -5024 -5549
-5526 -4860 -5604
-5526 -4760 -5635
-5526 -4593 -5665
-5525 -5715 -4515
-5525 -5702 -4666
-5525 -5650 -4858
-5525 -5647 -4863
-5525 -5636 -4896
-5525 -5626 -4930
-5525 -5621 -4931
-5525 -5601 -4965
-5525 -5536 -5100
-5525 -5511 -5135
-5525 -5495 -5177
-5525 -5466 -5202
-5525 -5458 -5205
-5525 -5418 -5250
-5525 -5417 -5252
-5525 -5412 -5255
-5525 -5362 -5310
-5525 -5328 -5339
-5525 -5161 -5473
-5525 -5105 -5503
-5525 -5061 -5533
-5525 -5055 -5534
-5525 -4876 -5598
-5525 -4871 -5600
-5525 -4868 -5605
-5525 -4844 -5608
-5525 -4816 -5617
-5525 -4635 -5658
-5524 -5707 -4595
-5524 -5693 -4691
-5524 -5661 -4829
-5524 -5611 -4969
-5524 -5433 -5237
-5524 -5377 -5297
-5524 -5374 -5299
-5524 -5371 -5300
-5524 -5329 -5346
-5524 -5277 -5392
-5524 -5201 -5441
-5524 -5138 -5497
-5524 -5067 -5525
-5524 -4938 -5577
-5524 -4913 -5593
-5524 -4881 -5598
-5524 -4877 -5600
-5524 -4549 -5667
-5523 -5681 -4753
-5523 -5653 -4863
-5523 -5646 -4892
-5523 -5641 -4893
-5523 -5578 -5024
-5523 -5557 -5067
-5523 -5513 -5134
-5523 -5472 -5198
-5523 -5452 -5220
-5523 -5450 -5223
-5523 -5438 -5227
-5523 -5421 -5255
-5523 -5372 -5305
-5523 -5366 -5308
-5523 -5364 -5310
-5523 -5267 -5393
-5523 -5257 -5400
-5523 -5218 -5443
-5523 -5172 -5461
-5523 -5169 -5482
-5523 -5077 -5523
-5523 -5072 -5525
-5523 -5051 -5538
-5523 -5031 -5548
-5523 -4948 -5575
-5523 -4922 -5588
-5523 -4882 -5598
-5523 -4740 -5638
-5523 -4700 -5653
-5522 -5717 -4533
-5522 -5664 -4819
-5522 -5632 -4902
-5522 -5571 -5034
-5522 -5561 -5049
-5522 -5560 -5060
-5522 -5496 -5158
-5522 -5457 -5207
-5522 -5368 -5316
-5522 -5349 -5333
-5522 -5280 -5386
-5522 -5258 -5399
-5522 -5182 -5452
-5522 -5178 -5464
-5522 -5105 -5507
-5522 -5081 -5520
-5522 -5040 -5543
-5522 -4989 -5564
-5522 -4893 -5601
-5522 -4830 -5617
-5522 -4670 -5655
-5521 -5709 -4556
-5521 -5694 -4679
-5521 -5670 -4795
-5521 -5636 -4898
-5521 -5633 -4914
-5521 -5588 -5010
-5521 -5543 -5086
-5521 -5541 -5088
-5521 -5539 -5091
-5521 -5527 -5123
-5521 -5443 -5233
-5521 -5407 -5266
-5521 -5334 -5338
-5521 -5309 -5367
-5521 -5285 -5386
-5521 -5277 -5398
-5521 -5230 -5420
-5521 -5193 -5452
-5521 -5192 -5459
-5521 -5108 -5508
-5521 -4839 -5612
-5521 -4781 -5630
-5521 -4758 -5637
-5521 -4613 -5659
-5520 -5695 -4681
-5520 -5681 -4787
-5520 -5609 -4970
-5520 -5602 -4971
-5520 -5599 -4978
-5520 -5532 -5106
-5520 -5461 -5206
-5520 -5411 -5272
-5520 -5392 -5286
-5520 -5375 -5298
-5520 -5365 -5323
-5520 -5332 -5341
-5520 -5323 -5354
-5520 -5292 -5374
-5520 -5286 -5380
-5520 -5244 -5414
-5520 -5234 -5421
-5520 -5196 -5453
-5520 -5098 -5514
-5520 -4994 -5568
-5520 -4939 -5583
-5520 -4849 -5606
-5520 -4744 -5645
-5519 -5708 -4567
-5519 -5663 -4832
-5519 -5656 -4860
-5519 -5647 -4864
-5519 -5592 -4991
-5519 -5569 -5043
-5519 -5455 -5216
-5519 -5446 -5225
-5519 -5435 -5236
-5519 -5428 -5259
-5519 -5415 -5261
-5519 -5302 -5371
-5519 -5258 -5401
-5519 -5116 -5509
-5519 -5067 -5532
-5519 -4971 -5570
-5519 -4948 -5578
-5519 -4845 -5608
-5519 -4753 -5640
-5518 -5716 -4552
-5518 -5711 -4567
-5518 -5709 -4569
-5518 -5696 -4677
-5518 -5692 -4708
-5518 -5671 -4798
-5518 -5667 -4807
-5518 -5650 -4869
-5518 -5629 -4932
-5518 -5622 -4933
-5518 -5612 -4957
-5518 -5604 -4974
-5518 -5549 -5081
-5518 -5435 -5242
-5518 -5414 -5277
-5518 -5303 -5369
-5518 -5286 -5392
-5518 -5264 -5401
-5518 -5255 -5404
-5518 -5215 -5451
-5518 -5118 -5502
-5518 -5102 -5517
-5518 -5041 -5542
-5518 -5021 -5552
-5518 -5010 -5558
-5518 -4996 -5566
-5518 -4961 -5572
-5518 -4942 -5585
-5518 -4874 -5603
-5518 -4797 -5621
-5517 -5689 -4725
-5517 -5672 -4791
-5517 -5657 -4846
-5517 -5595 -4996
-5517 -5585 -5018
-5517 -5580 -5020
-5517 -5578 -5030
-5517 -5563 -5052
-5517 -5542 -5090
-5517 -5534 -5103
-5517 -5513 -5138
-5517 -5471 -5202
-5517 -5458 -5211
-5517 -5446 -5233
-5517 -5437 -5238
-5517 -5322 -5369
-5517 -5295 -5374
-5517 -5292 -5377
-5517 -5232 -5422
-5517 -5224 -5433
-5517 -5179 -5462
-5517 -5083 -5520
-5517 -4975 -5575
-5517 -4951 -5578
-5517 -4796 -5622
-5516 -5718 -4447
-5516 -5709 -4585
-5516 -5707 -4598
-5516 -5705 -4634
-5516 -5699 -4683
-5516 -5665 -4814
-5516 -5632 -4919
-5516 -5620 -4941
-5516 -5566 -5048
-5516 -5561 -5060
-5516 -5552 -5083
-5516 -5519 -5126
-5516 -5478 -5190
-5516 -5440 -5234
-5516 -5438 -5247
-5516 -5394 -5282
-5516 -5389 -5297
-5516 -5350 -5324
-5516 -5334 -5339
-5516 -5331 -5355
-5516 -5306 -5375
-5516 -5255 -5408
-5516 -5249 -5410
-5516 -5219 -5438
-5516 -5170 -5471
-5516 -5141 -5487
-5516 -5125 -5502
-5516 -5105 -5512
-5516 -5057 -5535
-5516 -5024 -5553
-5516 -4984 -5570
-5516 -4903 -5594
-5516 -4867 -5607
-5516 -4849 -5617
-5516 -4829 -5627
-5516 -4789 -5629
-5516 -4769 -5639
-5516 -4610 -5661
-5515 -5693 -4711
-5515 -5690 -4719
-5515 -5686 -4752
-5515 -5682 -4759
-5515 -5665 -4819
-5515 -5647 -4882
-5515 -5600 -4982
-5515 -5598 -4992
-5515 -5583 -5025
-5515 -5580 -5033
-5515 -5542 -5093
-5515 -5461 -5208
-5515 -5421 -5267
-5515 -5386 -5298
-5515 -5383 -5301
-5515 -5369 -5323
-5515 -5343 -5335
-5515 -5289 -5380
-5515 -5246 -5416
-5515 -5236 -5422
-5515 -5233 -5425
-5515 -5122 -5506
-5515 -5028 -5550
-5515 -4955 -5583
-5515 -4876 -5605
-5515 -4838 -5622
-5515 -4778 -5634
-5515 -4720 -5647
-5514 -5712 -4578
-5514 -5676 -4831
-5514 -5664 -4834
-5514 -5577 -5050
-5514 -5562 -5059
-5514 -5538 -5095
-5514 -5530 -5128
-5514 -5515 -5147
-5514 -5502 -5152
-5514 -5464 -5204
-5514 -5450 -5226
-5514 -5430 -5249
-5514 -5386 -5302
-5514 -5348 -5340
-5514 -5151 -5483
-5514 -5044 -5543
-5514 -5028 -5558
-5514 -5012 -5560
-5514 -4931 -5586
-5514 -4928 -5587
-5514 -4852 -5612
-5514 -4616 -5661
-5513 -5719 -4371
-5513 -5708 -4599
-5513 -5648 -4882
-5513 -5612 -4959
-5513 -5603 -4987
-5513 -5570 -5056
-5513 -5545 -5086
-5513 -5536 -5108
-5513 -5501 -5161
-5513 -5464 -5213
-5513 -5392 -5289
-5513 -5373 -5306
-5513 -5260 -5409
-5513 -5257 -5410
-5513 -5237 -5433
-5513 -5198 -5457
-5513 -5044 -5547
-5513 -5028 -5562
-5513 -4927 -5590
-5512 -5694 -4688
-5512 -5683 -4805
-5512 -5652 -4872
-5512 -5638 -4895
-5512 -5632 -4925
-5512 -5605 -4979
-5512 -5559 -5062
-5512 -5547 -5087
-5512 -5518 -5152
-5512 -5482 -5183
-5512 -5467 -5209
-5512 -5441 -5247
-5512 -5334 -5350
-5512 -5234 -5434
-5512 -5178 -5468
-5512 -5150 -5496
-5512 -5083 -5522
-5512 -5058 -5537
-5512 -4978 -5577
-5512 -4879 -5602
-5512 -4854 -5612
-5512 -4779 -5634
-5512 -4702 -5649
-5512 -4484 -5669
-5511 -5724 -4420
-5511 -5713 -4648
-5511 -5698 -4689
-5511 -5661 -4841
-5511 -5637 -4905
-5511 -5626 -4934
-5511 -5616 -4949
-5511 -5599 -4995
-5511 -5586 -5011
-5511 -5523 -5130
-5511 -5522 -5137
-5511 -5350 -5327
-5511 -5265 -5404
-5511 -5252 -5413
-5511 -5171 -5472
-5511 -5127 -5498
-5511 -5051 -5539
-5511 -4887 -5604
-5511 -4858 -5609
-5511 -4745 -5642
-5511 -4674 -5654
-5511 -4654 -5657
-5510 -5718 -4600
-5510 -5695 -4700
-5510 -5691 -4721
-5510 -5689 -4737
-5510 -5663 -4849
-5510 -5624 -4941
-5510 -5618 -4945
-5510 -5595 -5001
-5510 -5579 -5041
-5510 -5554 -5076
-5510 -5538 -5096
-5510 -5531 -5114
-5510 -5496 -5172
-5510 -5485 -5178
-5510 -5466 -5218
-5510 -5380 -5304
-5510 -5342 -5342
-5510 -5271 -5400
-5510 -5247 -5416
-5510 -5198 -5466
-5510 -5092 -5519
-5510 -5086 -5524
-5510 -5071 -5526
-5510 -4960 -5579
-5510 -4932 -5592
-5510 -4896 -5599
-5510 -4877 -5606
-5509 -5720 -4437
-5509 -5702 -4683
-5509 -5659 -4864
-5509 -5639 -4912
-5509 -5619 -4957
-5509 -5583 -5026
-5509 -5558 -5075
-5509 -5547 -5092
-5509 -5540 -5098
-5509 -5539 -5099
-5509 -5535 -5113
-5509 -5287 -5384
-5509 -5238 -5423
-5509 -5070 -5537
-5509 -5050 -5540
-5509 -5036 -5549
-5509 -4941 -5587
-5509 -4918 -5595
-5509 -4904 -5602
-5509 -4801 -5632
-5509 -4746 -5641
-5509 -4624 -5660
-5508 -5726 -4438
-5508 -5720 -4495
-5508 -5700 -4707
-5508 -5691 -4738
-5508 -5595 -5002
-5508 -5498 -5162
-5508 -5474 -5213
-5508 -5444 -5236
-5508 -5371 -5308
-5508 -5370 -5314
-5508 -5337 -5347
-5508 -5332 -5352
-5508 -5299 -5385
-5508 -5291 -5390
-5508 -5250 -5417
-5508 -5240 -5419
-5508 -5152 -5483
-5508 -5087 -5522
-5508 -5073 -5525
-5508 -5060 -5539
-5508 -5034 -5551
-5508 -4988 -5570
-5508 -4951 -5585
-5508 -4871 -5607
-5508 -4689 -5654
-5508 -4586 -5669
-5507 -5721 -4477
-5507 -5708 -4654
-5507 -5659 -4874
-5507 -5649 -4875
-5507 -5620 -4948
-5507 -5600 -4993
-5507 -5551 -5099
-5507 -5498 -5165
-5507 -5453 -5222
-5507 -5450 -5227
-5507 -5378 -5308
-5507 -5329 -5358
-5507 -5323 -5360
-5507 -5261 -5405
-5507 -5242 -5421
-5507 -5224 -5437
-5507 -5176 -5469
-5507 -5127 -5507
-5507 -5000 -5563
-5507 -4960 -5580
-5507 -4736 -5649
-5507 -4713 -5650
-5507 -4624 -5661
-5506 -5721 -4493
-5506 -5635 -4918
-5506 -5615 -4971
-5506 -5608 -4972
-5506 -5598 -5000
-5506 -5564 -5059
-5506 -5552 -5086
-5506 -5504 -5165
-5506 -5447 -5229
-5506 -5432 -5250
-5506 -5395 -5281
-5506 -5390 -5290
-5506 -5239 -5422
-5506 -5215 -5452
-5506 -5173 -5470
-5506 -5131 -5501
-5506 -5117 -5513
-5506 -4984 -5574
-5506 -4763 -5644
-5506 -4634 -5663
-5506 -4538 -5670
-5505 -5722 -4489
-5505 -5709 -4650
-5505 -5688 -4759
-5505 -5647 -4883
-5505 -5640 -4910
-5505 -5626 -4950
-5505 -5612 -4988
-5505 -5593 -5011
-5505 -5587 -5023
-5505 -5571 -5061
-5505 -5560 -5062
-5505 -5455 -5219
-5505 -5451 -5223
-5505 -5447 -5233
-5505 -5434 -5260
-5505 -5394 -5283
-5505 -5377 -5309
-5505 -5352 -5329
-5505 -5301 -5376
-5505 -5275 -5399
-5505 -5258 -5411
-5505 -5204 -5455
-5505 -5151 -5486
-5505 -5086 -5531
-5505 -5074 -5533
-5505 -4960 -5581
-5505 -4910 -5596
-5505 -4772 -5639
-5505 -4704 -5653
-5505 -4689 -5656
-5504 -5723 -4495
-5504 -5722 -4505
-5504 -5720 -4570
-5504 -5714 -4617
-5504 -5677 -4824
-5504 -5655 -4880
-5504 -5650 -4881
-5504 -5635 -4933
-5504 -5628 -4934
-5504 -5596 -5007
-5504 -5582 -5034
-5504 -5562 -5062
-5504 -5506 -5159
-5504 -5487 -5183
-5504 -5415 -5277
-5504 -5401 -5279
-5504 -5395 -5282
-5504 -5389 -5298
-5504 -5359 -5328
-5504 -5315 -5372
-5504 -5221 -5440
-5504 -5182 -5471
-5504 -5174 -5473
-5504 -5134 -5503
-5504 -5103 -5516
-5504 -5087 -5525
-5504 -4997 -5564
-5504 -4968 -5584
-5504 -4859 -5609
-5504 -4805 -5629
-5504 -4659 -5658
-5504 -4655 -5659
-5504 -4594 -5664
-5503 -5723 -4511
-5503 -5694 -4735
-5503 -5689 -4766
-5503 -5646 -4912
-5503 -5632 -4950
-5503 -5559 -5065
-5503 -5553 -5090
-5503 -5519 -5139
-5503 -5484 -5196
-5503 -5398 -5284
-5503 -5396 -5286
-5503 -5394 -5294
-5503 -5381 -5305
-5503 -5377 -5310
-5503 -5294 -5389
-5503 -5250 -5419
-5503 -5241 -5423
-5503 -5201 -5458
-5503 -5070 -5539
-5503 -5014 -5564
-5503 -4977 -5579
-5503 -4698 -5654
-5503 -4625 -5666
-5503 -4582 -5673
-5502 -5703 -4667
-5502 -5665 -4838
-5502 -5664 -4839
-5502 -5616 -4969
-5502 -5602 -4996
-5502 -5600 -4998
-5502 -5588 -5012
-5502 -5578 -5048
-5502 -5547 -5115
-5502 -5493 -5179
-5502 -5485 -5185
-5502 -5475 -5201
-5502 -5403 -5280
-5502 -5354 -5330
-5502 -5284 -5393
-5502 -5251 -5426
-5502 -5239 -5429
-5502 -5154 -5486
-5502 -5134 -5505
-5502 -5088 -5522
-5502 -4886 -5606
-5502 -4868 -5616
-5502 -4808 -5628
-5502 -4640 -5664
-5501 -5732 -4380
-5501 -5724 -4578
-5501 -5716 -4635
-5501 -5704 -4656
-5501 -5703 -4694
-5501 -5690 -4760
-5501 -5684 -4784
-5501 -5653 -4883
-5501 -5618 -4958
-5501 -5582 -5038
-5501 -5581 -5041
-5501 -5573 -5052
-5501 -5569 -5066
-5501 -5522 -5144
-5501 -5502 -5166
-5501 -5487 -5201
-5501 -5441 -5250
-5501 -5403 -5288
-5501 -5374 -5311
-5501 -5344 -5341
-5501 -5341 -5343
-5501 -5268 -5405
-5501 -5266 -5407
-5501 -5255 -5416
-5501 -5235 -5437
-5501 -4941 -5591
-5501 -4908 -5602
-5501 -4739 -5646
-5501 -4718 -5651
-5501 -4673 -5659
-5501 -4671 -5660
-5500 -5726 -4455
-5500 -5709 -4653
-5500 -5665 -4862
-5500 -5657 -4879
-5500 -5654 -4895
-5500 -5636 -4913
-5500 -5588 -5025
-5500 -5560 -5072
-5500 -5528 -5131
-5500 -5502 -5168
-5500 -5363 -5324
-5500 -5355 -5333
-5500 -5351 -5337
-5500 -5300 -5383
-5500 -5294 -5394
-5500 -5263 -5410
-5500 -5259 -5413
-5500 -5050 -5542
-5500 -5041 -5551
-5500 -5032 -5553
-5500 -4944 -5586
-5500 -4917 -5597
-5500 -4871 -5611
-5500 -4856 -5621
-5500 -4775 -5638
-5499 -5728 -4411
-5499 -5699 -4712
-5499 -5666 -4849
-5499 -5638 -4920
-5499 -5623 -4956
-5499 -5576 -5057
-5499 -5488 -5197
-5499 -5435 -5267
-5499 -5419 -5268
-5499 -5393 -5297
-5499 -5220 -5442
-5499 -5199 -5465
-5499 -5179 -5472
-5499 -5151 -5487
-5499 -5109 -5517
-5499 -5063 -5546
-5499 -5047 -5561
-5499 -4929 -5593
-5499 -4789 -5635
-5499 -4679 -5659
-5498 -5726 -4596
-5498 -5705 -4657
-5498 -5696 -4725
-5498 -5691 -4775
-5498 -5684 -4813
-5498 -5677 -4841
-5498 -5562 -5073
-5498 -5514 -5153
-5498 -5461 -5232
-5498 -5449 -5240
-5498 -5400 -5291
-5498 -5359 -5329
-5498 -5341 -5348
-5498 -5275 -5403
-5498 -5255 -5422
-5498 -5247 -5427
-5498 -5217 -5444
-5498 -5181 -5472
-5498 -5179 -5476
-5498 -5156 -5487
-5498 -5151 -5495
-5498 -5140 -5502
-5498 -5055 -5547
-5498 -5016 -5563
-5498 -4997 -5576
-5498 -4950 -5586
-5498 -4900 -5608
-5498 -4795 -5636
-5498 -4768 -5641
-5498 -4662 -5663
-5498 -4628 -5666
-5498 -4619 -5670
-5497 -5711 -4671
-5497 -5640 -4917
-5497 -5633 -4938
-5497 -5595 -5012
-5497 -5589 -5022
-5497 -5559 -5077
-5497 -5519 -5147
-5497 -5514 -5154
-5497 -5510 -5163
-5497 -5509 -5164
-5497 -5492 -5185
-5497 -5372 -5315
-5497 -5343 -5347
-5497 -5332 -5355
-5497 -5307 -5373
-5497 -5301 -5377
-5497 -5285 -5395
-5497 -5272 -5404
-5497 -5224 -5444
-5497 -5171 -5479
-5497 -5087 -5528
-5497 -4961 -5589
-5497 -4804 -5631
-5496 -5705 -4703
-5496 -5693 -4772
-5496 -5606 -4999
-5496 -5599 -5002
-5496 -5592 -5013
-5496 -5585 -5042
-5496 -5565 -5078
-5496 -5534 -5119
-5496 -5531 -5122
-5496 -5530 -5129
-5496 -5467 -5214
-5496 -5406 -5283
-5496 -5389 -5299
-5496 -5387 -5312
-5496 -5352 -5344
-5496 -5343 -5350
-5496 -5338 -5351
-5496 -5317 -5370
-5496 -5272 -5408
-5496 -5269 -5409
-5496 -5266 -5415
-5496 -5217 -5465
-5496 -4999 -5568
-5496 -4809 -5629
-5495 -5717 -4610
-5495 -5700 -4733
-5495 -5692 -4778
-5495 -5685 -4819
-5495 -5660 -4872
-5495 -5653 -4900
-5495 -5619 -4959
-5495 -5587 -5029
-5495 -5586 -5038
-5495 -5573 -5064
-5495 -5539 -5116
-5495 -5516 -5155
-5495 -5499 -5171
-5495 -5478 -5204
-5495 -5443 -5255
-5495 -5424 -5270
-5495 -5410 -5278
-5495 -5401 -5299
-5495 -5392 -5301
-5495 -5373 -5315
-5495 -5324 -5365
-5495 -5256 -5421
-5495 -5187 -5467
-5495 -5134 -5506
-5495 -5114 -5516
-5495 -4901 -5603
-5495 -4842 -5622
-5495 -4820 -5631
-5495 -4703 -5656
-5495 -4630 -5665
-5495 -4591 -5673
-5495 -4586 -5676
-5494 -5707 -4733
-5494 -5621 -4961
-5494 -5617 -4963
-5494 -5616 -4976
-5494 -5571 -5071
-5494 -5501 -5173
-5494 -5480 -5214
-5494 -5446 -5243
-5494 -5408 -5281
-5494 -5392 -5304
-5494 -5300 -5393
-5494 -5290 -5398
-5494 -5283 -5400
-5494 -5259 -5418
-5494 -5241 -5435
-5494 -5225 -5441
-5494 -5224 -5449
-5494 -5189 -5468
-5494 -5185 -5469
-5494 -5177 -5477
-5494 -5171 -5482
-5494 -5160 -5483
-5494 -5123 -5511
-5494 -5092 -5524
-5494 -5090 -5525
-5494 -5087 -5529
-5494 -4970 -5584
-5494 -4929 -5598
-5494 -4912 -5603
-5494 -4805 -5633
-5494 -4703 -5660
-5494 -4599 -5671
-5493 -5721 -4600
-5493 -5641 -4913
-5493 -5618 -4962
-5493 -5590 -5016
-5493 -5575 -5061
-5493 -5536 -5128
-5493 -5528 -5138
-5493 -5523 -5143
-5493 -5519 -5160
-5493 -5450 -5235
-5493 -5416 -5271
-5493 -5407 -5283
-5493 -5378 -5315
-5493 -5372 -5325
-5493 -5309 -5379
-5493 -5260 -5416
-5493 -5243 -5436
-5493 -5224 -5453
-5493 -5163 -5485
-5493 -5097 -5520
-5493 -4979 -5579
-5493 -4876 -5609
-5493 -4789 -5637
-5493 -4741 -5647
-5493 -4709 -5653
-5493 -4650 -5664
-5493 -4636 -5665
-5493 -4603 -5672
-5493 -4522 -5677
-5492 -5730 -4404
-5492 -5719 -4603
-5492 -5715 -4651
-5492 -5702 -4751
-5492 -5604 -5004
-5492 -5591 -5037
-5492 -5554 -5083
-5492 -5527 -5146
-5492 -5502 -5181
-5492 -5365 -5327
-5492 -5332 -5359
-5492 -5199 -5466
-5492 -5187 -5472
-5492 -5163 -5488
-5492 -5117 -5517
-5492 -5110 -5523
-5492 -5019 -5566
-5492 -5003 -5573
-5492 -4914 -5601
-5492 -4860 -5620
-5492 -4745 -5647
-5492 -4717 -5653
-5492 -4715 -5656
-5492 -4655 -5668
-5492 -4573 -5679
-5491 -5673 -4853
-5491 -5659 -4876
-5491 -5626 -4951
-5491 -5623 -4963
-5491 -5618 -4964
-5491 -5597 -5017
-5491 -5596 -5020
-5491 -5593 -5022
-5491 -5561 -5083
-5491 -5539 -5133
-5491 -5462 -5228
-5491 -5435 -5268
-5491 -5418 -5275
-5491 -5410 -5279
-5491 -5370 -5326
-5491 -5364 -5328
-5491 -5337 -5360
-5491 -5326 -5364
-5491 -5312 -5384
-5491 -5166 -5485
-5491 -5115 -5519
-5491 -5085 -5533
-5491 -5009 -5568
-5491 -4971 -5582
-5491 -4897 -5615
-5491 -4837 -5627
-5491 -4773 -5642
-5491 -4750 -5645
-5491 -4723 -5652
-5490 -5731 -4519
-5490 -5730 -4547
-5490 -5720 -4615
-5490 -5660 -4874
-5490 -5658 -4886
-5490 -5624 -4966
-5490 -5607 -4992
-5490 -5592 -5023
-5490 -5541 -5116
-5490 -5540 -5117
-5490 -5530 -5135
-5490 -5507 -5165
-5490 -5449 -5242
-5490 -5437 -5257
-5490 -5230 -5442
-5490 -5104 -5524
-5490 -5023 -5571
-5490 -5007 -5573
-5490 -4987 -5583
-5490 -4910 -5605
-5490 -4906 -5610
-5490 -4846 -5622
-5490 -4765 -5645
-5489 -5717 -4627
-5489 -5709 -4695
-5489 -5643 -4925
-5489 -5638 -4926
-5489 -5616 -4982
-5489 -5600 -5022
-5489 -5593 -5027
-5489 -5567 -5077
-5489 -5554 -5087
-5489 -5552 -5095
-5489 -5490 -5186
-5489 -5419 -5271
-5489 -5407 -5284
-5489 -5404 -5285
-5489 -5369 -5336
-5489 -5331 -5374
-5489 -5275 -5404
-5489 -5268 -5410
-5489 -5135 -5509
-5489 -5089 -5538
-5489 -4996 -5578
-5489 -4937 -5593
-5489 -4801 -5634
-5489 -4774 -5640
-5489 -4759 -5648
-5489 -4754 -5650
-5489 -4725 -5652
-5489 -4632 -5680
-5488 -5720 -4630
-5488 -5717 -4632
-5488 -5668 -4862
-5488 -5662 -4870
-5488 -5649 -4912
-5488 -5602 -5005
-5488 -5579 -5056
-5488 -5560 -5087
-5488 -5494 -5182
-5488 -5490 -5187
-5488 -5404 -5289
-5488 -5284 -5405
-5488 -5186 -5474
-5488 -5173 -5481
-5488 -5153 -5504
-5488 -5089 -5542
-5488 -4794 -5637
-5488 -4778 -5644
-5488 -4640 -5669
-5487 -5732 -4565
-5487 -5713 -4664
-5487 -5694 -4752
-5487 -5678 -4820
-5487 -5637 -4928
-5487 -5636 -4933
-5487 -5584 -5052
-5487 -5549 -5102
-5487 -5503 -5167
-5487 -5495 -5194
-5487 -5489 -5195
-5487 -5450 -5247
-5487 -5449 -5248
-5487 -5411 -5296
-5487 -5378 -5328
-5487 -5345 -5348
-5487 -5170 -5485
-5487 -5092 -5526
-5487 -4947 -5591
-5487 -4922 -5600
-5487 -4847 -5622
-5487 -4787 -5639
-5487 -4750 -5654
-5486 -5686 -4789
-5486 -5665 -4870
-5486 -5635 -4938
-5486 -5622 -4967
-5486 -5621 -4976
-5486 -5529 -5139
-5486 -5522 -5149
-5486 -5447 -5249
-5486 -5395 -5307
-5486 -5357 -5340
-5486 -5334 -5366
-5486 -5277 -5409
-5486 -5261 -5418
-5486 -5249 -5427
-5486 -5231 -5439
-5486 -5176 -5481
-5486 -5092 -5530
-5486 -5060 -5550
-5486 -5051 -5552
-5486 -5039 -5565
-5486 -4963 -5585
-5486 -4955 -5592
-5486 -4931 -5595
-5486 -4798 -5642
-5486 -4673 -5669
-5485 -5728 -4596
-5485 -5718 -4638
-5485 -5711 -4685
-5485 -5710 -4687
-5485 -5697 -4761
-5485 -5686 -4812
-5485 -5669 -4857
-5485 -5656 -4899
-5485 -5644 -4921
-5485 -5554 -5091
-5485 -5504 -5171
-5485 -5473 -5218
-5485 -5455 -5236
-5485 -5452 -5237
-5485 -5349 -5345
-5485 -5269 -5414
-5485 -5267 -5416
-5485 -5263 -5419
-5485 -5247 -5429
-5485 -5233 -5440
-5485 -5190 -5483
-5485 -5128 -5516
-5485 -4964 -5587
-5485 -4945 -5594
-5485 -4866 -5617
-5485 -4807 -5637
-5485 -4485 -5681
-5484 -5722 -4604
-5484 -5712 -4667
-5484 -5696 -4770
-5484 -5660 -4875
-5484 -5655 -4900
-5484 -5651 -4903
-5484 -5642 -4929
-5484 -5641 -4938
-5484 -5625 -4954
-5484 -5447 -5253
-5484 -5347 -5348
-5484 -5264 -5426
-5484 -5239 -5437
-5484 -5199 -5469
-5484 -5198 -5475
-5484 -5180 -5486
-5484 -5159 -5501
-5484 -5096 -5535
-5484 -5055 -5552
-5484 -5051 -5554
-5484 -4969 -5585
-5484 -4870 -5617
-5484 -4866 -5618
-5484 -4850 -5627
-5484 -4814 -5635
-5484 -4706 -5657
-5483 -5733 -4528
-5483 -5712 -4679
-5483 -5708 -4712
-5483 -5676 -4861
-5483 -5575 -5063
-5483 -5573 -5066
-5483 -5557 -5094
-5483 -5531 -5136
-5483 -5516 -5164
-5483 -5510 -5171
-5483 -5438 -5258
-5483 -5421 -5273
-5483 -5415 -5292
-5483 -5400 -5301
-5483 -5377 -5330
-5483 -5344 -5349
-5483 -5341 -5352
-5483 -5306 -5387
-5483 -5281 -5407
-5483 -5272 -5419
-5483 -5243 -5443
-5483 -5199 -5473
-5483 -5164 -5499
-5483 -5005 -5575
-5483 -4980 -5588
-5483 -4916 -5602
-5483 -4898 -5612
-5483 -4862 -5620
-5483 -4859 -5622
-5483 -4823 -5630
-5483 -4762 -5649
-5482 -5712 -4682
-5482 -5692 -4785
-5482 -5662 -4871
-5482 -5645 -4916
-5482 -5625 -4955
-5482 -5574 -5071
-5482 -5571 -5079
-5482 -5563 -5081
-5482 -5525 -5147
-5482 -5505 -5177
-5482 -5463 -5219
-5482 -5306 -5391
-5482 -5284 -5413
-5482 -5098 -5527
-5482 -5071 -5544
-5482 -4738 -5656
-5482 -4706 -5666
-5481 -5721 -4638
-5481 -5715 -4661
-5481 -5685 -4820
-5481 -5678 -4825
-5481 -5666 -4867
-5481 -5663 -4883
-5481 -5657 -4887
-5481 -5651 -4904
-5481 -5627 -4961
-5481 -5611 -5007
-5481 -5601 -5013
-5481 -5595 -5025
-5481 -5582 -5058
-5481 -5576 -5059
-5481 -5568 -5096
-5481 -5465 -5223
-5481 -5414 -5297
-5481 -5316 -5377
-5481 -4919 -5603
-5481 -4861 -5621
-5481 -4831 -5632
-5481 -4710 -5666
-5480 -5735 -4433
-5480 -5717 -4640
-5480 -5708 -4716
-5480 -5673 -4864
-5480 -5651 -4920
-5480 -5639 -4939
-5480 -5628 -4965
-5480 -5594 -5033
-5480 -5508 -5182
-5480 -5481 -5222
-5480 -5464 -5229
-5480 -5462 -5231
-5480 -5444 -5255
-5480 -5417 -5285
-5480 -5383 -5314
-5480 -5381 -5317
-5480 -5361 -5341
-5480 -5309 -5397
-5480 -5244 -5440
-5480 -5228 -5444
-5480 -5208 -5467
-5480 -5106 -5528
-5480 -5098 -5529
-5480 -5087 -5544
-5480 -5028 -5569
-5480 -4999 -5577
-5480 -4932 -5595
-5480 -4903 -5614
-5480 -4722 -5659
-5480 -4505 -5681
-5479 -5735 -4449
-5479 -5727 -4634
-5479 -5710 -4735
-5479 -5686 -4829
-5479 -5680 -4838
-5479 -5668 -4874
-5479 -5647 -4923
-5479 -5614 -5012
-5479 -5601 -5014
-5479 -5583 -5053
-5479 -5551 -5101
-5479 -5523 -5149
-5479 -5501 -5189
-5479 -5467 -5233
-5479 -5419 -5288
-5479 -5364 -5338
-5479 -5332 -5367
-5479 -5295 -5399
-5479 -5244 -5444
-5479 -5221 -5455
-5479 -5205 -5470
-5479 -5129 -5514
-5479 -4825 -5634
-5478 -5734 -4538
-5478 -5688 -4800
-5478 -5659 -4901
-5478 -5652 -4902
-5478 -5648 -4927
-5478 -5629 -4957
-5478 -5623 -4967
-5478 -5590 -5041
-5478 -5556 -5097
-5478 -5544 -5120
-5478 -5536 -5140
-5478 -5511 -5178
-5478 -5473 -5223
-5478 -5472 -5227
-5478 -5453 -5238
-5478 -5350 -5350
-5478 -5333 -5367
-5478 -5317 -5375
-5478 -5312 -5388
-5478 -5273 -5418
-5478 -5231 -5448
-5478 -5224 -5457
-5478 -5191 -5478
-5478 -5182 -5487
-5478 -5142 -5511
-5478 -5136 -5516
-5478 -5126 -5518
-5478 -4935 -5595
-5478 -4488 -5682
-5477 -5736 -4458
-5477 -5718 -4640
-5477 -5716 -4669
-5477 -5714 -4691
-5477 -5702 -4760
-5477 -5683 -4837
-5477 -5637 -4942
-5477 -5615 -4997
-5477 -5596 -5028
-5477 -5588 -5043
-5477 -5586 -5047
-5477 -5456 -5238
-5477 -5381 -5321
-5477 -5342 -5353
-5477 -5338 -5357
-5477 -5335 -5368
-5477 -5287 -5405
-5477 -5248 -5431
-5477 -5230 -5454
-5477 -5134 -5518
-5477 -5128 -5519
-5477 -5126 -5522
-5477 -4990 -5581
-5477 -4954 -5594
-5477 -4938 -5595
-5477 -4936 -5604
-5477 -4916 -5614
-5477 -4876 -5616
-5477 -4856 -5626
-5477 -4835 -5631
-5477 -4514 -5686
-5476 -5740 -4424
-5476 -5739 -4470
-5476 -5729 -4652
-5476 -5687 -4829
-5476 -5662 -4888
-5476 -5585 -5062
-5476 -5540 -5128
-5476 -5531 -5144
-5476 -5530 -5145
-5476 -5513 -5166
-5476 -5438 -5259
-5476 -5424 -5282
-5476 -5392 -5310
-5476 -5359 -5342
-5476 -5249 -5441
-5476 -5123 -5523
-5476 -5001 -5577
-5476 -4925 -5609
-5476 -4883 -5616
-5476 -4867 -5618
-5476 -4866 -5624
-5476 -4784 -5644
-5475 -5735 -4504
-5475 -5705 -4741
-5475 -5698 -4773
-5475 -5677 -4851
-5475 -5620 -4983
-5475 -5616 -4990
-5475 -5603 -5017
-5475 -5552 -5103
-5475 -5484 -5202
-5475 -5456 -5246
-5475 -5336 -5362
-5475 -5334 -5369
-5475 -5321 -5378
-5475 -5287 -5409
-5475 -5254 -5436
-5475 -5238 -5446
-5475 -5172 -5491
-5475 -5154 -5508
-5475 -5059 -5551
-5475 -5050 -5556
-5475 -5018 -5573
-5475 -4972 -5592
-5475 -4939 -5599
-5475 -4881 -5618
-5475 -4855 -5629
-5475 -4778 -5647
-5474 -5718 -4687
-5474 -5711 -4707
-5474 -5694 -4803
-5474 -5630 -4954
-5474 -5591 -5039
-5474 -5545 -5116
-5474 -5537 -5136
-5474 -5518 -5169
-5474 -5501 -5190
-5474 -5482 -5204
-5474 -5464 -5236
-5474 -5441 -5269
-5474 -5424 -5285
-5474 -5392 -5324
-5474 -5344 -5352
-5474 -5321 -5382
-5474 -5283 -5420
-5474 -5266 -5426
-5474 -5115 -5525
-5474 -5108 -5529
-5474 -5034 -5566
-5474 -4945 -5597
-5474 -4813 -5636
-5474 -4644 -5671
-5474 -4577 -5681
-5474 -4562 -5682
-5473 -5707 -4742
-5473 -5699 -4765
-5473 -5617 -5005
-5473 -5600 -5025
-5473 -5597 -5026
-5473 -5590 -5046
-5473 -5553 -5098
-5473 -5522 -5154
-5473 -5450 -5256
-5473 -5444 -5257
-5473 -5393 -5314
-5473 -5353 -5346
-5473 -5341 -5355
-5473 -5270 -5426
-5473 -5258 -5435
-5473 -5228 -5456
-5473 -5219 -5459
-5473 -4968 -5596
-5473 -4769 -5653
-5473 -4674 -5668
-5472 -5737 -4481
-5472 -5734 -4556
-5472 -5713 -4693
-5472 -5639 -4943
-5472 -5635 -4948
-5472 -5632 -4951
-5472 -5596 -5042
-5472 -5554 -5103
-5472 -5551 -5108
-5472 -5549 -5119
-5472 -5548 -5121
-5472 -5540 -5141
-5472 -5485 -5206
-5472 -5484 -5207
-5472 -5347 -5352
-5472 -5335 -5374
-5472 -5232 -5447
-5472 -5111 -5529
-5472 -5098 -5534
-5472 -5058 -5564
-5472 -4871 -5621
-5472 -4837 -5631
-5472 -4834 -5632
-5472 -4817 -5641
-5472 -4692 -5668
-5472 -4658 -5671
-5472 -4551 -5683
-5472 -4398 -5687
-5471 -5737 -4497
-5471 -5702 -4768
-5471 -5662 -4890
-5471 -5648 -4929
-5471 -5637 -4967
-5471 -5624 -4974
-5471 -5623 -4983
-5471 -5561 -5097
-5471 -5552 -5107
-5471 -5520 -5156
-5471 -5418 -5295
-5471 -5402 -5302
-5471 -5370 -5334
-5471 -5344 -5360
-5471 -5295 -5410
-5471 -5208 -5470
-5471 -5188 -5485
-5471 -5067 -5546
-5471 -4885 -5616
-5471 -4873 -5620
-5471 -4827 -5639
-5471 -4795 -5643
-5470 -5725 -4654
-5470 -5712 -4702
-5470 -5693 -4818
-5470 -5678 -4847
-5470 -5652 -4913
-5470 -5625 -4970
-5470 -5604 -5037
-5470 -5523 -5152
-5470 -5520 -5163
-5470 -5487 -5203
-5470 -5460 -5251
-5470 -5442 -5260
-5470 -5434 -5272
-5470 -5399 -5303
-5470 -5396 -5306
-5470 -5382 -5328
-5470 -5336 -5365
-5470 -5200 -5477
-5470 -5197 -5480
-5470 -5177 -5490
-5470 -5124 -5523
-5470 -5115 -5534
-5470 -5070 -5553
-5470 -4997 -5579
-5470 -4889 -5616
-5470 -4888 -5619
-5470 -4827 -5643
-5469 -5738 -4499
-5469 -5732 -4573
-5469 -5695 -4790
-5469 -5668 -4891
-5469 -5660 -4893
-5469 -5643 -4945
-5469 -5562 -5097
-5469 -5555 -5098
-5469 -5551 -5116
-5469 -5528 -5152
-5469 -5516 -5172
-5469 -5463 -5239
-5469 -5442 -5268
-5469 -5399 -5307
-5469 -5386 -5334
-5469 -5361 -5345
-5469 -5355 -5351
-5469 -5317 -5389
-5469 -5297 -5402
-5469 -5207 -5471
-5469 -5166 -5493
-5469 -5012 -5576
-5469 -5000 -5578
-5469 -4980 -5591
-5469 -4917 -5611
-5469 -4781 -5648
-5469 -4736 -5660
-5469 -4688 -5673
-5469 -4478 -5687
-5468 -5739 -4497
-5468 -5734 -4564
-5468 -5711 -4714
-5468 -5702 -4777
-5468 -5644 -4954
-5468 -5626 -4969
-5468 -5624 -4988
-5468 -5577 -5065
-5468 -5570 -5082
-5468 -5560 -5112
-5468 -5523 -5168
-5468 -5470 -5238
-5468 -5353 -5354
-5468 -5352 -5355
-5468 -5338 -5361
-5468 -5326 -5375
-5468 -5304 -5404
-5468 -5239 -5447
-5468 -5117 -5526
-5468 -5090 -5543
-5468 -4990 -5586
-5468 -4881 -5621
-5468 -4869 -5623
-5468 -4857 -5625
-5468 -4833 -5635
-5468 -4783 -5645
-5468 -4745 -5655
-5468 -4726 -5668
-5468 -4609 -5681
-5468 -4473 -5688
-5467 -5735 -4508
-5467 -5731 -4577
-5467 -5729 -4655
-5467 -5721 -4657
-5467 -5713 -4698
-5467 -5705 -4759
-5467 -5677 -4859
-5467 -5669 -4877
-5467 -5652 -4918
-5467 -5649 -4925
-5467 -5579 -5071
-5467 -5566 -5099
-5467 -5529 -5148
-5467 -5519 -5177
-5467 -5487 -5209
-5467 -5446 -5262
-5467 -5439 -5270
-5467 -5410 -5304
-5467 -5397 -5310
-5467 -5346 -5356
-5467 -5237 -5451
-5467 -5163 -5501
-5467 -5016 -5575
-5467 -5014 -5576
-5467 -4982 -5589
-5467 -4938 -5602
-5467 -4928 -5608
-5467 -4848 -5630
-5467 -4735 -5663
-5467 -4729 -5665
-5467 -4633 -5676
-5466 -5744 -4399
-5466 -5742 -4419
-5466 -5740 -4582
-5466 -5705 -4761
-5466 -5688 -4822
-5466 -5685 -4834
-5466 -5670 -4874
-5466 -5662 -4895
-5466 -5651 -4928
-5466 -5619 -4992
-5466 -5586 -5049
-5466 -5569 -5087
-5466 -5549 -5125
-5466 -5542 -5131
-5466 -5493 -5205
-5466 -5471 -5228
-5466 -5452 -5264
-5466 -5432 -5277
-5466 -5401 -5309
-5466 -5352 -5359
-5466 -5347 -5360
-5466 -5343 -5362
-5466 -5342 -5366
-5466 -5309 -5398
-5466 -5232 -5453
-5466 -5146 -5513
-5466 -5107 -5536
-5466 -5106 -5543
-5466 -5047 -5568
-5466 -5018 -5576
-5466 -4950 -5600
-5466 -4922 -5613
-5466 -4885 -5628
-5466 -4732 -5665
-5466 -4529 -5685
-5465 -5742 -4435
-5465 -5741 -4515
-5465 -5730 -4616
-5465 -5714 -4718
-5465 -5681 -4846
-5465 -5669 -4887
-5465 -5656 -4919
-5465 -5620 -5013
-5465 -5589 -5047
-5465 -5587 -5057
-5465 -5572 -5079
-5465 -5543 -5130
-5465 -5499 -5192
-5465 -5484 -5213
-5465 -5479 -5223
-5465 -5471 -5230
-5465 -5330 -5375
-5465 -5253 -5441
-5465 -5239 -5453
-5465 -5230 -5455
-5465 -5222 -5459
-5465 -5211 -5471
-5465 -5155 -5502
-5465 -5032 -5570
-5465 -4958 -5603
-5465 -4898 -5615
-5465 -4894 -5623
-5465 -4834 -5635
-5465 -4789 -5646
-5465 -4741 -5660
-5465 -4640 -5675
-5465 -4635 -5678
-5465 -4580 -5687
-5465 -4557 -5691
-5464 -5720 -4669
-5464 -5719 -4689
-5464 -5645 -4931
-5464 -5625 -4984
-5464 -5586 -5058
-5464 -5550 -5123
-5464 -5511 -5186
-5464 -5505 -5188
-5464 -5503 -5191
-5464 -5494 -5199
-5464 -5478 -5226
-5464 -5350 -5365
-5464 -5312 -5403
-5464 -5247 -5445
-5464 -5219 -5460
-5464 -5200 -5485
-5464 -5183 -5487
-5464 -4967 -5598
-5464 -4941 -5606
-5464 -4773 -5657
-5463 -5732 -4588
-5463 -5731 -4596
-5463 -5707 -4779
-5463 -5695 -4807
-5463 -5676 -4881
-5463 -5626 -4972
-5463 -5580 -5067
-5463 -5573 -5077
-5463 -5554 -5119
-5463 -5487 -5218
-5463 -5470 -5239
-5463 -5444 -5273
-5463 -5438 -5278
-5463 -5403 -5305
-5463 -5214 -5472
-5463 -5180 -5490
-5463 -5165 -5494
-5463 -5124 -5524
-5463 -4846 -5632
-5463 -4783 -5648
-5463 -4782 -5652
-5463 -4699 -5669
-5462 -5745 -4431
-5462 -5730 -4626
-5462 -5718 -4714
-5462 -5694 -4808
-5462 -5691 -4832
-5462 -5687 -4837
-5462 -5682 -4852
-5462 -5665 -4893
-5462 -5657 -4905
-5462 -5645 -4946
-5462 -5627 -4968
-5462 -5621 -4990
-5462 -5591 -5046
-5462 -5578 -5075
-5462 -5577 -5084
-5462 -5531 -5152
-5462 -5427 -5286
-5462 -5424 -5289
-5462 -5413 -5306
-5462 -5398 -5311
-5462 -5396 -5314
-5462 -5298 -5405
-5462 -5183 -5492
-5462 -5075 -5548
-5462 -5071 -5550
-5462 -5020 -5576
-5462 -4902 -5615
-5462 -4793 -5647
-5462 -4650 -5675
-5461 -5745 -4447
-5461 -5735 -4586
-5461 -5721 -4707
-5461 -5698 -4781
-5461 -5660 -4908
-5461 -5646 -4934
-5461 -5639 -4975
-5461 -5562 -5117
-5461 -5447 -5278
-5461 -5376 -5336
-5461 -5354 -5357
-5461 -5343 -5366
-5461 -5322 -5386
-5461 -5284 -5424
-5461 -5262 -5430
-5461 -5144 -5514
-5461 -5079 -5548
-5461 -5062 -5555
-5461 -5059 -5559
-5461 -5029 -5571
-5461 -4900 -5617
-5461 -4840 -5635
-5461 -4697 -5670
-5461 -4649 -5677
-5461 -4588 -5682
-5461 -4583 -5685
-5461 -4507 -5692
-5460 -5733 -4589
-5460 -5713 -4732
-5460 -5695 -4831
-5460 -5678 -4864
-5460 -5632 -4988
-5460 -5606 -5016
-5460 -5597 -5040
-5460 -5588 -5061
-5460 -5552 -5127
-5460 -5540 -5148
-5460 -5524 -5170
-5460 -5500 -5192
-5460 -5464 -5249
-5460 -5364 -5343
-5460 -5341 -5373
-5460 -5221 -5467
-5460 -5137 -5516
-5460 -5128 -5520
-5460 -5118 -5528
-5460 -5066 -5555
-5460 -5053 -5565
-5460 -5016 -5580
-5460 -4973 -5592
-5460 -4958 -5605
-5460 -4933 -5607
-5460 -4859 -5630
-5460 -4682 -5677
-5459 -5732 -4596
-5459 -5722 -4669
-5459 -5683 -4843
-5459 -5666 -4896
-5459 -5659 -4937
-5459 -5606 -5019
-5459 -5572 -5094
-5459 -5541 -5135
-5459 -5532 -5157
-5459 -5499 -5197
-5459 -5496 -5201
-5459 -5474 -5235
-5459 -5428 -5282
-5459 -5370 -5347
-5459 -5330 -5378
-5459 -5273 -5426
-5459 -5205 -5474
-5459 -5169 -5495
-5459 -5073 -5552
-5459 -5025 -5575
-5459 -5006 -5582
-5459 -4987 -5595
-5459 -4918 -5615
-5459 -4691 -5672
-5459 -4664 -5679
-5459 -4594 -5682
-5459 -4589 -5685
-5459 -4446 -5695
-5458 -5737 -4583
-5458 -5734 -4601
-5458 -5699 -4784
-5458 -5670 -4886
-5458 -5635 -4993
-5458 -5613 -5016
-5458 -5587 -5066
-5458 -5500 -5196
-5458 -5488 -5222
-5458 -5432 -5288
-5458 -5419 -5299
-5458 -5416 -5302
-5458 -5404 -5307
-5458 -5359 -5352
-5458 -5304 -5411
-5458 -5259 -5434
-5458 -5223 -5465
-5458 -5175 -5498
-5458 -5073 -5563
-5458 -5057 -5565
-5458 -4927 -5610
-5458 -4846 -5634
-5458 -4647 -5683
-5457 -5742 -4505
-5457 -5735 -4607
-5457 -5731 -4613
-5457 -5696 -4817
-5457 -5650 -4938
-5457 -5648 -4939
-5457 -5608 -5028
-5457 -5586 -5070
-5457 -5557 -5121
-5457 -5504 -5192
-5457 -5479 -5224
-5457 -5324 -5382
-5457 -5313 -5393
-5457 -5267 -5435
-5457 -5223 -5469
-5457 -5207 -5484
-5457 -5159 -5507
-5457 -5128 -5523
-5457 -5082 -5545
-5457 -5081 -5549
-5457 -5023 -5578
-5457 -4993 -5586
-5457 -4898 -5623
-5457 -4835 -5639
-5457 -4806 -5644
-5456 -5746 -4324
-5456 -5743 -4449
-5456 -5742 -4590
-5456 -5734 -4616
-5456 -5718 -4731
-5456 -5687 -4844
-5456 -5642 -4955
-5456 -5621 -4999
-5456 -5595 -5047
-5456 -5584 -5073
-5456 -5543 -5132
-5456 -5456 -5258
-5456 -5421 -5292
-5456 -5415 -5311
-5456 -5397 -5312
-5456 -5351 -5365
-5456 -5248 -5442
-5456 -5237 -5454
-5456 -5231 -5458
-5456 -5199 -5492
-5456 -5161 -5508
-5456 -5143 -5522
-5456 -5119 -5529
-5456 -4994 -5584
-5456 -4929 -5609
-5456 -4846 -5642
-5456 -4763 -5659
-5456 -4705 -5669
-5456 -4703 -5671
-5456 -4603 -5685
-5455 -5746 -4551
-5455 -5709 -4738
-5455 -5707 -4787
-5455 -5670 -4900
-5455 -5661 -4901
-5455 -5646 -4945
-5455 -5589 -5075
-5455 -5567 -5097
-5455 -5564 -5110
-5455 -5462 -5254
-5455 -5398 -5313
-5455 -5387 -5342
-5455 -5367 -5350
-5455 -5326 -5380
-5455 -5319 -5388
-5455 -5290 -5412
-5455 -5240 -5450
-5455 -5208 -5474
-5455 -5196 -5493
-5455 -5107 -5538
-5455 -5037 -5569
-5455 -5031 -5575
-5455 -5016 -5582
-5455 -4999 -5590
-5455 -4934 -5607
-5455 -4919 -5617
-5455 -4813 -5645
-5455 -4800 -5646
-5455 -4789 -5652
-5455 -4749 -5667
-5455 -4628 -5684
-5455 -4578 -5690
-5455 -4531 -5692
-5454 -5723 -4697
-5454 -5719 -4721
-5454 -5713 -4749
-5454 -5683 -4846
-5454 -5624 -4998
-5454 -5590 -5051
-5454 -5537 -5151
-5454 -5527 -5163
-5454 -5502 -5198
-5454 -5491 -5215
-5454 -5477 -5227
-5454 -5468 -5241
-5454 -5399 -5312
-5454 -5353 -5358
-5454 -5329 -5379
-5454 -5327 -5383
-5454 -5315 -5396
-5454 -5276 -5428
-5454 -5227 -5478
-5454 -5089 -5557
-5454 -5006 -5584
-5454 -4943 -5607
-5454 -4798 -5647
-5454 -4758 -5662
-5453 -5736 -4634
-5453 -5730 -4643
-5453 -5724 -4673
-5453 -5708 -4772
-5453 -5684 -4851
-5453 -5667 -4904
-5453 -5605 -5030
-5453 -5549 -5129
-5453 -5539 -5150
-5453 -5522 -5171
-5453 -5494 -5203
-5453 -5474 -5237
-5453 -5358 -5357
-5453 -5329 -5383
-5453 -5317 -5390
-5453 -5259 -5448
-5453 -5256 -5450
-5453 -5228 -5459
-5453 -5163 -5503
-5453 -5121 -5531
-5453 -5035 -5574
-5453 -5001 -5588
-5453 -4947 -5607
-5453 -4888 -5626
-5453 -4867 -5629
-5453 -4830 -5644
-5453 -4596 -5689
-5452 -5728 -4680
-5452 -5711 -4756
-5452 -5611 -5020
-5452 -5592 -5051
-5452 -5551 -5128
-5452 -5505 -5190
-5452 -5490 -5227
-5452 -5393 -5321
-5452 -5318 -5402
-5452 -5269 -5438
-5452 -5111 -5537
-5452 -4961 -5601
-5452 -4903 -5619
-5452 -4816 -5646
-5452 -4751 -5664
-5451 -5749 -4402
-5451 -5747 -4514
-5451 -5646 -4946
-5451 -5591 -5056
-5451 -5544 -5133
-5451 -5465 -5242
-5451 -5433 -5294
-5451 -5370 -5348
-5451 -5362 -5353
-5451 -5285 -5413
-5451 -5272 -5440
-5451 -5234 -5455
-5451 -5231 -5459
-5451 -5230 -5470
-5451 -5174 -5501
-5451 -5171 -5504
-5451 -5051 -5569
-5451 -4997 -5592
-5451 -4977 -5602
-5451 -4852 -5632
-5451 -4849 -5633
-5451 -4794 -5651
-5451 -4774 -5661
-5451 -4721 -5669
-5450 -5755 -4403
-5450 -5734 -4642
-5450 -5715 -4742
-5450 -5709 -4767
-5450 -5697 -4788
-5450 -5690 -4843
-5450 -5683 -4856
-5450 -5680 -4865
-5450 -5673 -4882
-5450 -5669 -4910
-5450 -5643 -4963
-5450 -5612 -5017
-5450 -5592 -5052
-5450 -5566 -5102
-5450 -5541 -5137
-5450 -5537 -5159
-5450 -5529 -5160
-5450 -5493 -5232
-5450 -5456 -5260
-5450 -5449 -5268
-5450 -5399 -5323
-5450 -5391 -5325
-5450 -5359 -5355
-5450 -5342 -5372
-5450 -5285 -5419
-5450 -5174 -5505
-5450 -5152 -5515
-5450 -5125 -5528
-5450 -5043 -5572
-5450 -5040 -5573
-5450 -4986 -5597
-5450 -4960 -5605
-5450 -4783 -5656
-5450 -4725 -5669
-5450 -4715 -5671
-5450 -4665 -5681
-5449 -5729 -4662
-5449 -5711 -4765
-5449 -5705 -4798
-5449 -5673 -4894
-5449 -5597 -5042
-5449 -5595 -5048
-5449 -5560 -5120
-5449 -5554 -5127
-5449 -5516 -5193
-5449 -5500 -5199
-5449 -5499 -5200
-5449 -5372 -5348
-5449 -5344 -5368
-5449 -5240 -5452
-5449 -5231 -5461
-5449 -5176 -5498
-5449 -5160 -5513
-5449 -5148 -5517
-5449 -5143 -5523
-5449 -5095 -5546
-5449 -5079 -5561
-5449 -5039 -5574
-5449 -5033 -5580
-5449 -5013 -5585
-5449 -4865 -5631
-5449 -4557 -5694
-5448 -5751 -4434
-5448 -5748 -4513
-5448 -5738 -4643
-5448 -5722 -4702
-5448 -5699 -4802
-5448 -5689 -4872
-5448 -5660 -4916
-5448 -5609 -5025
-5448 -5592 -5059
-5448 -5569 -5103
-5448 -5549 -5133
-5448 -5541 -5143
-5448 -5502 -5204
-5448 -5407 -5315
-5448 -5374 -5343
-5448 -5336 -5380
-5448 -5323 -5385
-5448 -5317 -5404
-5448 -5290 -5418
-5448 -5273 -5434
-5448 -5237 -5458
-5448 -5202 -5491
-5448 -5183 -5494
-5448 -5148 -5521
-5448 -5132 -5528
-5448 -5033 -5584
-5448 -4925 -5612
-5448 -4848 -5634
-5448 -4522 -5695
-5447 -5744 -4552
-5447 -5743 -4557
-5447 -5732 -4667
-5447 -5724 -4721
-5447 -5708 -4789
-5447 -5701 -4806
-5447 -5697 -4810
-5447 -5678 -4875
-5447 -5675 -4882
-5447 -5650 -4950
-5447 -5645 -4969
-5447 -5624 -5004
-5447 -5604 -5042
-5447 -5598 -5046
-5447 -5580 -5077
-5447 -5579 -5091
-5447 -5573 -5092
-5447 -5570 -5095
-5447 -5471 -5238
-5447 -5465 -5253
-5447 -5462 -5256
-5447 -5364 -5371
-5447 -5344 -5374
-5447 -5327 -5385
-5447 -5307 -5406
-5447 -5296 -5414
-5447 -5179 -5506
-5447 -5163 -5521
-5447 -5119 -5532
-5447 -5108 -5538
-5447 -4903 -5621
-5447 -4887 -5636
-5447 -4827 -5648
-5446 -5739 -4604
-5446 -5695 -4839
-5446 -5612 -5021
-5446 -5610 -5022
-5446 -5600 -5049
-5446 -5525 -5178
-5446 -5467 -5243
-5446 -5448 -5273
-5446 -5376 -5343
-5446 -5277 -5428
-5446 -5180 -5502
-5446 -5152 -5526
-5446 -5117 -5534
-5446 -5097 -5549
-5446 -5057 -5566
-5446 -4977 -5604
-5446 -4932 -5609
-5446 -4895 -5627
-5446 -4579 -5692
-5445 -5750 -4531
-5445 -5736 -4651
-5445 -5727 -4687
-5445 -5715 -4747
-5445 -5709 -4784
-5445 -5670 -4912
-5445 -5665 -4931
-5445 -5627 -5009
-5445 -5607 -5038
-5445 -5580 -5086
-5445 -5542 -5134
-5445 -5499 -5208
-5445 -5474 -5243
-5445 -5459 -5261
-5445 -5391 -5328
-5445 -5319 -5391
-5445 -5293 -5419
-5445 -5287 -5420
-5445 -5239 -5455
-5445 -5219 -5483
-5445 -5188 -5494
-5445 -5045 -5571
-5445 -4937 -5614
-5445 -4683 -5678
-5445 -4593 -5694
-5445 -4430 -5697
-5444 -5756 -4362
-5444 -5748 -4533
-5444 -5740 -4633
-5444 -5726 -4739
-5444 -5701 -4815
-5444 -5675 -4883
-5444 -5606 -5043
-5444 -5580 -5096
-5444 -5533 -5173
-5444 -5505 -5194
-5444 -5433 -5296
-5444 -5423 -5297
-5444 -5395 -5334
-5444 -5370 -5349
-5444 -5344 -5379
-5444 -5333 -5391
-5444 -5295 -5429
-5444 -5277 -5430
-5444 -5260 -5442
-5444 -5256 -5453
-5444 -5239 -5459
-5444 -5116 -5535
-5444 -5034 -5576
-5444 -5000 -5589
-5444 -4985 -5599
-5444 -4949 -5607
-5444 -4946 -5609
-5444 -4888 -5631
-5444 -4828 -5648
-5444 -4719 -5670
-5444 -4675 -5683
-5444 -4472 -5696
-5443 -5746 -4557
-5443 -5712 -4759
-5443 -5704 -4804
-5443 -5700 -4820
-5443 -5696 -4825
-5443 -5612 -5030
-5443 -5576 -5108
-5443 -5543 -5137
-5443 -5536 -5161
-5443 -5496 -5214
-5443 -5476 -5240
-5443 -5335 -5387
-5443 -5208 -5492
-5443 -5100 -5548
-5443 -5073 -5564
-5443 -4949 -5609
-5443 -4912 -5621
-5443 -4901 -5623
-5443 -4837 -5643
-5443 -4794 -5656
-5443 -4685 -5674
-5443 -4684 -5678
-5443 -4527 -5702
-5442 -5749 -4545
-5442 -5737 -4660
-5442 -5730 -4695
-5442 -5717 -4750
-5442 -5713 -4754
-5442 -5674 -4884
-5442 -5647 -4953
-5442 -5616 -5020
-5442 -5594 -5050
-5442 -5557 -5122
-5442 -5542 -5141
-5442 -5508 -5199
-5442 -5468 -5244
-5442 -5424 -5301
-5442 -5389 -5343
-5442 -5342 -5383
-5442 -5274 -5439
-5442 -5269 -5445
-5442 -5180 -5507
-5442 -5132 -5529
-5442 -5112 -5541
-5442 -5006 -5590
-5442 -4945 -5613
-5442 -4803 -5651
-5442 -4797 -5653
-5442 -4718 -5672
-5442 -4692 -5676
-5442 -4658 -5684
-5442 -4631 -5685
-5442 -4552 -5695
-5441 -5750 -4551
-5441 -5732 -4669
-5441 -5703 -4833
-5441 -5690 -4845
-5441 -5641 -4976
-5441 -5617 -5016
-5441 -5600 -5050
-5441 -5595 -5051
-5441 -5526 -5177
-5441 -5503 -5205
-5441 -5434 -5287
-5441 -5408 -5312
-5441 -5299 -5416
-5441 -5018 -5588
-5441 -4990 -5601
-5441 -4935 -5615
-5441 -4832 -5644
-5441 -4808 -5651
-5441 -4768 -5666
-5441 -4599 -5686
-5441 -4574 -5696
-5440 -5753 -4419
-5440 -5743 -4569
-5440 -5742 -4592
-5440 -5714 -4777
-5440 -5675 -4884
-5440 -5629 -4994
-5440 -5581 -5092
-5440 -5544 -5144
-5440 -5525 -5186
-5440 -5511 -5195
-5440 -5436 -5280
-5440 -5400 -5320
-5440 -5245 -5458
-5440 -5234 -5463
-5440 -5128 -5533
-5440 -5108 -5556
-5440 -5034 -5578
-5440 -4959 -5606
-5440 -4777 -5661
-5440 -4738 -5668
-5440 -4638 -5685
-5440 -4613 -5688
-5439 -5753 -4435
-5439 -5751 -4475
-5439 -5743 -4589
-5439 -5727 -4711
-5439 -5716 -4754
-5439 -5710 -4807
-5439 -5699 -4845
-5439 -5679 -4874
-5439 -5644 -4981
-5439 -5596 -5054
-5439 -5558 -5123
-5439 -5542 -5145
-5439 -5529 -5182
-5439 -5506 -5208
-5439 -5495 -5222
-5439 -5437 -5279
-5439 -5231 -5468
-5439 -5194 -5496
-5439 -5187 -5498
-5439 -5132 -5530
-5439 -5118 -5535
-5439 -5117 -5538
-5439 -4913 -5618
-5439 -4810 -5651
-5439 -4707 -5673
-5439 -4615 -5688
-5439 -4596 -5692
-5438 -5744 -4595
-5438 -5740 -4650
-5438 -5614 -5029
-5438 -5593 -5075
-5438 -5585 -5079
-5438 -5566 -5109
-5438 -5551 -5136
-5438 -5466 -5248
-5438 -5427 -5298
-5438 -5425 -5302
-5438 -5416 -5310
-5438 -5381 -5356
-5438 -5251 -5456
-5438 -5116 -5541
-5438 -4922 -5618
-5438 -4835 -5645
-5438 -4794 -5658
-5438 -4703 -5676
-5438 -4643 -5688
-5437 -5754 -4482
-5437 -5752 -4485
-5437 -5746 -4559
-5437 -5745 -4587
-5437 -5714 -4781
-5437 -5713 -4806
-5437 -5690 -4851
-5437 -5681 -4875
-5437 -5651 -4943
-5437 -5648 -4959
-5437 -5605 -5053
-5437 -5595 -5083
-5437 -5559 -5122
-5437 -5542 -5154
-5437 -5456 -5263
-5437 -5453 -5269
-5437 -5325 -5392
-5437 -5319 -5397
-5437 -5297 -5418
-5437 -5273 -5448
-5437 -5239 -5460
-5437 -5175 -5509
-5437 -5113 -5542
-5437 -4850 -5637
-5437 -4848 -5638
-5437 -4821 -5653
-5437 -4740 -5668
-5437 -4738 -5670
-5437 -4645 -5686
-5436 -5753 -4493
-5436 -5741 -4597
-5436 -5733 -4677
-5436 -5679 -4888
-5436 -5675 -4904
-5436 -5666 -4914
-5436 -5624 -5012
-5436 -5618 -5018
-5436 -5601 -5070
-5436 -5564 -5119
-5436 -5548 -5140
-5436 -5545 -5142
-5436 -5483 -5236
-5436 -5460 -5257
-5436 -5450 -5276
-5436 -5441 -5286
-5436 -5427 -5302
-5436 -5410 -5325
-5436 -5144 -5527
-5436 -5049 -5570
-5436 -4968 -5605
-5436 -4942 -5616
-5436 -4894 -5628
-5436 -4744 -5668
-5436 -4684 -5680
-5435 -5755 -4437
-5435 -5743 -4641
-5435 -5718 -4740
-5435 -5656 -4942
-5435 -5636 -4993
-5435 -5628 -5003
-5435 -5617 -5022
-5435 -5615 -5034
-5435 -5568 -5111
-5435 -5560 -5128
-5435 -5552 -5133
-5435 -5494 -5227
-5435 -5487 -5235
-5435 -5477 -5239
-5435 -5456 -5265
-5435 -5436 -5292
-5435 -5398 -5328
-5435 -5345 -5372
-5435 -5322 -5402
-5435 -5282 -5435
-5435 -5232 -5469
-5435 -5192 -5499
-5435 -5144 -5531
-5435 -5038 -5580
-5435 -4951 -5611
-5435 -4841 -5643
-5435 -4747 -5668
-5435 -4609 -5690
-5434 -5758 -4305
-5434 -5756 -4500
-5434 -5751 -4563
-5434 -5730 -4719
-5434 -5624 -5018
-5434 -5621 -5021
-5434 -5578 -5101
-5434 -5557 -5145
-5434 -5543 -5149
-5434 -5540 -5158
-5434 -5514 -5194
-5434 -5508 -5200
-5434 -5480 -5238
-5434 -5468 -5246
-5434 -5307 -5410
-5434 -5299 -5419
-5434 -5277 -5437
-5434 -5259 -5454
-5434 -5184 -5502
-5434 -5180 -5508
-5434 -5068 -5568
-5434 -5052 -5583
-5434 -4992 -5595
-5434 -4935 -5620
-5434 -4849 -5638
-5434 -4689 -5678
-5434 -4663 -5685
-5434 -4620 -5692
-5434 -4508 -5704
-5433 -5759 -4318
-5433 -5758 -4321
-5433 -5755 -4501
-5433 -5750 -4568
-5433 -5744 -4602
-5433 -5737 -4668
-5433 -5652 -4948
-5433 -5649 -4951
-5433 -5637 -4984
-5433 -5635 -4996
-5433 -5606 -5046
-5433 -5560 -5133
-5433 -5512 -5196
-5433 -5473 -5245
-5433 -5469 -5251
-5433 -5442 -5280
-5433 -5347 -5374
-5433 -5344 -5382
-5433 -5325 -5393
-5433 -5297 -5422
-5433 -5248 -5459
-5433 -5054 -5570
-5433 -4944 -5615
-5433 -4909 -5622
-5433 -4906 -5635
-5433 -4846 -5647
-5433 -4788 -5660
-5433 -4722 -5673
-5432 -5752 -4531
-5432 -5717 -4769
-5432 -5704 -4816
-5432 -5688 -4885
-5432 -5653 -4952
-5432 -5647 -4965
-5432 -5641 -4983
-5432 -5639 -4990
-5432 -5608 -5045
-5432 -5545 -5157
-5432 -5512 -5198
-5432 -5505 -5210
-5432 -5496 -5220
-5432 -5490 -5238
-5432 -5479 -5244
-5432 -5417 -5310
-5432 -5399 -5327
-5432 -5365 -5366
-5432 -5350 -5378
-5432 -5308 -5405
-5432 -5301 -5414
-5432 -5237 -5463
-5432 -5116 -5548
-5432 -4991 -5598
-5432 -4966 -5611
-5432 -4914 -5626
-5432 -4850 -5640
-5432 -4823 -5649
-5432 -4797 -5655
-5431 -5766 -4429
-5431 -5757 -4486
-5431 -5746 -4574
-5431 -5744 -4612
-5431 -5732 -4737
-5431 -5718 -4755
-5431 -5704 -4826
-5431 -5678 -4898
-5431 -5609 -5036
-5431 -5607 -5046
-5431 -5508 -5202
-5431 -5483 -5240
-5431 -5462 -5257
-5431 -5442 -5285
-5431 -5437 -5287
-5431 -5391 -5336
-5431 -5353 -5374
-5431 -5309 -5408
-5431 -5239 -5463
-5431 -5130 -5535
-5431 -5124 -5536
-5431 -5121 -5538
-5431 -5084 -5566
-5431 -5054 -5574
-5431 -4914 -5630
-5431 -4862 -5637
-5431 -4690 -5677
-5431 -4638 -5689
-5431 -4560 -5698
-5431 -4543 -5701
-5430 -5766 -4445
-5430 -5753 -4518
-5430 -5746 -4620
-5430 -5720 -4744
-5430 -5714 -4786
-5430 -5667 -4927
-5430 -5657 -4942
-5430 -5628 -5007
-5430 -5613 -5043
-5430 -5565 -5114
-5430 -5564 -5123
-5430 -5547 -5147
-5430 -5482 -5249
-5430 -5239 -5464
-5430 -5121 -5542
-5430 -5105 -5557
-5430 -5055 -5572
-5430 -5022 -5587
-5430 -5002 -5595
-5430 -4854 -5640
-5430 -4847 -5644
-5430 -4770 -5662
-5430 -4694 -5677
-5429 -5722 -4766
-5429 -5698 -4860
-5429 -5673 -4914
-5429 -5664 -4944
-5429 -5617 -5033
-5429 -5570 -5110
-5429 -5519 -5194
-5429 -5514 -5195
-5429 -5502 -5215
-5429 -5454 -5274
-5429 -5420 -5304
-5429 -5405 -5329
-5429 -5330 -5393
-5429 -5296 -5425
-5429 -5260 -5451
-5429 -5229 -5471
-5429 -5209 -5491
-5429 -5197 -5494
-5429 -5092 -5563
-5429 -4968 -5608
-5429 -4920 -5622
-5429 -4813 -5655
-5429 -4718 -5674
-5429 -4685 -5679
-5429 -4545 -5701
-5429 -4392 -5705
-5428 -5752 -4545
-5428 -5751 -4580
-5428 -5734 -4669
-5428 -5654 -4957
-5428 -5625 -5017
-5428 -5618 -5023
-5428 -5567 -5128
-5428 -5508 -5206
-5428 -5463 -5260
-5428 -5457 -5262
-5428 -5411 -5318
-5428 -5398 -5330
-5428 -5369 -5362
-5428 -5239 -5472
-5428 -5229 -5475
-5428 -5204 -5493
-5428 -5168 -5512
-5428 -5004 -5595
-5428 -4861 -5642
-5428 -4828 -5649
-5428 -4822 -5650
-5428 -4794 -5659
-5428 -4746 -5669
-5428 -4714 -5675
-5428 -4712 -5676
-5428 -4655 -5686
-5428 -4608 -5694
-5428 -4577 -5698
-5427 -5757 -4561
-5427 -5734 -4718
-5427 -5707 -4819
-5427 -5692 -4864
-5427 -5681 -4897
-5427 -5636 -5008
-5427 -5621 -5029
-5427 -5620 -5030
-5427 -5577 -5102
-5427 -5573 -5115
-5427 -5535 -5167
-5427 -5526 -5185
-5427 -5512 -5202
-5427 -5473 -5252
-5427 -5471 -5256
-5427 -5427 -5310
-5427 -5396 -5347
-5427 -5350 -5385
-5427 -5327 -5405
-5427 -5254 -5456
-5427 -5136 -5532
-5427 -5122 -5539
-5427 -5037 -5587
-5427 -5024 -5588
-5427 -5008 -5595
-5427 -4954 -5614
-5427 -4867 -5638
-5427 -4752 -5670
-5427 -4635 -5690
-5427 -4582 -5697
-5426 -5758 -4458
-5426 -5700 -4843
-5426 -5674 -4919
-5426 -5671 -4931
-5426 -5654 -4967
-5426 -5625 -5018
-5426 -5539 -5163
-5426 -5511 -5203
-5426 -5431 -5300
-5426 -5414 -5323
-5426 -5385 -5352
-5426 -5336 -5388
-5426 -5314 -5406
-5426 -5172 -5525
-5426 -5015 -5589
-5426 -5014 -5590
-5426 -4955 -5613
-5426 -4878 -5640
-5426 -4842 -5649
-5426 -4755 -5667
-5426 -4732 -5674
-5426 -4668 -5684
-5425 -5762 -4493
-5425 -5718 -4777
-5425 -5711 -4815
-5425 -5708 -4842
-5425 -5656 -4970
-5425 -5605 -5055
-5425 -5585 -5091
-5425 -5538 -5164
-5425 -5529 -5190
-5425 -5496 -5230
-5425 -5473 -5256
-5425 -5450 -5282
-5425 -5307 -5419
-5425 -5300 -5420
-5425 -5268 -5453
-5425 -5251 -5459
-5425 -5229 -5478
-5425 -5181 -5507
-5425 -5137 -5534
-5425 -5130 -5536
-5425 -5028 -5593
-5425 -4951 -5615
-5425 -4851 -5644
-5425 -4781 -5663
-5425 -4699 -5678
-5425 -4688 -5680
-5425 -4650 -5689
-5424 -5756 -4576
-5424 -5741 -4653
-5424 -5699 -4847
-5424 -5691 -4893
-5424 -5626 -5013
-5424 -5532 -5178
-5424 -5499 -5218
-5424 -5497 -5229
-5424 -5455 -5273
-5424 -5422 -5313
-5424 -5330 -5394
-5424 -5310 -5407
-5424 -5285 -5430
-5424 -5274 -5441
-5424 -5212 -5487
-5424 -5184 -5506
-5424 -5174 -5513
-5424 -4853 -5643
-5424 -4847 -5646
-5424 -4813 -5657
-5424 -4766 -5667
-5424 -4764 -5670
-5424 -4704 -5682
-5424 -4670 -5686
-5424 -4641 -5691
-5424 -4627 -5694
-5423 -5753 -4587
-5423 -5742 -4655
-5423 -5720 -4774
-5423 -5714 -4789
-5423 -5676 -4912
-5423 -5650 -4973
-5423 -5630 -5026
-5423 -5623 -5027
-5423 -5606 -5058
-5423 -5605 -5061
-5423 -5601 -5077
-5423 -5562 -5134
-5423 -5554 -5154
-5423 -5462 -5264
-5423 -5454 -5277
-5423 -5416 -5315
-5423 -5354 -5372
-5423 -5317 -5409
-5423 -5316 -5410
-5423 -5290 -5430
-5423 -5255 -5456
-5423 -5245 -5468
-5423 -5061 -5569
-5423 -4994 -5598
-5423 -4830 -5650
-5423 -4799 -5659
-5423 -4783 -5666
-5423 -4713 -5677
-5423 -4645 -5691
-5423 -4640 -5694
-5423 -4611 -5698
-5423 -4563 -5699
-5423 -4489 -5707
-5422 -5758 -4509
-5422 -5748 -4591
-5422 -5737 -4683
-5422 -5736 -4727
-5422 -5712 -4821
-5422 -5684 -4901
-5422 -5540 -5165
-5422 -5517 -5195
-5422 -5459 -5273
-5422 -5447 -5287
-5422 -5440 -5288
-5422 -5195 -5496
-5422 -5065 -5571
-5422 -4927 -5622
-5422 -4831 -5651
-5422 -4792 -5661
-5422 -4674 -5686
-5422 -4640 -5698
-5422 -4587 -5699
-5421 -5767 -4429
-5421 -5734 -4735
-5421 -5720 -4780
-5421 -5696 -4874
-5421 -5692 -4879
-5421 -5645 -4975
-5421 -5637 -5001
-5421 -5580 -5101
-5421 -5570 -5117
-5421 -5525 -5198
-5421 -5506 -5210
-5421 -5500 -5216
-5421 -5465 -5269
-5421 -5459 -5287
-5421 -5382 -5353
-5421 -5373 -5358
-5421 -5331 -5392
-5421 -5311 -5415
-5421 -5273 -5453
-5421 -5263 -5458
-5421 -5180 -5511
-5421 -5121 -5545
-5421 -5056 -5574
-5421 -5045 -5592
-5421 -4997 -5599
-5421 -4985 -5604
-5421 -4948 -5624
-5421 -4888 -5636
-5421 -4803 -5664
-5421 -4681 -5694
-5420 -5763 -4455
-5420 -5754 -4584
-5420 -5742 -4666
-5420 -5725 -4742
-5420 -5652 -4971
-5420 -5648 -4976
-5420 -5621 -5031
-5420 -5534 -5168
-5420 -5509 -5204
-5420 -5488 -5239
-5420 -5313 -5411
-5420 -5299 -5423
-5420 -5297 -5428
-5420 -5219 -5484
-5420 -5211 -5496
-5420 -5147 -5534
-5420 -5132 -5537
-5420 -5094 -5559
-5420 -5069 -5576
-5420 -4812 -5659
-5420 -4752 -5673
-5420 -4707 -5679
-5420 -4690 -5689
-5420 -4547 -5700
-5419 -5762 -4537
-5419 -5758 -4585
-5419 -5660 -4955
-5419 -5602 -5063
-5419 -5586 -5087
-5419 -5583 -5097
-5419 -5528 -5203
-5419 -5367 -5367
-5419 -5353 -5379
-5419 -5304 -5422
-5419 -5247 -5469
-5419 -5211 -5500
-5419 -5185 -5508
-5419 -5047 -5584
-5419 -4836 -5653
-5419 -4496 -5706
-5419 -4450 -5708
-5418 -5757 -4602
-5418 -5749 -4610
-5418 -5723 -4745
-5418 -5714 -4824
-5418 -5705 -4844
-5418 -5700 -4855
-5418 -5672 -4933
-5418 -5668 -4938
-5418 -5608 -5053
-5418 -5579 -5104
-5418 -5534 -5183
-5418 -5408 -5328
-5418 -5399 -5331
-5418 -5367 -5370
-5418 -5354 -5379
-5418 -5352 -5388
-5418 -5316 -5416
-5418 -5283 -5432
-5418 -5282 -5436
-5418 -5234 -5473
-5418 -5013 -5597
-5418 -4985 -5610
-5418 -4889 -5636
-5418 -4501 -5710
-5417 -5759 -4546
-5417 -5744 -4684
-5417 -5722 -4771
-5417 -5719 -4784
-5417 -5718 -4785
-5417 -5715 -4786
-5417 -5680 -4917
-5417 -5660 -4956
-5417 -5648 -4978
-5417 -5614 -5036
-5417 -5589 -5092
-5417 -5548 -5156
-5417 -5483 -5248
-5417 -5477 -5250
-5417 -5440 -5291
-5417 -5437 -5294
-5417 -5434 -5298
-5417 -5415 -5316
-5417 -5400 -5333
-5417 -5337 -5389
-5417 -5302 -5424
-5417 -5293 -5431
-5417 -5289 -5435
-5417 -5212 -5490
-5417 -5190 -5501
-5417 -5127 -5538
-5417 -5118 -5546
-5417 -5073 -5573
-5417 -4852 -5646
-5417 -4723 -5679
-5417 -4711 -5688
-5416 -5764 -4555
-5416 -5752 -4629
-5416 -5746 -4637
-5416 -5666 -4943
-5416 -5645 -4981
-5416 -5640 -4993
-5416 -5615 -5048
-5416 -5563 -5135
-5416 -5537 -5168
-5416 -5500 -5224
-5416 -5447 -5288
-5416 -5442 -5301
-5416 -5399 -5342
-5416 -5377 -5361
-5416 -5335 -5391
-5416 -5329 -5398
-5416 -5297 -5429
-5416 -5291 -5436
-5416 -5223 -5482
-5416 -5186 -5512
-5416 -5127 -5542
-5416 -5021 -5594
-5416 -5006 -5601
-5416 -4924 -5625
-5416 -4866 -5643
-5416 -4842 -5651
-5416 -4836 -5654
-5416 -4755 -5671
-5416 -4583 -5703
-5416 -4512 -5706
-5416 -4440 -5713
-5415 -5759 -4620
-5415 -5747 -4632
-5415 -5746 -4653
-5415 -5723 -4752
-5415 -5717 -4789
-5415 -5680 -4918
-5415 -5645 -4993
-5415 -5638 -4994
-5415 -5575 -5113
-5415 -5560 -5149
-5415 -5541 -5158
-5415 -5509 -5205
-5415 -5508 -5211
-5415 -5477 -5254
-5415 -5471 -5257
-5415 -5431 -5306
-5415 -5374 -5366
-5415 -5359 -5380
-5415 -5322 -5422
-5415 -5257 -5465
-5415 -5233 -5482
-5415 -5228 -5490
-5415 -5217 -5497
-5415 -5148 -5527
-5415 -5132 -5542
-5415 -5093 -5571
-5415 -5027 -5594
-5415 -4996 -5603
-5415 -4908 -5636
-5415 -4872 -5644
-5415 -4848 -5648
-5415 -4845 -5649
-5415 -4739 -5675
-5415 -4596 -5703
-5415 -4536 -5707
-5414 -5761 -4564
-5414 -5745 -4666
-5414 -5721 -4802
-5414 -5686 -4905
-5414 -5657 -4958
-5414 -5636 -5015
-5414 -5611 -5050
-5414 -5546 -5162
-5414 -5509 -5206
-5414 -5486 -5240
-5414 -5301 -5439
-5414 -5249 -5467
-5414 -5248 -5469
-5414 -5111 -5550
-5414 -4955 -5614
-5413 -5750 -4637
-5413 -5748 -4655
-5413 -5726 -4757
-5413 -5697 -4873
-5413 -5642 -5002
-5413 -5621 -5037
-5413 -5592 -5088
-5413 -5580 -5102
-5413 -5577 -5110
-5413 -5575 -5120
-5413 -5512 -5210
-5413 -5506 -5212
-5413 -5501 -5227
-5413 -5468 -5267
-5413 -5432 -5304
-5413 -5429 -5307
-5413 -5361 -5380
-5413 -5336 -5393
-5413 -5330 -5400
-5413 -5278 -5440
-5413 -5141 -5538
-5413 -4886 -5637
-5413 -4843 -5651
-5413 -4796 -5665
-5413 -4771 -5669
-5413 -4556 -5705
-5413 -4538 -5707
-5412 -5761 -4572
-5412 -5748 -4671
-5412 -5737 -4685
-5412 -5656 -4977
-5412 -5614 -5053
-5412 -5609 -5054
-5412 -5578 -5108
-5412 -5570 -5126
-5412 -5531 -5185
-5412 -5496 -5240
-5412 -5388 -5352
-5412 -5348 -5393
-5412 -5336 -5395
-5412 -5280 -5443
-5412 -5236 -5474
-5412 -4974 -5612
-5412 -4916 -5626
-5412 -4881 -5638
-5412 -4861 -5648
-5412 -4771 -5673
-5412 -4525 -5710
-5411 -5722 -4780
-5411 -5708 -4850
-5411 -5662 -4964
-5411 -5624 -5042
-5411 -5604 -5063
-5411 -5588 -5094
-5411 -5584 -5095
-5411 -5576 -5115
-5411 -5511 -5219
-5411 -5505 -5227
-5411 -5489 -5242
-5411 -5472 -5258
-5411 -5436 -5302
-5411 -5423 -5312
-5411 -5419 -5337
-5411 -5266 -5463
-5411 -5237 -5478
-5411 -5203 -5501
-5411 -4970 -5614
-5411 -4888 -5638
-5411 -4882 -5641
-5411 -4780 -5668
-5411 -4716 -5680
-5411 -4578 -5705
-5410 -5768 -4438
-5410 -5751 -4646
-5410 -5738 -4689
-5410 -5673 -4932
-5410 -5603 -5076
-5410 -5577 -5129
-5410 -5563 -5141
-5410 -5561 -5148
-5410 -5546 -5170
-5410 -5535 -5173
-5410 -5379 -5357
-5410 -5293 -5440
-5410 -5276 -5445
-5410 -5274 -5449
-5410 -5203 -5505
-5410 -5197 -5506
-5410 -5177 -5513
-5410 -5175 -5521
-5410 -5029 -5593
-5410 -5003 -5604
-5410 -4949 -5616
-5410 -4909 -5631
-5410 -4866 -5645
-5410 -4818 -5655
-5410 -4785 -5666
-5410 -4783 -5669
-5410 -4744 -5675
-5410 -4723 -5681
-5410 -4544 -5706
-5409 -5763 -4590
-5409 -5727 -4744
-5409 -5723 -4786
-5409 -5614 -5058
-5409 -5584 -5096
-5409 -5549 -5158
-5409 -5460 -5276
-5409 -5328 -5402
-5409 -5282 -5453
-5409 -5241 -5472
-5409 -5240 -5483
-5409 -5194 -5512
-5409 -5184 -5514
-5409 -5138 -5540
-5409 -5113 -5551
-5409 -5075 -5573
-5409 -5012 -5599
-5409 -4956 -5615
-5409 -4823 -5655
-5409 -4818 -5658
-5409 -4732 -5676
-5409 -4643 -5695
-5409 -4641 -5697
-5409 -4617 -5699
-5408 -5766 -4526
-5408 -5740 -4713
-5408 -5725 -4758
-5408 -5701 -4852
-5408 -5684 -4909
-5408 -5644 -4995
-5408 -5593 -5088
-5408 -5586 -5097
-5408 -5583 -5103
-5408 -5564 -5153
-5408 -5535 -5176
-5408 -5475 -5255
-5408 -5443 -5294
-5408 -5401 -5338
-5408 -5325 -5411
-5408 -5192 -5514
-5408 -5153 -5527
-5408 -4990 -5608
-5408 -4974 -5623
-5408 -4914 -5635
-5408 -4893 -5640
-5408 -4850 -5650
-5408 -4659 -5697
-5408 -4566 -5710
-5408 -4469 -5718
-5407 -5767 -4446
-5407 -5751 -4650
-5407 -5715 -4803
-5407 -5700 -4866
-5407 -5680 -4919
-5407 -5678 -4922
-5407 -5665 -4948
-5407 -5646 -4998
-5407 -5609 -5060
-5407 -5570 -5133
-5407 -5547 -5159
-5407 -5537 -5173
-5407 -5503 -5232
-5407 -5428 -5315
-5407 -5382 -5362
-5407 -5354 -5381
-5407 -5331 -5407
-5407 -5282 -5457
-5407 -5241 -5474
-5407 -5181 -5519
-5407 -5158 -5530
-5407 -5153 -5536
-5407 -5142 -5545
-5407 -5119 -5547
-5407 -5116 -5551
-5407 -5047 -5585
-5407 -5017 -5596
-5407 -4842 -5653
-5407 -4839 -5654
-5407 -4822 -5663
-5407 -4700 -5693
-5407 -4492 -5716
-5406 -5768 -4448
-5406 -5767 -4487
-5406 -5754 -4636
-5406 -5737 -4737
-5406 -5717 -4830
-5406 -5701 -4853
-5406 -5639 -5004
-5406 -5605 -5063
-5406 -5580 -5113
-5406 -5569 -5142
-5406 -5533 -5190
-5406 -5446 -5299
-5406 -5397 -5349
-5406 -5383 -5353
-5406 -5249 -5470
-5406 -5212 -5504
-5406 -5104 -5560
-5406 -5088 -5575
-5406 -4930 -5625
-5406 -4915 -5628
-5406 -4878 -5642
-5406 -4836 -5656
-5406 -4831 -5658
-5406 -4713 -5683
-5406 -4602 -5701
-5405 -5769 -4413
-5405 -5742 -4696
-5405 -5728 -4767
-5405 -5724 -4787
-5405 -5700 -4881
-5405 -5617 -5043
-5405 -5583 -5105
-5405 -5550 -5164
-5405 -5540 -5177
-5405 -5539 -5178
-5405 -5518 -5207
-5405 -5485 -5243
-5405 -5478 -5251
-5405 -5476 -5257
-5405 -5463 -5272
-5405 -5462 -5273
-5405 -5460 -5286
-5405 -5433 -5307
-5405 -5424 -5321
-5405 -5422 -5324
-5405 -5353 -5387
-5405 -5339 -5395
-5405 -5306 -5427
-5405 -5182 -5517
-5405 -5120 -5556
-5405 -5056 -5577
-5405 -5003 -5606
-5405 -4975 -5618
-5405 -4930 -5626
-5405 -4871 -5645
-5405 -4855 -5652
-5405 -4818 -5667
-5405 -4737 -5676
-5404 -5772 -4371
-5404 -5769 -4429
-5404 -5753 -4668
-5404 -5729 -4762
-5404 -5710 -4839
-5404 -5705 -4852
-5404 -5669 -4936
-5404 -5639 -5005
-5404 -5610 -5065
-5404 -5529 -5198
-5404 -5517 -5211
-5404 -5488 -5243
-5404 -5477 -5260
-5404 -5471 -5263
-5404 -5391 -5355
-5404 -5376 -5367
-5404 -5374 -5371
-5404 -5368 -5376
-5404 -5338 -5397
-5404 -5330 -5414
-5404 -5305 -5429
-5404 -5021 -5598
-5404 -4827 -5662
-5404 -4741 -5682
-5404 -4712 -5687
-5404 -4604 -5701
-5403 -5772 -4380
-5403 -5769 -4505
-5403 -5719 -4813
-5403 -5693 -4889
-5403 -5680 -4925
-5403 -5673 -4937
-5403 -5625 -5033
-5403 -5592 -5116
-5403 -5434 -5304
-5403 -5400 -5341
-5403 -5303 -5432
-5403 -5122 -5548
-5403 -5116 -5560
-5403 -4929 -5630
-5403 -4886 -5643
-5403 -4875 -5650
-5403 -4757 -5675
-5403 -4750 -5677
-5403 -4730 -5687
-5403 -4603 -5707
-5402 -5773 -4381
-5402 -5770 -4486
-5402 -5730 -4785
-5402 -5704 -4853
-5402 -5647 -4988
-5402 -5637 -5009
-5402 -5627 -5039
-5402 -5547 -5167
-5402 -5497 -5233
-5402 -5478 -5258
-5402 -5475 -5261
-5402 -5463 -5273
-5402 -5377 -5376
-5402 -5356 -5381
-5402 -5334 -5398
-5402 -5307 -5429
-5402 -5242 -5473
-5402 -5022 -5602
-5402 -4774 -5670
-5402 -4608 -5702
-5402 -4509 -5711
-5401 -5759 -4628
-5401 -5749 -4681
-5401 -5710 -4843
-5401 -5693 -4899
-5401 -5664 -4950
-5401 -5648 -4980
-5401 -5631 -5022
-5401 -5615 -5064
-5401 -5612 -5067
-5401 -5547 -5169
-5401 -5531 -5191
-5401 -5529 -5199
-5401 -5480 -5254
-5401 -5465 -5289
-5401 -5356 -5387
-5401 -5345 -5400
-5401 -5159 -5538
-5401 -5128 -5549
-5401 -4943 -5626
-5401 -4927 -5635
-5401 -4830 -5662
-5401 -4774 -5672
-5401 -4737 -5687
-5401 -4576 -5708
-5400 -5771 -4525
-5400 -5657 -4966
-5400 -5652 -4980
-5400 -5649 -4996
-5400 -5644 -5007
-5400 -5634 -5018
-5400 -5621 -5051
-5400 -5593 -5092
-5400 -5552 -5156
-5400 -5480 -5268
-5400 -5390 -5357
-5400 -5283 -5442
-5400 -5265 -5467
-5400 -5249 -5477
-5400 -5232 -5488
-5400 -5218 -5492
-5400 -5184 -5515
-5400 -5165 -5526
-5400 -5056 -5578
-5400 -5055 -5582
-5400 -4939 -5628
-5400 -4903 -5637
-5400 -4839 -5657
-5400 -4794 -5668
-5400 -4774 -5679
-5400 -4746 -5682
-5400 -4665 -5695
-5400 -4576 -5709
-5399 -5772 -4487
-5399 -5766 -4572
-5399 -5746 -4723
-5399 -5724 -4804
-5399 -5632 -5029
-5399 -5605 -5070
-5399 -5581 -5121
-5399 -5551 -5159
-5399 -5546 -5178
-5399 -5399 -5343
-5399 -5392 -5354
-5399 -5349 -5397
-5399 -5346 -5400
-5399 -5269 -5458
-5399 -5205 -5507
-5399 -5176 -5523
-5399 -5167 -5529
-5399 -5148 -5539
-5399 -5060 -5580
-5399 -4891 -5644
-5399 -4881 -5645
-5399 -4784 -5677
-5399 -4778 -5679
-5398 -5753 -4672
-5398 -5736 -4746
-5398 -5711 -4849
-5398 -5702 -4861
-5398 -5681 -4936
-5398 -5669 -4958
-5398 -5654 -4980
-5398 -5650 -4985
-5398 -5640 -5009
-5398 -5604 -5078
-5398 -5596 -5079
-5398 -5549 -5166
-5398 -5537 -5186
-5398 -5512 -5212
-5398 -5489 -5245
-5398 -5483 -5253
-5398 -5437 -5311
-5398 -5423 -5323
-5398 -5299 -5442
-5398 -5221 -5497
-5398 -5023 -5595
-5398 -4898 -5638
-5398 -4851 -5654
-5398 -4787 -5674
-5398 -4623 -5701
-5397 -5774 -4361
-5397 -5773 -4543
-5397 -5754 -4639
-5397 -5738 -4725
-5397 -5736 -4752
-5397 -5729 -4794
-5397 -5720 -4820
-5397 -5713 -4835
-5397 -5594 -5088
-5397 -5552 -5158
-5397 -5505 -5235
-5397 -5499 -5237
-5397 -5447 -5292
-5397 -5432 -5313
-5397 -5422 -5332
-5397 -5402 -5348
-5397 -5204 -5509
-5397 -5164 -5539
-5397 -5105 -5564
-5397 -4907 -5637
-5397 -4897 -5639
-5397 -4629 -5701
-5397 -4606 -5705
-5396 -5760 -4616
-5396 -5732 -4754
-5396 -5701 -4898
-5396 -5689 -4906
-5396 -5664 -4960
-5396 -5654 -4981
-5396 -5612 -5073
-5396 -5608 -5079
-5396 -5604 -5084
-5396 -5561 -5156
-5396 -5548 -5170
-5396 -5539 -5182
-5396 -5513 -5221
-5396 -5508 -5223
-5396 -5506 -5227
-5396 -5484 -5246
-5396 -5474 -5269
-5396 -5469 -5271
-5396 -5431 -5318
-5396 -5293 -5448
-5396 -5252 -5470
-5396 -5241 -5479
-5396 -5184 -5518
-5396 -5092 -5573
-5396 -5067 -5577
-5396 -4831 -5662
-5396 -4707 -5689
-5396 -4702 -5692
-5396 -4647 -5701
-5395 -5774 -4428
-5395 -5770 -4545
-5395 -5730 -4790
-5395 -5719 -4825
-5395 -5708 -4852
-5395 -5687 -4908
-5395 -5658 -4968
-5395 -5651 -4990
-5395 -5645 -5003
-5395 -5616 -5063
-5395 -5614 -5066
-5395 -5538 -5191
-5395 -5486 -5250
-5395 -5391 -5356
-5395 -5384 -5371
-5395 -5306 -5430
-5395 -5294 -5446
-5395 -5243 -5479
-5395 -5058 -5587
-5395 -4991 -5607
-5395 -4978 -5614
-5395 -4903 -5639
-5395 -4895 -5640
-5395 -4864 -5652
-5395 -4596 -5710
-5394 -5778 -4442
-5394 -5740 -4743
-5394 -5738 -4770
-5394 -5670 -4938
-5394 -5663 -4963
-5394 -5622 -5050
-5394 -5620 -5062
-5394 -5593 -5096
-5394 -5564 -5161
-5394 -5552 -5162
-5394 -5509 -5226
-5394 -5508 -5227
-5394 -5498 -5239
-5394 -5470 -5275
-5394 -5468 -5278
-5394 -5343 -5403
-5394 -5334 -5408
-5394 -5063 -5581
-5394 -4932 -5629
-5394 -4912 -5639
-5394 -4899 -5640
-5394 -4882 -5646
-5394 -4669 -5701
-5394 -4537 -5712
-5393 -5779 -4385
-5393 -5665 -4965
-5393 -5655 -4980
-5393 -5646 -5006
-5393 -5570 -5141
-5393 -5532 -5200
-5393 -5497 -5248
-5393 -5440 -5303
-5393 -5428 -5323
-5393 -5403 -5339
-5393 -5394 -5361
-5393 -5180 -5520
-5393 -5151 -5541
-5393 -5078 -5585
-5393 -4994 -5609
-5393 -4851 -5656
-5392 -5755 -4639
-5392 -5747 -4729
-5392 -5717 -4838
-5392 -5683 -4921
-5392 -5671 -4952
-5392 -5639 -5012
-5392 -5622 -5051
-5392 -5596 -5101
-5392 -5520 -5207
-5392 -5514 -5215
-5392 -5510 -5222
-5392 -5363 -5392
-5392 -5311 -5424
-5392 -5260 -5471
-5392 -5136 -5546
-5392 -4932 -5637
-5392 -4798 -5669
-5392 -4621 -5704
-5392 -4545 -5711
-5392 -4538 -5717
-5391 -5756 -4641
-5391 -5705 -4875
-5391 -5675 -4942
-5391 -5652 -4986
-5391 -5599 -5089
-5391 -5582 -5120
-5391 -5552 -5166
-5391 -5540 -5186
-5391 -5509 -5227
-5391 -5482 -5258
-5391 -5469 -5283
-5391 -5454 -5291
-5391 -5452 -5293
-5391 -5423 -5330
-5391 -5406 -5339
-5391 -5388 -5367
-5391 -5339 -5417
-5391 -5279 -5463
-5391 -5186 -5516
-5391 -5142 -5550
-5391 -5124 -5551
-5391 -5111 -5561
-5391 -5026 -5595
-5391 -4934 -5631
-5391 -4740 -5686
-5391 -4710 -5691
-5391 -4581 -5714
-5391 -4492 -5719
-5390 -5767 -4569
-5390 -5762 -4597
-5390 -5750 -4713
-5390 -5567 -5145
-5390 -5526 -5208
-5390 -5501 -5239
-5390 -5500 -5240
-5390 -5305 -5433
-5390 -5225 -5493
-5390 -5140 -5552
-5390 -5121 -5556
-5390 -5000 -5607
-5390 -4897 -5642
-5390 -4696 -5697
-5390 -4583 -5712
-5390 -4457 -5720
-5389 -5754 -4642
-5389 -5718 -4834
-5389 -5714 -4839
-5389 -5684 -4914
-5389 -5676 -4938
-5389 -5675 -4947
-5389 -5647 -5006
-5389 -5637 -5023
-5389 -5598 -5110
-5389 -5573 -5132
-5389 -5271 -5465
-5389 -5229 -5491
-5389 -5109 -5562
-5389 -5024 -5596
-5389 -4979 -5614
-5389 -4948 -5629
-5389 -4933 -5632
-5389 -4893 -5644
-5389 -4831 -5666
-5389 -4705 -5692
-5389 -4622 -5706
-5388 -5776 -4458
-5388 -5774 -4513
-5388 -5768 -4570
-5388 -5731 -4777
-5388 -5730 -4793
-5388 -5709 -4854
-5388 -5687 -4910
-5388 -5684 -4918
-5388 -5682 -4929
-5388 -5666 -4977
-5388 -5655 -4986
-5388 -5553 -5171
-5388 -5472 -5270
-5388 -5441 -5304
-5388 -5438 -5308
-5388 -5431 -5322
-5388 -5414 -5338
-5388 -5397 -5361
-5388 -5340 -5404
-5388 -5308 -5437
-5388 -5295 -5446
-5388 -5261 -5472
-5388 -5129 -5553
-5388 -4994 -5610
-5388 -4954 -5625
-5388 -4893 -5648
-5388 -4872 -5651
-5388 -4840 -5661
-5388 -4636 -5702
-5388 -4619 -5715
-5388 -4554 -5716
-5387 -5764 -4615
-5387 -5722 -4833
-5387 -5719 -4840
-5387 -5693 -4907
-5387 -5640 -5019
-5387 -5613 -5067
-5387 -5584 -5118
-5387 -5569 -5154
-5387 -5529 -5207
-5387 -5506 -5228
-5387 -5503 -5243
-5387 -5492 -5249
-5387 -5440 -5308
-5387 -5317 -5424
-5387 -5310 -5427
-5387 -5201 -5518
-5387 -5102 -5576
-5387 -5030 -5597
-5387 -4857 -5653
-5387 -4821 -5668
-5387 -4761 -5680
-5387 -4756 -5686
-5387 -4628 -5710
-5386 -5769 -4582
-5386 -5736 -4784
-5386 -5649 -5004
-5386 -5578 -5124
-5386 -5541 -5185
-5386 -5487 -5253
-5386 -5468 -5286
-5386 -5455 -5290
-5386 -5449 -5294
-5386 -5447 -5295
-5386 -5406 -5340
-5386 -5404 -5341
-5386 -5403 -5343
-5386 -5399 -5361
-5386 -5366 -5380
-5386 -5317 -5429
-5386 -5303 -5438
-5386 -5297 -5446
-5386 -5254 -5474
-5386 -5249 -5485
-5386 -5184 -5525
-5386 -5167 -5530
-5386 -5165 -5534
-5386 -5056 -5591
-5386 -5035 -5600
-5386 -5004 -5605
-5386 -4792 -5673
-5386 -4765 -5681
-5386 -4726 -5691
-5386 -4666 -5703
-5385 -5781 -4359
-5385 -5775 -4528
-5385 -5759 -4630
-5385 -5755 -4665
-5385 -5744 -4731
-5385 -5743 -4733
-5385 -5702 -4877
-5385 -5660 -4985
-5385 -5657 -4988
-5385 -5630 -5043
-5385 -5623 -5044
-5385 -5614 -5068
-5385 -5601 -5094
-5385 -5573 -5133
-5385 -5554 -5171
-5385 -5548 -5172
-5385 -5519 -5211
-5385 -5517 -5219
-5385 -5482 -5259
-5385 -5477 -5272
-5385 -5443 -5304
-5385 -5371 -5385
-5385 -5243 -5487
-5385 -5177 -5530
-5385 -5086 -5577
-5385 -4985 -5615
-5385 -4934 -5633
-5385 -4910 -5643
-5385 -4897 -5644
-5385 -4853 -5654
-5385 -4851 -5657
-5385 -4803 -5676
-5385 -4720 -5693
-5385 -4660 -5705
-5384 -5778 -4541
-5384 -5711 -4857
-5384 -5695 -4899
-5384 -5686 -4919
-5384 -5681 -4944
-5384 -5669 -4966
-5384 -5645 -5010
-5384 -5604 -5086
-5384 -5515 -5220
-5384 -5485 -5258
-5384 -5452 -5299
-5384 -5445 -5302
-5384 -5430 -5325
-5384 -5423 -5331
-5384 -5177 -5534
-5384 -5042 -5597
-5384 -5010 -5604
-5384 -4870 -5653
-5384 -4729 -5688
-5383 -5773 -4606
-5383 -5765 -4619
-5383 -5758 -4659
-5383 -5714 -4846
-5383 -5677 -4950
-5383 -5657 -4989
-5383 -5636 -5027
-5383 -5616 -5064
-5383 -5521 -5211
-5383 -5440 -5310
-5383 -5432 -5317
-5383 -5376 -5377
-5383 -5351 -5395
-5383 -5153 -5541
-5383 -4996 -5608
-5383 -4988 -5613
-5383 -4918 -5638
-5383 -4809 -5673
-5382 -5775 -4550
-5382 -5734 -4789
-5382 -5701 -4906
-5382 -5634 -5034
-5382 -5624 -5052
-5382 -5612 -5081
-5382 -5606 -5083
-5382 -5599 -5103
-5382 -5575 -5130
-5382 -5544 -5180
-5382 -5539 -5190
-5382 -5506 -5230
-5382 -5486 -5257
-5382 -5474 -5277
-5382 -5440 -5315
-5382 -5412 -5339
-5382 -5340 -5410
-5382 -5289 -5455
-5382 -5250 -5475
-5382 -5229 -5500
-5382 -5184 -5526
-5382 -5109 -5565
-5382 -5051 -5596
-5382 -5035 -5611
-5382 -4975 -5623
-5382 -4956 -5625
-5382 -4890 -5651
-5382 -4845 -5660
-5382 -4832 -5670
-5382 -4768 -5681
-5382 -4437 -5722
-5381 -5782 -4379
-5381 -5762 -4641
-5381 -5687 -4916
-5381 -5677 -4951
-5381 -5671 -4953
-5381 -5616 -5071
-5381 -5556 -5162
-5381 -5518 -5216
-5381 -5511 -5241
-5381 -5489 -5256
-5381 -5400 -5349
-5381 -5354 -5398
-5381 -5300 -5443
-5381 -5210 -5511
-5381 -5122 -5556
-5381 -5084 -5578
-5381 -5062 -5588
-5381 -4992 -5612
-5381 -4958 -5626
-5381 -4922 -5638
-5381 -4899 -5646
-5381 -4773 -5680
-5381 -4767 -5682
-5381 -4432 -5723
-5380 -5767 -4637
-5380 -5725 -4822
-5380 -5716 -4842
-5380 -5654 -4991
-5380 -5653 -5000
-5380 -5649 -5005
-5380 -5633 -5048
-5380 -5574 -5132
-5380 -5572 -5136
-5380 -5524 -5213
-5380 -5498 -5247
-5380 -5454 -5308
-5380 -5434 -5321
-5380 -5385 -5371
-5380 -5320 -5424
-5380 -5285 -5466
-5380 -5232 -5508
-5380 -5206 -5513
-5380 -5201 -5519
-5380 -4995 -5612
-5380 -4991 -5613
-5380 -4958 -5627
-5380 -4923 -5640
-5380 -4883 -5655
-5380 -4688 -5700
-5380 -4483 -5725
-5379 -5779 -4461
-5379 -5760 -4655
-5379 -5755 -4682
-5379 -5719 -4856
-5379 -5690 -4924
-5379 -5672 -4959
-5379 -5650 -5003
-5379 -5638 -5022
-5379 -5581 -5141
-5379 -5548 -5173
-5379 -5512 -5223
-5379 -5481 -5264
-5379 -5424 -5330
-5379 -5312 -5431
-5379 -5241 -5490
-5379 -5190 -5524
-5379 -5152 -5543
-5379 -5121 -5557
-5379 -5042 -5600
-5379 -4991 -5614
-5379 -4937 -5630
-5379 -4892 -5650
-5379 -4848 -5659
-5379 -4697 -5694
-5378 -5782 -4458
-5378 -5653 -5010
-5378 -5645 -5013
-5378 -5636 -5032
-5378 -5611 -5086
-5378 -5604 -5092
-5378 -5567 -5159
-5378 -5544 -5182
-5378 -5443 -5313
-5378 -5323 -5424
-5378 -5250 -5485
-5378 -5221 -5509
-5378 -5136 -5554
-5378 -4954 -5631
-5378 -4917 -5643
-5378 -4522 -5719
-5377 -5784 -4402
-5377 -5780 -4482
-5377 -5777 -4576
-5377 -5742 -4744
-5377 -5737 -4772
-5377 -5734 -4792
-5377 -5710 -4886
-5377 -5696 -4912
-5377 -5670 -4965
-5377 -5642 -5030
-5377 -5621 -5058
-5377 -5607 -5088
-5377 -5570 -5147
-5377 -5560 -5165
-5377 -5549 -5183
-5377 -5533 -5198
-5377 -5518 -5224
-5377 -5472 -5278
-5377 -5469 -5291
-5377 -5463 -5293
-5377 -5420 -5341
-5377 -5267 -5467
-5377 -5253 -5479
-5377 -5117 -5561
-5377 -5011 -5612
-5377 -4990 -5618
-5377 -4936 -5638
-5377 -4868 -5657
-5377 -4759 -5685
-5377 -4732 -5692
-5377 -4676 -5702
-5377 -4642 -5708
-5377 -4484 -5721
-5376 -5780 -4488
-5376 -5762 -4673
-5376 -5754 -4699
-5376 -5732 -4800
-5376 -5648 -5018
-5376 -5624 -5054
-5376 -5613 -5075
-5376 -5605 -5104
-5376 -5590 -5126
-5376 -5538 -5203
-5376 -5526 -5216
-5376 -5520 -5218
-5376 -5501 -5247
-5376 -5492 -5252
-5376 -5403 -5359
-5376 -5328 -5426
-5376 -5326 -5429
-5376 -5312 -5441
-5376 -5277 -5479
-5376 -5185 -5526
-5376 -5169 -5535
-5376 -5083 -5590
-5376 -4995 -5623
-5376 -4837 -5666
-5376 -4741 -5687
-5376 -4715 -5696
-5376 -4660 -5708
-5376 -4528 -5719
-5376 -4490 -5724
-5375 -5743 -4751
-5375 -5726 -4804
-5375 -5685 -4929
-5375 -5675 -4955
-5375 -5546 -5191
-5375 -5412 -5345
-5375 -5181 -5528
-5375 -4846 -5661
-5375 -4734 -5688
-5375 -4733 -5692
-5375 -4576 -5716
-5374 -5790 -4411
-5374 -5751 -4723
-5374 -5739 -4790
-5374 -5728 -4808
-5374 -5677 -4952
-5374 -5672 -4971
-5374 -5656 -4994
-5374 -5637 -5044
-5374 -5520 -5222
-5374 -5495 -5257
-5374 -5489 -5258
-5374 -5483 -5259
-5374 -5457 -5295
-5374 -5380 -5372
-5374 -5372 -5378
-5374 -5317 -5434
-5374 -5192 -5520
-5374 -5158 -5544
-5374 -4835 -5667
-5374 -4833 -5670
-5374 -4773 -5682
-5374 -4767 -5686
-5374 -4741 -5690
-5374 -4707 -5698
-5374 -4466 -5727
-5373 -5790 -4427
-5373 -5756 -4717
-5373 -5722 -4841
-5373 -5714 -4863
-5373 -5662 -4981
-5373 -5654 -4996
-5373 -5643 -5031
-5373 -5530 -5207
-5373 -5529 -5208
-5373 -5498 -5253
-5373 -5426 -5326
-5373 -5404 -5352
-5373 -5380 -5375
-5373 -5365 -5393
-5373 -5238 -5503
-5373 -5161 -5541
-5373 -5036 -5601
-5373 -4942 -5633
-5373 -4868 -5659
-5373 -4844 -5662
-5373 -4842 -5665
-5373 -4840 -5667
-5373 -4780 -5679
-5373 -4776 -5681
-5373 -4570 -5717
-5373 -4500 -5720
-5373 -4495 -5723
-5372 -5783 -4500
-5372 -5779 -4585
-5372 -5767 -4654
-5372 -5693 -4930
-5372 -5616 -5072
-5372 -5577 -5146
-5372 -5561 -5165
-5372 -5486 -5264
-5372 -5362 -5395
-5372 -5258 -5482
-5372 -5184 -5533
-5372 -4975 -5625
-5372 -4890 -5653
-5372 -4866 -5660
-5372 -4848 -5662
-5372 -4826 -5675
-5372 -4745 -5690
-5372 -4685 -5702
-5371 -5780 -4505
-5371 -5751 -4731
-5371 -5660 -4993
-5371 -5614 -5076
-5371 -5552 -5175
-5371 -5532 -5204
-5371 -5513 -5229
-5371 -5455 -5297
-5371 -5414 -5342
-5371 -5412 -5347
-5371 -5384 -5373
-5371 -5371 -5393
-5371 -5190 -5525
-5371 -5166 -5552
-5371 -5000 -5614
-5371 -4939 -5635
-5371 -4902 -5647
-5371 -4899 -5650
-5370 -5758 -4700
-5370 -5743 -4754
-5370 -5740 -4791
-5370 -5737 -4798
-5370 -5727 -4822
-5370 -5723 -4827
-5370 -5713 -4892
-5370 -5684 -4935
-5370 -5663 -4978
-5370 -5616 -5079
-5370 -5607 -5098
-5370 -5564 -5170
-5370 -5547 -5191
-5370 -5444 -5311
-5370 -5373 -5378
-5370 -5372 -5385
-5370 -5364 -5395
-5370 -5360 -5398
-5370 -5300 -5444
-5370 -5246 -5487
-5370 -5197 -5521
-5370 -5113 -5562
-5370 -5089 -5577
-5370 -5043 -5602
-5370 -4845 -5665
-5370 -4754 -5687
-5370 -4752 -5690
-5370 -4692 -5702
-5370 -4512 -5723
-5369 -5773 -4614
-5369 -5724 -4829
-5369 -5715 -4859
-5369 -5695 -4913
-5369 -5669 -4989
-5369 -5570 -5150
-5369 -5425 -5328
-5369 -5213 -5514
-5369 -5125 -5555
-5369 -5052 -5595
-5369 -4980 -5627
-5369 -4910 -5644
-5369 -4789 -5682
-5369 -4694 -5700
-5369 -4503 -5724
-5368 -5793 -4485
-5368 -5728 -4828
-5368 -5685 -4938
-5368 -5683 -4940
-5368 -5682 -4942
-5368 -5624 -5056
-5368 -5569 -5159
-5368 -5555 -5172
-5368 -5521 -5219
-5368 -5515 -5227
-5368 -5491 -5263
-5368 -5481 -5268
-5368 -5478 -5277
-5368 -5470 -5284
-5368 -5429 -5337
-5368 -5409 -5352
-5368 -5336 -5418
-5368 -5332 -5427
-5368 -5314 -5439
-5368 -5213 -5518
-5368 -5171 -5538
-5368 -5109 -5566
-5368 -5107 -5567
-5368 -5106 -5570
-5368 -4943 -5634
-5368 -4926 -5641
-5368 -4906 -5647
-5368 -4851 -5669
-5368 -4798 -5677
-5368 -4795 -5679
-5368 -4793 -5682
-5368 -4733 -5694
-5367 -5780 -4558
-5367 -5745 -4772
-5367 -5715 -4875
-5367 -5689 -4951
-5367 -5631 -5050
-5367 -5625 -5064
-5367 -5612 -5097
-5367 -5540 -5194
-5367 -5509 -5245
-5367 -5463 -5294
-5367 -5445 -5311
-5367 -5443 -5316
-5367 -5354 -5399
-5367 -5349 -5400
-5367 -5346 -5404
-5367 -5341 -5409
-5367 -5300 -5450
-5367 -5202 -5523
-5367 -5137 -5555
-5367 -5121 -5570
-5367 -5094 -5579
-5367 -4912 -5644
-5367 -4828 -5671
-5367 -4802 -5677
-5366 -5781 -4514
-5366 -5750 -4732
-5366 -5733 -4809
-5366 -5726 -4847
-5366 -5649 -5013
-5366 -5617 -5080
-5366 -5553 -5175
-5366 -5524 -5224
-5366 -5518 -5232
-5366 -5502 -5247
-5366 -5482 -5267
-5366 -5472 -5281
-5366 -5433 -5322
-5366 -5432 -5342
-5366 -5405 -5363
-5366 -5387 -5368
-5366 -5126 -5560
-5366 -5110 -5575
-5366 -5094 -5583
-5366 -4993 -5625
-5366 -4695 -5699
-5366 -4562 -5719
-5366 -4555 -5724
-5365 -5787 -4529
-5365 -5781 -4537
-5365 -5743 -4780
-5365 -5730 -4811
-5365 -5690 -4932
-5365 -5645 -5026
-5365 -5629 -5053
-5365 -5618 -5067
-5365 -5595 -5115
-5365 -5574 -5153
-5365 -5559 -5175
-5365 -5548 -5192
-5365 -5504 -5250
-5365 -5489 -5267
-5365 -5395 -5366
-5365 -5374 -5380
-5365 -5357 -5404
-5365 -5344 -5408
-5365 -5323 -5433
-5365 -5306 -5445
-5365 -5286 -5461
-5365 -5249 -5489
-5365 -5238 -5504
-5365 -5140 -5553
-5365 -5126 -5564
-5365 -5110 -5579
-5365 -4717 -5695
-5365 -4662 -5704
-5365 -4575 -5719
-5365 -4463 -5736
-5364 -5768 -4619
-5364 -5759 -4679
-5364 -5747 -4740
-5364 -5741 -4783
-5364 -5740 -4808
-5364 -5678 -4969
-5364 -5581 -5142
-5364 -5552 -5182
-5364 -5515 -5240
-5364 -5458 -5299
-5364 -5374 -5383
-5364 -5350 -5405
-5364 -5324 -5440
-5364 -5293 -5451
-5364 -5129 -5556
-5364 -4973 -5630
-5364 -4964 -5631
-5364 -4961 -5632
-5364 -4918 -5642
-5364 -4852 -5661
-5364 -4736 -5691
-5364 -4713 -5698
-5364 -4622 -5713
-5364 -4575 -5723
-5363 -5769 -4621
-5363 -5763 -4684
-5363 -5729 -4815
-5363 -5710 -4894
-5363 -5702 -4906
-5363 -5626 -5062
-5363 -5623 -5065
-5363 -5615 -5081
-5363 -5549 -5191
-5363 -5533 -5210
-5363 -5492 -5263
-5363 -5472 -5286
-5363 -5446 -5310
-5363 -5444 -5312
-5363 -5435 -5329
-5363 -5377 -5385
-5363 -5333 -5422
-5363 -5188 -5527
-5363 -5174 -5544
-5363 -5133 -5556
-5363 -5009 -5617
-5363 -4940 -5639
-5363 -4892 -5654
-5363 -4887 -5656
-5363 -4854 -5662
-5363 -4773 -5683
-5363 -4739 -5691
-5363 -4711 -5699
-5363 -4687 -5703
-5363 -4661 -5707
-5362 -5798 -4371
-5362 -5783 -4555
-5362 -5698 -4931
-5362 -5660 -4994
-5362 -5642 -5036
-5362 -5621 -5068
-5362 -5605 -5112
-5362 -5557 -5177
-5362 -5444 -5315
-5362 -5441 -5320
-5362 -5383 -5374
-5362 -5372 -5387
-5362 -5349 -5409
-5362 -5266 -5481
-5362 -5188 -5531
-5362 -5149 -5557
-5362 -4954 -5636
-5362 -4912 -5645
-5362 -4901 -5649
-5362 -4872 -5658
-5362 -4763 -5689
-5362 -4743 -5691
-5362 -4587 -5719
-5362 -4472 -5728
-5361 -5789 -4497
-5361 -5757 -4721
-5361 -5729 -4816
-5361 -5716 -4858
-5361 -5648 -5023
-5361 -5644 -5029
-5361 -5613 -5096
-5361 -5584 -5129
-5361 -5582 -5137
-5361 -5546 -5195
-5361 -5527 -5211
-5361 -5497 -5255
-5361 -5386 -5374
-5361 -5310 -5442
-5361 -5290 -5457
-5361 -5255 -5486
-5361 -5239 -5496
-5361 -5216 -5510
-5361 -5056 -5592
-5361 -5045 -5600
-5361 -5015 -5614
-5361 -4960 -5635
-5361 -4860 -5661
-5361 -4796 -5678
-5361 -4780 -5683
-5361 -4752 -5691
-5360 -5764 -4670
-5360 -5728 -4844
-5360 -5692 -4934
-5360 -5655 -4996
-5360 -5654 -4997
-5360 -5637 -5052
-5360 -5589 -5130
-5360 -5569 -5163
-5360 -5553 -5182
-5360 -5544 -5198
-5360 -5504 -5254
-5360 -5465 -5295
-5360 -5460 -5296
-5360 -5458 -5301
-5360 -5446 -5312
-5360 -5417 -5347
-5360 -5374 -5388
-5360 -5317 -5442
-5360 -5244 -5493
-5360 -5150 -5559
-5360 -5050 -5603
-5360 -4978 -5631
-5360 -4953 -5637
-5360 -4929 -5640
-5360 -4871 -5664
-5360 -4786 -5685
-5360 -4726 -5697
-5360 -4704 -5700
-5360 -4688 -5703
-5360 -4640 -5709
-5360 -4490 -5727
-5359 -5781 -4564
-5359 -5770 -4628
-5359 -5747 -4750
-5359 -5720 -4876
-5359 -5715 -4887
-5359 -5662 -4998
-5359 -5622 -5073
-5359 -5620 -5083
-5359 -5593 -5117
-5359 -5576 -5147
-5359 -5575 -5150
-5359 -5541 -5204
-5359 -5530 -5216
-5359 -5486 -5269
-5359 -5410 -5349
-5359 -5389 -5372
-5359 -5355 -5410
-5359 -5349 -5412
-5359 -5306 -5447
-5359 -5297 -5468
-5359 -5062 -5591
-5359 -4917 -5644
-5359 -4874 -5657
-5359 -4852 -5668
-5359 -4804 -5678
-5359 -4795 -5680
-5359 -4735 -5692
-5359 -4652 -5709
-5359 -4646 -5713
-5359 -4538 -5727
-5359 -4503 -5729
-5358 -5765 -4693
-5358 -5752 -4726
-5358 -5729 -4818
-5358 -5705 -4900
-5358 -5680 -4954
-5358 -5671 -4984
-5358 -5655 -5001
-5358 -5642 -5038
-5358 -5561 -5173
-5358 -5554 -5178
-5358 -5523 -5226
-5358 -5481 -5270
-5358 -5372 -5398
-5358 -5299 -5453
-5358 -5258 -5490
-5358 -5194 -5528
-5358 -5193 -5530
-5358 -5097 -5580
-5358 -5095 -5583
-5358 -5066 -5591
-5358 -4984 -5626
-5358 -4908 -5647
-5358 -4804 -5679
-5358 -4717 -5698
-5358 -4675 -5708
-5358 -4649 -5711
-5357 -5784 -4533
-5357 -5759 -4702
-5357 -5751 -4739
-5357 -5741 -4788
-5357 -5730 -4823
-5357 -5656 -5001
-5357 -5655 -5006
-5357 -5628 -5054
-5357 -5596 -5122
-5357 -5553 -5183
-5357 -5538 -5208
-5357 -5533 -5212
-5357 -5476 -5278
-5357 -5466 -5293
-5357 -5460 -5312
-5357 -5377 -5386
-5357 -5334 -5428
-5357 -5278 -5470
-5357 -5209 -5524
-5357 -5092 -5587
-5357 -5059 -5592
-5357 -5057 -5596
-5357 -4918 -5649
-5357 -4908 -5651
-5357 -4699 -5703
-5357 -4634 -5718
-5356 -5788 -4499
-5356 -5772 -4637
-5356 -5752 -4739
-5356 -5751 -4741
-5356 -5749 -4768
-5356 -5732 -4821
-5356 -5691 -4946
-5356 -5658 -5000
-5356 -5628 -5069
-5356 -5581 -5146
-5356 -5570 -5164
-5356 -5564 -5178
-5356 -5547 -5199
-5356 -5534 -5213
-5356 -5509 -5248
-5356 -5493 -5259
-5356 -5491 -5265
-5356 -5475 -5279
-5356 -5432 -5343
-5356 -5358 -5405
-5356 -5309 -5455
-5356 -5241 -5494
-5356 -5017 -5613
-5356 -4990 -5626
-5356 -4951 -5639
-5356 -4893 -5658
-5356 -4839 -5672
-5356 -4773 -5686
-5356 -4771 -5689
-5356 -4711 -5701
-5356 -4541 -5726
-5355 -5785 -4554
-5355 -5778 -4601
-5355 -5754 -4744
-5355 -5733 -4826
-5355 -5681 -4959
-5355 -5672 -4980
-5355 -5650 -5014
-5355 -5646 -5032
-5355 -5634 -5056
-5355 -5532 -5217
-5355 -5480 -5273
-5355 -5479 -5276
-5355 -5434 -5332
-5355 -5379 -5384
-5355 -5278 -5472
-5355 -5270 -5483
-5355 -5232 -5509
-5355 -5071 -5594
-5355 -4911 -5652
-5355 -4807 -5676
-5355 -4806 -5678
-5355 -4788 -5683
-5355 -4740 -5695
-5355 -4713 -5699
-5355 -4689 -5708
-5355 -4660 -5712
-5355 -4590 -5720
-5354 -5758 -4727
-5354 -5663 -5010
-5354 -5652 -5019
-5354 -5631 -5065
-5354 -5604 -5113
-5354 -5584 -5142
-5354 -5550 -5204
-5354 -5469 -5303
-5354 -5447 -5315
-5354 -5423 -5350
-5354 -5406 -5356
-5354 -5398 -5365
-5354 -5356 -5409
-5354 -5216 -5513
-5354 -5180 -5534
-5354 -4938 -5643
-5354 -4925 -5646
-5354 -4841 -5675
-5354 -4815 -5678
-5353 -5773 -4616
-5353 -5769 -4651
-5353 -5747 -4781
-5353 -5698 -4933
-5353 -5621 -5075
-5353 -5590 -5131
-5353 -5521 -5231
-5353 -5487 -5270
-5353 -5473 -5284
-5353 -5472 -5291
-5353 -5381 -5383
-5353 -5364 -5403
-5353 -5239 -5499
-5353 -5138 -5563
-5353 -5126 -5565
-5353 -4853 -5668
-5353 -4760 -5691
-5353 -4603 -5719
-5353 -4546 -5726
-5353 -4473 -5730
-5352 -5793 -4487
-5352 -5787 -4572
-5352 -5769 -4663
-5352 -5761 -4711
-5352 -5735 -4844
-5352 -5681 -4962
-5352 -5636 -5057
-5352 -5585 -5141
-5352 -5554 -5182
-5352 -5518 -5240
-5352 -5512 -5242
-5352 -5501 -5256
-5352 -5483 -5278
-5352 -5481 -5283
-5352 -5443 -5317
-5352 -5394 -5371
-5352 -5378 -5386
-5352 -5259 -5484
-5352 -5217 -5514
-5352 -4919 -5647
-5352 -4824 -5676
-5352 -4761 -5690
-5352 -4756 -5693
-5352 -4701 -5702
-5351 -5784 -4587
-5351 -5746 -4786
-5351 -5722 -4862
-5351 -5699 -4910
-5351 -5682 -4964
-5351 -5670 -4985
-5351 -5657 -5018
-5351 -5598 -5127
-5351 -5574 -5161
-5351 -5553 -5191
-5351 -5526 -5226
-5351 -5490 -5269
-5351 -5487 -5274
-5351 -5387 -5373
-5351 -5344 -5416
-5351 -5257 -5503
-5351 -5124 -5568
-5351 -5054 -5597
-5351 -5026 -5613
-5351 -4951 -5641
-5351 -4929 -5645
-5351 -4905 -5654
-5351 -4859 -5665
-5351 -4847 -5673
-5351 -4810 -5682
-5351 -4727 -5696
-5350 -5776 -4615
-5350 -5741 -4791
-5350 -5704 -4901
-5350 -5703 -4914
-5350 -5699 -4919
-5350 -5606 -5101
-5350 -5591 -5133
-5350 -5582 -5145
-5350 -5556 -5179
-5350 -5439 -5327
-5350 -5397 -5376
-5350 -5362 -5418
-5350 -5259 -5488
-5350 -5187 -5533
-5350 -5130 -5567
-5350 -5099 -5581
-5350 -4594 -5722
-5350 -4548 -5730
-5349 -5796 -4435
-5349 -5770 -4639
-5349 -5711 -4903
-5349 -5690 -4947
-5349 -5586 -5139
-5349 -5567 -5167
-5349 -5533 -5218
-5349 -5511 -5244
-5349 -5492 -5271
-5349 -5486 -5281
-5349 -5298 -5456
-5349 -5281 -5473
-5349 -5116 -5572
-5349 -5043 -5606
-5349 -4898 -5658
-5349 -4872 -5659
-5349 -4745 -5695
-5349 -4706 -5702
-5349 -4625 -5719
-5349 -4585 -5727
-5349 -4493 -5731
-5348 -5790 -4510
-5348 -5781 -4623
-5348 -5770 -4640
-5348 -5755 -4738
-5348 -5748 -4769
-5348 -5747 -4782
-5348 -5725 -4853
-5348 -5724 -4863
-5348 -5658 -5023
-5348 -5649 -5038
-5348 -5633 -5058
-5348 -5621 -5085
-5348 -5611 -5100
-5348 -5596 -5136
-5348 -5510 -5253
-5348 -5501 -5257
-5348 -5495 -5259
-5348 -5441 -5328
-5348 -5409 -5372
-5348 -5392 -5378
-5348 -5343 -5422
-5348 -5201 -5529
-5348 -5185 -5534
-5348 -5131 -5569
-5348 -4931 -5644
-5348 -4908 -5655
-5348 -4850 -5670
-5348 -4788 -5685
-5348 -4762 -5690
-5347 -5769 -4668
-5347 -5759 -4741
-5347 -5742 -4797
-5347 -5721 -4864
-5347 -5679 -4973
-5347 -5675 -4978
-5347 -5614 -5088
-5347 -5555 -5197
-5347 -5523 -5227
-5347 -5518 -5241
-5347 -5495 -5276
-5347 -5478 -5292
-5347 -5442 -5318
-5347 -5418 -5352
-5347 -5239 -5504
-5347 -5155 -5553
-5347 -5099 -5582
-5347 -4979 -5634
-5347 -4786 -5687
-5347 -4758 -5693
-5347 -4712 -5700
-5347 -4664 -5710
-5347 -4645 -5717
-5346 -5789 -4539
-5346 -5773 -4626
-5346 -5692 -4942
-5346 -5687 -4957
-5346 -5650 -5033
-5346 -5618 -5088
-5346 -5571 -5165
-5346 -5568 -5169
-5346 -5565 -5171
-5346 -5522 -5232
-5346 -5504 -5262
-5346 -5498 -5264
-5346 -5382 -5383
-5346 -5352 -5422
-5346 -5271 -5485
-5346 -5233 -5506
-5346 -5060 -5598
-5346 -5052 -5599
-5346 -5047 -5604
-5346 -4967 -5635
-5346 -4927 -5648
-5346 -4887 -5663
-5346 -4797 -5684
-5346 -4782 -5688
-5346 -4723 -5699
-5346 -4716 -5703
-5346 -4653 -5715
-5346 -4564 -5729
-5345 -5794 -4468
-5345 -5784 -4604
-5345 -5748 -4778
-5345 -5741 -4826
-5345 -5732 -4846
-5345 -5664 -4990
-5345 -5625 -5097
-5345 -5606 -5106
-5345 -5601 -5116
-5345 -5539 -5213
-5345 -5521 -5233
-5345 -5478 -5297
-5345 -5450 -5313
-5345 -5440 -5335
-5345 -5389 -5380
-5345 -5378 -5392
-5345 -5340 -5430
-5345 -5312 -5450
-5345 -5306 -5465
-5345 -5269 -5488
-5345 -5217 -5515
-5345 -5179 -5536
-5345 -5167 -5553
-5345 -5082 -5593
-5345 -5061 -5602
-5345 -5021 -5614
-5345 -4998 -5620
-5345 -4871 -5667
-5345 -4823 -5677
-5345 -4725 -5698
-5345 -4665 -5712
-5344 -5794 -4474
-5344 -5776 -4659
-5344 -5749 -4773
-5344 -5687 -4958
-5344 -5633 -5065
-5344 -5588 -5138
-5344 -5558 -5184
-5344 -5530 -5219
-5344 -5447 -5316
-5344 -5278 -5474
-5344 -5220 -5511
-5344 -5199 -5534
-5344 -5193 -5538
-5344 -5050 -5605
-5344 -5042 -5609
-5344 -5021 -5618
-5344 -4936 -5645
-5344 -4829 -5678
-5344 -4746 -5695
-5344 -4736 -5697
-5344 -4694 -5707
-5344 -4648 -5717
-5344 -4605 -5721
-5344 -4588 -5723
-5343 -5707 -4919
-5343 -5693 -4945
-5343 -5686 -4986
-5343 -5667 -4995
-5343 -5638 -5043
-5343 -5604 -5121
-5343 -5573 -5163
-5343 -5562 -5180
-5343 -5515 -5257
-5343 -5451 -5313
-5343 -5444 -5327
-5343 -5410 -5366
-5343 -5383 -5387
-5343 -5320 -5444
-5343 -5314 -5446
-5343 -5213 -5519
-5343 -4919 -5657
-5343 -4722 -5701
-5343 -4718 -5702
-5343 -4696 -5705
-5343 -4672 -5712
-5342 -5767 -4670
-5342 -5752 -4747
-5342 -5750 -4796
-5342 -5717 -4885
-5342 -5664 -4996
-5342 -5644 -5046
-5342 -5642 -5051
-5342 -5626 -5072
-5342 -5570 -5172
-5342 -5533 -5224
-5342 -5518 -5245
-5342 -5453 -5313
-5342 -5441 -5340
-5342 -5327 -5433
-5342 -5200 -5530
-5342 -5144 -5560
-5342 -5121 -5571
-5342 -5052 -5607
-5342 -5004 -5621
-5342 -5000 -5625
-5342 -4987 -5629
-5342 -4854 -5670
-5342 -4819 -5682
-5342 -4742 -5696
-5342 -4714 -5705
-5342 -4701 -5707
-5342 -4690 -5712
-5342 -4512 -5732
-5342 -4511 -5734
-5341 -5804 -4498
-5341 -5771 -4662
-5341 -5752 -4755
-5341 -5730 -4854
-5341 -5701 -4922
-5341 -5663 -5017
-5341 -5646 -5040
-5341 -5638 -5052
-5341 -5581 -5158
-5341 -5310 -5451
-5341 -5261 -5501
-5341 -5215 -5517
-5341 -5153 -5557
-5341 -5043 -5610
-5341 -5025 -5614
-5341 -4931 -5646
-5341 -4889 -5659
-5341 -4843 -5675
-5341 -4841 -5678
-5341 -4781 -5690
-5341 -4760 -5692
-5341 -4747 -5694
-5341 -4719 -5702
-5341 -4708 -5707
-5341 -4666 -5713
-5340 -5792 -4500
-5340 -5766 -4675
-5340 -5759 -4755
-5340 -5729 -4864
-5340 -5724 -4875
-5340 -5715 -4890
-5340 -5673 -4990
-5340 -5669 -5004
-5340 -5653 -5027
-5340 -5645 -5042
-5340 -5634 -5077
-5340 -5611 -5103
-5340 -5567 -5176
-5340 -5463 -5313
-5340 -5413 -5353
-5340 -5175 -5539
-5340 -5142 -5562
-5340 -4991 -5626
-5340 -4990 -5627
-5340 -4935 -5646
-5340 -4881 -5664
-5340 -4876 -5667
-5340 -4860 -5674
-5340 -4742 -5699
-5340 -4708 -5711
-5340 -4605 -5723
-5340 -4518 -5732
-5339 -5788 -4574
-5339 -5766 -4689
-5339 -5607 -5105
-5339 -5574 -5163
-5339 -5560 -5182
-5339 -5525 -5228
-5339 -5472 -5299
-5339 -5443 -5330
-5339 -5364 -5411
-5339 -5324 -5441
-5339 -5239 -5507
-5339 -5233 -5509
-5339 -5177 -5539
-5339 -5157 -5562
-5339 -5142 -5566
-5339 -5126 -5573
-5339 -5112 -5578
-5339 -5029 -5613
-5339 -4751 -5694
-5339 -4717 -5706
-5339 -4625 -5720
-5339 -4604 -5729
-5338 -5765 -4714
-5338 -5751 -4784
-5338 -5735 -4852
-5338 -5728 -4867
-5338 -5605 -5121
-5338 -5590 -5143
-5338 -5501 -5264
-5338 -5481 -5286
-5338 -5448 -5317
-5338 -5384 -5382
-5338 -5318 -5449
-5338 -5205 -5528
-5338 -5157 -5566
-5338 -5025 -5619
-5338 -4955 -5644
-5338 -4880 -5672
-5338 -4775 -5692
-5338 -4758 -5702
-5338 -4609 -5724
-5338 -4598 -5731
-5338 -4526 -5737
-5337 -5743 -4799
-5337 -5704 -4938
-5337 -5691 -4949
-5337 -5637 -5057
-5337 -5612 -5108
-5337 -5565 -5185
-5337 -5546 -5208
-5337 -5520 -5242
-5337 -5487 -5282
-5337 -5464 -5308
-5337 -5455 -5326
-5337 -5425 -5344
-5337 -5366 -5404
-5337 -5242 -5505
-5337 -5175 -5545
-5337 -5162 -5556
-5337 -5146 -5571
-5337 -5055 -5605
-5337 -5001 -5627
-5337 -4958 -5637
-5337 -4829 -5681
-5337 -4607 -5726
-5336 -5790 -4517
-5336 -5778 -4624
-5336 -5766 -4720
-5336 -5743 -4803
-5336 -5742 -4814
-5336 -5660 -5035
-5336 -5597 -5134
-5336 -5591 -5147
-5336 -5568 -5173
-5336 -5528 -5228
-5336 -5524 -5246
-5336 -5487 -5290
-5336 -5403 -5375
-5336 -5390 -5382
-5336 -5387 -5385
-5336 -5367 -5403
-5336 -5327 -5436
-5336 -5222 -5516
-5336 -5207 -5526
-5336 -5128 -5572
-5336 -4948 -5648
-5336 -4888 -5660
-5336 -4795 -5685
-5336 -4650 -5716
-5336 -4637 -5718
-5335 -5787 -4589
-5335 -5768 -4679
-5335 -5767 -4715
-5335 -5753 -4802
-5335 -5711 -4911
-5335 -5540 -5212
-5335 -5537 -5218
-5335 -5467 -5313
-5335 -5444 -5329
-5335 -5413 -5358
-5335 -5398 -5376
-5335 -5363 -5413
-5335 -5328 -5436
-5335 -5298 -5471
-5335 -5279 -5475
-5335 -5182 -5539
-5335 -5097 -5584
-5335 -5091 -5589
-5335 -5021 -5623
-5335 -4795 -5686
-5335 -4791 -5687
-5335 -4779 -5701
-5334 -5790 -4518
-5334 -5778 -4652
-5334 -5707 -4921
-5334 -5680 -4997
-5334 -5594 -5146
-5334 -5479 -5291
-5334 -5473 -5299
-5334 -5427 -5346
-5334 -5342 -5423
-5334 -5327 -5441
-5334 -5197 -5536
-5334 -5045 -5613
-5334 -4990 -5628
-5334 -4788 -5696
-5334 -4657 -5716
-5334 -4624 -5723
-5334 -4478 -5739
-5334 -4473 -5742
-5333 -5791 -4512
-5333 -5768 -4738
-5333 -5744 -4832
-5333 -5557 -5187
-5333 -5527 -5233
-5333 -5496 -5267
-5333 -5444 -5331
-5333 -5429 -5346
-5333 -5412 -5369
-5333 -5396 -5379
-5333 -5287 -5479
-5333 -5263 -5490
-5333 -5225 -5513
-5333 -5183 -5541
-5333 -5174 -5552
-5333 -5117 -5574
-5333 -5077 -5594
-5333 -4976 -5635
-5333 -4832 -5679
-5333 -4799 -5685
-5333 -4664 -5716
-5333 -4625 -5722
-5332 -5775 -4675
-5332 -5770 -4682
-5332 -5769 -4698
-5332 -5755 -4769
-5332 -5720 -4884
-5332 -5687 -4965
-5332 -5666 -5006
-5332 -5607 -5115
-5332 -5553 -5203
-5332 -5550 -5208
-5332 -5542 -5212
-5332 -5531 -5229
-5332 -5470 -5300
-5332 -5443 -5337
-5332 -5433 -5346
-5332 -5389 -5384
-5332 -5382 -5391
-5332 -5308 -5456
-5332 -5270 -5492
-5332 -5098 -5583
-5332 -5073 -5598
-5332 -5011 -5624
-5332 -4985 -5631
-5332 -4931 -5650
-5332 -4816 -5683
-5332 -4795 -5688
-5332 -4714 -5709
-5331 -5792 -4538
-5331 -5784 -4612
-5331 -5732 -4854
-5331 -5669 -5006
-5331 -5606 -5122
-5331 -5592 -5148
-5331 -5569 -5174
-5331 -5539 -5221
-5331 -5487 -5294
-5331 -5447 -5327
-5331 -5332 -5435
-5331 -5306 -5473
-5331 -5290 -5484
-5331 -5227 -5510
-5331 -5226 -5512
-5331 -5113 -5578
-5331 -5046 -5608
-5331 -4979 -5636
-5331 -4969 -5639
-5331 -4885 -5664
-5331 -4723 -5704
-5331 -4547 -5732
-5331 -4460 -5745
-5330 -5805 -4402
-5330 -5797 -4541
-5330 -5770 -4688
-5330 -5746 -4815
-5330 -5720 -4891
-5330 -5700 -4939
-5330 -5636 -5058
-5330 -5617 -5108
-5330 -5571 -5166
-5330 -5559 -5196
-5330 -5375 -5394
-5330 -5325 -5444
-5330 -5311 -5452
-5330 -5308 -5458
-5330 -5227 -5513
-5330 -5030 -5617
-5330 -4921 -5651
-5330 -4900 -5662
-5330 -4790 -5690
-5330 -4667 -5716
-5330 -4554 -5740
-5330 -4489 -5741
-5329 -5791 -4556
-5329 -5756 -4770
-5329 -5696 -4943
-5329 -5689 -4968
-5329 -5670 -5018
-5329 -5638 -5053
-5329 -5637 -5060
-5329 -5636 -5062
-5329 -5612 -5114
-5329 -5603 -5126
-5329 -5577 -5166
-5329 -5562 -5188
-5329 -5542 -5217
-5329 -5509 -5267
-5329 -5492 -5283
-5329 -5432 -5362
-5329 -5361 -5420
-5329 -5214 -5518
-5329 -5211 -5525
-5329 -5103 -5581
-5329 -4993 -5634
-5329 -4972 -5640
-5329 -4933 -5652
-5329 -4799 -5686
-5329 -4646 -5718
-5329 -4563 -5735
-5329 -4466 -5745
-5328 -5802 -4562
-5328 -5779 -4647
-5328 -5778 -4656
-5328 -5776 -4661
-5328 -5750 -4804
-5328 -5736 -4833
-5328 -5643 -5047
-5328 -5639 -5069
-5328 -5628 -5078
-5328 -5585 -5149
-5328 -5574 -5171
-5328 -5518 -5253
-5328 -5441 -5348
-5328 -5435 -5350
-5328 -5372 -5403
-5328 -5344 -5427
-5328 -5220 -5521
-5328 -5093 -5592
-5328 -4999 -5631
-5328 -4954 -5645
-5328 -4921 -5656
-5328 -4720 -5706
-5328 -4672 -5714
-5328 -4650 -5717
-5328 -4629 -5719
-5328 -4495 -5742
-5327 -5784 -4614
-5327 -5772 -4681
-5327 -5754 -4778
-5327 -5725 -4877
-5327 -5676 -4998
-5327 -5661 -5020
-5327 -5649 -5042
-5327 -5647 -5049
-5327 -5642 -5053
-5327 -5626 -5093
-5327 -5589 -5149
-5327 -5444 -5337
-5327 -5375 -5400
-5327 -5340 -5442
-5327 -5223 -5514
-5327 -5217 -5526
-5327 -5115 -5578
-5327 -5107 -5586
-5327 -4920 -5657
-5327 -4655 -5718
-5327 -4645 -5724
-5326 -5785 -4600
-5326 -5779 -4679
-5326 -5771 -4692
-5326 -5759 -4763
-5326 -5613 -5119
-5326 -5588 -5154
-5326 -5582 -5158
-5326 -5581 -5159
-5326 -5566 -5196
-5326 -5373 -5402
-5326 -5311 -5456
-5326 -5239 -5508
-5326 -5220 -5528
-5326 -5189 -5539
-5326 -5147 -5572
-5326 -5116 -5583
-5326 -5107 -5590
-5326 -5086 -5593
-5326 -4740 -5704
-5326 -4654 -5719
-5326 -4497 -5742
-5325 -5786 -4609
-5325 -5779 -4680
-5325 -5774 -4682
-5325 -5755 -4774
-5325 -5738 -4851
-5325 -5708 -4938
-5325 -5696 -4946
-5325 -5671 -5000
-5325 -5649 -5043
-5325 -5629 -5084
-5325 -5619 -5106
-5325 -5571 -5179
-5325 -5569 -5184
-5325 -5449 -5329
-5325 -5373 -5408
-5325 -5229 -5510
-5325 -5161 -5557
-5325 -5118 -5574
-5325 -5086 -5597
-5325 -5005 -5629
-5325 -4966 -5642
-5325 -4908 -5661
-5325 -4844 -5675
-5325 -4800 -5685
-5325 -4623 -5728
-5324 -5806 -4361
-5324 -5786 -4623
-5324 -5774 -4699
-5324 -5763 -4754
-5324 -5740 -4837
-5324 -5715 -4892
-5324 -5694 -4948
-5324 -5605 -5129
-5324 -5473 -5300
-5324 -5470 -5310
-5324 -5327 -5446
-5324 -5226 -5519
-5324 -5118 -5578
-5324 -4984 -5636
-5324 -4975 -5637
-5324 -4889 -5664
-5324 -4808 -5685
-5324 -4679 -5715
-5324 -4670 -5718
-5323 -5773 -4710
-5323 -5711 -4912
-5323 -5652 -5039
-5323 -5649 -5046
-5323 -5579 -5160
-5323 -5519 -5253
-5323 -5504 -5274
-5323 -5458 -5321
-5323 -5262 -5497
-5323 -5178 -5550
-5323 -5047 -5608
-5323 -4999 -5632
-5323 -4953 -5646
-5323 -4893 -5664
-5323 -4856 -5678
-5323 -4830 -5681
-5323 -4796 -5690
-5323 -4792 -5691
-5323 -4630 -5728
-5322 -5790 -4571
-5322 -5788 -4627
-5322 -5772 -4713
-5322 -5739 -4842
-5322 -5735 -4854
-5322 -5714 -4910
-5322 -5672 -5005
-5322 -5625 -5102
-5322 -5591 -5155
-5322 -5575 -5168
-5322 -5476 -5299
-5322 -5475 -5300
-5322 -5376 -5400
-5322 -5318 -5454
-5322 -5308 -5459
-5322 -5181 -5544
-5322 -5090 -5593
-5322 -5047 -5610
-5322 -5035 -5619
-5322 -4969 -5643
-5322 -4814 -5684
-5322 -4648 -5728
-5322 -4602 -5730
-5321 -5806 -4440
-5321 -5794 -4576
-5321 -5768 -4743
-5321 -5731 -4874
-5321 -5724 -4878
-5321 -5643 -5065
-5321 -5579 -5164
-5321 -5516 -5254
-5321 -5397 -5377
-5321 -5372 -5410
-5321 -5234 -5511
-5321 -5198 -5540
-5321 -5056 -5607
-5321 -5040 -5622
-5321 -4934 -5650
-5321 -4925 -5653
-5321 -4834 -5679
-5321 -4810 -5686
-5321 -4789 -5695
-5321 -4671 -5720
-5321 -4593 -5732
-5320 -5808 -4384
-5320 -5783 -4649
-5320 -5712 -4915
-5320 -5705 -4956
-5320 -5654 -5036
-5320 -5628 -5098
-5320 -5575 -5171
-5320 -5561 -5197
-5320 -5545 -5215
-5320 -5528 -5232
-5320 -5513 -5259
-5320 -5493 -5281
-5320 -5473 -5307
-5320 -5398 -5380
-5320 -5384 -5388
-5320 -5379 -5396
-5320 -5352 -5427
-5320 -5292 -5474
-5320 -5287 -5487
-5320 -5195 -5541
-5320 -5094 -5592
-5320 -5006 -5625
-5320 -4966 -5644
-5320 -4939 -5655
-5320 -4891 -5665
-5320 -4869 -5675
-5320 -4834 -5683
-5320 -4825 -5685
-5320 -4800 -5687
-5320 -4797 -5690
-5320 -4680 -5715
-5320 -4603 -5730
-5320 -4597 -5732
-5319 -5789 -4602
-5319 -5768 -4746
-5319 -5760 -4772
-5319 -5744 -4840
-5319 -5737 -4855
-5319 -5726 -4890
-5319 -5654 -5042
-5319 -5618 -5108
-5319 -5534 -5226
-5319 -5530 -5230
-5319 -5419 -5364
-5319 -5397 -5389
-5319 -5240 -5508
-5319 -5121 -5576
-5319 -5119 -5577
-5319 -5076 -5605
-5319 -4979 -5637
-5319 -4945 -5651
-5319 -4891 -5666
-5319 -4812 -5687
-5319 -4677 -5724
-5318 -5790 -4601
-5318 -5755 -4777
-5318 -5749 -4824
-5318 -5732 -4877
-5318 -5725 -4918
-5318 -5691 -4963
-5318 -5682 -4987
-5318 -5598 -5138
-5318 -5581 -5163
-5318 -5547 -5216
-5318 -5542 -5219
-5318 -5531 -5237
-5318 -5525 -5239
-5318 -5521 -5252
-5318 -5505 -5268
-5318 -5478 -5316
-5318 -5404 -5376
-5318 -5242 -5509
-5318 -5185 -5548
-5318 -5124 -5575
-5318 -5098 -5591
-5318 -5082 -5606
-5318 -4975 -5639
-5318 -4836 -5679
-5318 -4814 -5695
-5318 -4748 -5703
-5318 -4733 -5708
-5318 -4595 -5733
-5317 -5755 -4781
-5317 -5688 -4974
-5317 -5597 -5147
-5317 -5554 -5203
-5317 -5553 -5204
-5317 -5551 -5209
-5317 -5487 -5302
-5317 -5481 -5304
-5317 -5380 -5392
-5317 -5377 -5403
-5317 -5342 -5430
-5317 -5320 -5453
-5317 -5231 -5513
-5317 -5226 -5520
-5317 -5114 -5587
-5317 -5093 -5596
-5317 -5010 -5626
-5317 -4980 -5645
-5317 -4948 -5649
-5317 -4887 -5670
-5317 -4850 -5682
-5317 -4768 -5704
-5317 -4712 -5710
-5317 -4704 -5714
-5316 -5789 -4604
-5316 -5776 -4685
-5316 -5762 -4790
-5316 -5652 -5051
-5316 -5631 -5082
-5316 -5604 -5130
-5316 -5584 -5159
-5316 -5558 -5198
-5316 -5553 -5212
-5316 -5550 -5221
-5316 -5540 -5228
-5316 -5510 -5260
-5316 -5406 -5374
-5316 -5386 -5396
-5316 -5344 -5440
-5316 -5262 -5498
-5316 -5235 -5526
-5316 -5215 -5533
-5316 -4949 -5648
-5316 -4816 -5686
-5316 -4778 -5702
-5316 -4718 -5714
-5316 -4683 -5715
-5315 -5773 -4727
-5315 -5582 -5168
-5315 -5577 -5174
-5315 -5557 -5203
-5315 -5387 -5393
-5315 -5346 -5440
-5315 -5237 -5511
-5315 -4928 -5662
-5315 -4902 -5666
-5315 -4574 -5735
-5315 -4485 -5744
-5314 -5791 -4593
-5314 -5655 -5056
-5314 -5636 -5074
-5314 -5585 -5158
-5314 -5538 -5233
-5314 -5453 -5328
-5314 -5354 -5422
-5314 -5272 -5489
-5314 -5251 -5507
-5314 -5167 -5556
-5314 -5127 -5573
-5314 -5097 -5596
-5314 -5012 -5627
-5314 -4942 -5652
-5314 -4891 -5668
-5313 -5808 -4414
-5313 -5764 -4773
-5313 -5733 -4860
-5313 -5693 -4959
-5313 -5676 -5006
-5313 -5647 -5057
-5313 -5603 -5132
-5313 -5574 -5178
-5313 -5444 -5345
-5313 -5418 -5371
-5313 -5381 -5399
-5313 -5326 -5454
-5313 -5163 -5562
-5313 -5058 -5607
-5313 -5042 -5614
-5313 -4951 -5648
-5313 -4948 -5653
-5313 -4720 -5709
-5313 -4535 -5744
-5312 -5775 -4687
-5312 -5684 -4990
-5312 -5664 -5019
-5312 -5615 -5121
-5312 -5599 -5134
-5312 -5597 -5151
-5312 -5550 -5228
-5312 -5445 -5337
-5312 -5347 -5433
-5312 -5311 -5464
-5312 -5276 -5494
-5312 -5190 -5544
-5312 -5175 -5551
-5312 -5152 -5567
-5312 -5042 -5618
-5312 -5016 -5632
-5312 -4941 -5660
-5312 -4897 -5669
-5312 -4819 -5690
-5312 -4737 -5714
-5312 -4691 -5716
-5312 -4590 -5735
-5311 -5738 -4859
-5311 -5729 -4879
-5311 -5711 -4920
-5311 -5708 -4946
-5311 -5694 -4958
-5311 -5677 -5001
-5311 -5672 -5012
-5311 -5560 -5204
-5311 -5556 -5208
-5311 -5522 -5253
-5311 -5488 -5284
-5311 -5464 -5318
-5311 -5373 -5416
-5311 -5238 -5510
-5311 -5190 -5548
-5311 -5159 -5563
-5311 -5128 -5574
-5311 -5053 -5608
-5311 -4896 -5670
-5311 -4834 -5685
-5311 -4746 -5709
-5311 -4705 -5715
-5310 -5792 -4621
-5310 -5786 -4631
-5310 -5774 -4707
-5310 -5684 -4991
-5310 -5658 -5040
-5310 -5570 -5181
-5310 -5555 -5217
-5310 -5499 -5275
-5310 -5380 -5409
-5310 -5327 -5454
-5310 -5241 -5514
-5310 -5179 -5553
-5310 -5049 -5610
-5310 -5048 -5612
-5310 -4858 -5678
-5310 -4689 -5717
-5310 -4610 -5733
-5310 -4497 -5745
-5309 -5806 -4442
-5309 -5795 -4569
-5309 -5794 -4600
-5309 -5788 -4635
-5309 -5785 -4648
-5309 -5739 -4854
-5309 -5697 -4963
-5309 -5637 -5073
-5309 -5632 -5083
-5309 -5617 -5118
-5309 -5559 -5213
-5309 -5519 -5261
-5309 -5498 -5284
-5309 -5482 -5308
-5309 -5454 -5328
-5309 -5367 -5422
-5309 -5200 -5537
-5309 -5064 -5610
-5309 -5019 -5624
-5309 -4875 -5677
-5309 -4840 -5689
-5309 -4778 -5704
-5309 -4649 -5727
-5309 -4615 -5729
-5309 -4560 -5738
-5309 -4438 -5747
-5308 -5805 -4519
-5308 -5795 -4581
-5308 -5793 -4602
-5308 -5780 -4661
-5308 -5751 -4824
-5308 -5747 -4829
-5308 -5726 -4896
-5308 -5692 -4964
-5308 -5673 -5008
-5308 -5632 -5087
-5308 -5607 -5139
-5308 -5587 -5157
-5308 -5582 -5174
-5308 -5571 -5182
-5308 -5525 -5240
-5308 -5505 -5269
-5308 -5499 -5279
-5308 -5465 -5318
-5308 -5427 -5363
-5308 -5404 -5379
-5308 -5399 -5382
-5308 -5382 -5401
-5308 -5327 -5458
-5308 -5243 -5518
-5308 -5137 -5577
-5308 -5044 -5616
-5308 -4999 -5634
-5308 -4985 -5638
-5308 -4849 -5684
-5308 -4787 -5699
-5308 -4651 -5725
-5308 -4575 -5739
-5307 -5807 -4463
-5307 -5796 -4565
-5307 -5768 -4751
-5307 -5765 -4752
-5307 -5726 -4897
-5307 -5694 -4967
-5307 -5660 -5050
-5307 -5640 -5078
-5307 -5632 -5089
-5307 -5625 -5114
-5307 -5586 -5159
-5307 -5567 -5187
-5307 -5511 -5268
-5307 -5459 -5320
-5307 -5450 -5330
-5307 -5372 -5418
-5307 -5257 -5505
-5307 -5227 -5531
-5307 -4895 -5675
-5307 -4773 -5705
-5307 -4613 -5734
-5307 -4496 -5747
-5306 -5795 -4597
-5306 -5788 -4644
-5306 -5787 -4666
-5306 -5780 -4672
-5306 -5746 -4858
-5306 -5717 -4926
-5306 -5670 -5023
-5306 -5646 -5058
-5306 -5633 -5082
-5306 -5523 -5252
-5306 -5454 -5329
-5306 -5451 -5333
-5306 -5447 -5334
-5306 -5410 -5386
-5306 -5351 -5428
-5306 -5207 -5534
-5306 -5199 -5539
-5306 -5165 -5557
-5306 -5138 -5579
-5306 -5046 -5614
-5306 -5005 -5636
-5306 -4622 -5729
-5306 -4616 -5731
-5305 -5807 -4537
-5305 -5789 -4628
-5305 -5782 -4679
-5305 -5775 -4706
-5305 -5769 -4734
-5305 -5726 -4898
-5305 -5678 -5002
-5305 -5645 -5067
-5305 -5631 -5094
-5305 -5587 -5159
-5305 -5573 -5179
-5305 -5522 -5261
-5305 -5447 -5335
-5305 -5419 -5372
-5305 -5413 -5374
-5305 -5375 -5423
-5305 -5348 -5429
-5305 -5334 -5446
-5305 -5285 -5488
-5305 -4903 -5663
-5305 -4696 -5723
-5305 -4619 -5731
-5305 -4504 -5746
-5305 -4445 -5748
-5304 -5809 -4481
-5304 -5789 -4632
-5304 -5764 -4774
-5304 -5761 -4794
-5304 -5692 -4969
-5304 -5682 -4995
-5304 -5644 -5068
-5304 -5528 -5241
-5304 -5525 -5242
-5304 -5512 -5265
-5304 -5505 -5276
-5304 -5488 -5285
-5304 -5456 -5326
-5304 -5392 -5394
-5304 -5348 -5433
-5304 -5043 -5618
-5304 -4915 -5663
-5304 -4794 -5704
-5304 -4734 -5716
-5304 -4637 -5731
-5303 -5812 -4431
-5303 -5797 -4615
-5303 -5782 -4690
-5303 -5781 -4701
-5303 -5672 -5024
-5303 -5663 -5034
-5303 -5634 -5090
-5303 -5609 -5141
-5303 -5585 -5166
-5303 -5564 -5198
-5303 -5514 -5262
-5303 -5499 -5282
-5303 -5493 -5292
-5303 -5422 -5377
-5303 -5231 -5527
-5303 -5214 -5534
-5303 -5112 -5589
-5303 -5029 -5625
-5303 -4988 -5638
-5303 -4957 -5648
-5303 -4906 -5669
-5303 -4851 -5681
-5303 -4803 -5699
-5303 -4743 -5711
-5303 -4660 -5728
-5302 -5770 -4753
-5302 -5740 -4862
-5302 -5702 -4957
-5302 -5575 -5188
-5302 -5531 -5246
-5302 -5443 -5350
-5302 -5347 -5444
-5302 -5307 -5468
-5302 -5262 -5508
-5302 -5117 -5580
-5302 -5053 -5611
-5302 -5015 -5633
-5302 -4959 -5646
-5302 -4797 -5701
-5302 -4750 -5706
-5302 -4529 -5746
-5301 -5782 -4724
-5301 -5759 -4807
-5301 -5695 -4974
-5301 -5584 -5170
-5301 -5566 -5200
-5301 -5468 -5317
-5301 -5448 -5334
-5301 -5446 -5338
-5301 -5352 -5432
-5301 -5313 -5461
-5301 -5294 -5478
-5301 -5171 -5558
-5301 -5164 -5560
-5301 -5147 -5573
-5301 -5087 -5599
-5301 -5066 -5610
-5301 -5047 -5614
-5301 -5026 -5627
-5300 -5808 -4488
-5300 -5804 -4548
-5300 -5784 -4668
-5300 -5783 -4684
-5300 -5771 -4743
-5300 -5765 -4775
-5300 -5753 -4810
-5300 -5747 -4837
-5300 -5739 -4865
-5300 -5735 -4878
-5300 -5688 -4977
-5300 -5594 -5154
-5300 -5591 -5159
-5300 -5534 -5238
-5300 -5525 -5257
-5300 -5394 -5398
-5300 -5354 -5430
-5300 -5353 -5432
-5300 -5268 -5496
-5300 -5186 -5555
-5300 -5120 -5581
-5300 -5118 -5582
-5300 -5102 -5597
-5300 -5061 -5611
-5300 -4584 -5736
-5300 -4583 -5737
-5300 -4536 -5743
-5299 -5810 -4467
-5299 -5758 -4812
-5299 -5741 -4865
-5299 -5720 -4932
-5299 -5691 -4975
-5299 -5610 -5125
-5299 -5591 -5167
-5299 -5571 -5189
-5299 -5524 -5266
-5299 -5468 -5324
-5299 -5445 -5339
-5299 -5425 -5366
-5299 -5317 -5461
-5299 -5308 -5468
-5299 -5266 -5498
-5299 -5163 -5570
-5299 -5147 -5585
-5299 -4983 -5642
-5299 -4969 -5648
-5299 -4957 -5650
-5299 -4909 -5665
-5299 -4886 -5676
-5299 -4569 -5743
-5298 -5816 -4304
-5298 -5791 -4627
-5298 -5784 -4674
-5298 -5671 -5033
-5298 -5660 -5052
-5298 -5597 -5159
-5298 -5586 -5168
-5298 -5572 -5189
-5298 -5544 -5238
-5298 -5528 -5262
-5298 -5500 -5282
-5298 -5487 -5307
-5298 -5467 -5333
-5298 -5436 -5352
-5298 -5396 -5391
-5298 -5387 -5402
-5298 -5247 -5514
-5298 -5209 -5540
-5298 -5179 -5566
-5298 -5152 -5575
-5298 -5046 -5615
-5298 -5045 -5624
-5298 -4950 -5652
-5298 -4910 -5664
-5298 -4860 -5679
-5298 -4744 -5713
-5298 -4664 -5725
-5298 -4578 -5738
-5298 -4481 -5748
-5298 -4476 -5751
-5297 -5798 -4592
-5297 -5770 -4756
-5297 -5764 -4800
-5297 -5711 -4937
-5297 -5692 -4978
-5297 -5690 -4980
-5297 -5689 -4982
-5297 -5676 -5007
-5297 -5643 -5081
-5297 -5598 -5146
-5297 -5576 -5188
-5297 -5551 -5223
-5297 -5531 -5250
-5297 -5447 -5337
-5297 -5301 -5479
-5297 -5195 -5543
-5297 -5193 -5544
-5297 -5014 -5634
-5297 -4989 -5637
-5297 -4954 -5652
-5297 -4917 -5665
-5297 -4753 -5708
-5297 -4624 -5733
-5297 -4595 -5737
-5297 -4512 -5750
-5296 -5802 -4563
-5296 -5793 -4633
-5296 -5791 -4641
-5296 -5767 -4764
-5296 -5696 -4991
-5296 -5680 -5014
-5296 -5661 -5064
-5296 -5629 -5099
-5296 -5615 -5122
-5296 -5594 -5163
-5296 -5087 -5601
-5296 -5063 -5612
-5296 -4993 -5641
-5296 -4857 -5683
-5296 -4785 -5705
-5296 -4641 -5731
-5296 -4605 -5737
-5295 -5793 -4645
-5295 -5634 -5093
-5295 -5611 -5123
-5295 -5500 -5283
-5295 -5497 -5286
-5295 -5476 -5318
-5295 -5456 -5340
-5295 -5399 -5401
-5295 -5199 -5541
-5295 -5057 -5613
-5295 -5051 -5617
-5295 -5031 -5626
-5295 -4862 -5678
-5295 -4836 -5690
-5295 -4771 -5707
-5295 -4481 -5751
-5294 -5813 -4374
-5294 -5808 -4569
-5294 -5790 -4660
-5294 -5652 -5066
-5294 -5644 -5069
-5294 -5607 -5147
-5294 -5560 -5208
-5294 -5436 -5354
-5294 -5377 -5416
-5294 -5328 -5466
-5294 -5277 -5490
-5294 -5196 -5542
-5294 -5123 -5586
-5294 -5107 -5593
-5294 -5067 -5613
-5294 -4930 -5663
-5294 -4815 -5692
-5294 -4753 -5710
-5294 -4726 -5717
-5294 -4636 -5733
-5293 -5815 -4353
-5293 -5810 -4513
-5293 -5804 -4581
-5293 -5788 -4668
-5293 -5730 -4886
-5293 -5700 -4961
-5293 -5662 -5039
-5293 -5644 -5082
-5293 -5639 -5086
-5293 -5569 -5191
-5293 -5506 -5272
-5293 -5494 -5291
-5293 -5488 -5293
-5293 -5457 -5334
-5293 -5450 -5347
-5293 -5356 -5425
-5293 -5266 -5502
-5293 -5254 -5513
-5293 -5200 -5543
-5293 -5107 -5597
-5293 -5006 -5639
-5293 -4845 -5686
-5293 -4816 -5691
-5293 -4654 -5733
-5292 -5814 -4409
-5292 -5793 -4654
-5292 -5788 -4685
-5292 -5730 -4890
-5292 -5717 -4934
-5292 -5615 -5126
-5292 -5610 -5152
-5292 -5539 -5246
-5292 -5533 -5247
-5292 -5468 -5331
-5292 -5313 -5475
-5292 -5302 -5479
-5292 -5291 -5483
-5292 -5108 -5595
-5292 -4961 -5649
-5292 -4875 -5683
-5292 -4811 -5696
-5292 -4701 -5719
-5292 -4667 -5728
-5292 -4483 -5755
-5291 -5787 -4696
-5291 -5729 -4895
-5291 -5705 -4971
-5291 -5611 -5138
-5291 -5577 -5183
-5291 -5571 -5191
-5291 -5405 -5392
-5291 -5354 -5437
-5291 -5294 -5485
-5291 -5243 -5522
-5291 -5115 -5588
-5291 -5108 -5599
-5291 -5017 -5629
-5291 -5009 -5637
-5291 -4877 -5677
-5291 -4844 -5694
-5291 -4784 -5706
-5291 -4735 -5715
-5291 -4701 -5723
-5291 -4676 -5727
-5291 -4593 -5740
-5291 -4587 -5741
-5290 -5818 -4437
-5290 -5802 -4613
-5290 -5761 -4802
-5290 -5753 -4828
-5290 -5737 -4870
-5290 -5685 -4992
-5290 -5509 -5269
-5290 -5357 -5430
-5290 -4966 -5652
-5290 -4917 -5669
-5290 -4804 -5698
-5290 -4710 -5718
-5290 -4617 -5735
-5289 -5812 -4489
-5289 -5797 -4623
-5289 -5745 -4860
-5289 -5735 -4884
-5289 -5726 -4900
-5289 -5676 -5015
-5289 -5632 -5097
-5289 -5630 -5104
-5289 -5626 -5109
-5289 -5563 -5209
-5289 -5548 -5230
-5289 -5502 -5277
-5289 -5440 -5352
-5289 -5437 -5354
-5289 -5340 -5447
-5289 -5150 -5579
-5289 -4954 -5658
-5289 -4884 -5678
-5289 -4681 -5724
-5289 -4679 -5727
-5289 -4530 -5745
-5289 -4517 -5749
-5288 -5790 -4677
-5288 -5775 -4734
-5288 -5770 -4761
-5288 -5727 -4916
-5288 -5669 -5038
-5288 -5616 -5122
-5288 -5571 -5192
-5288 -5560 -5216
-5288 -5491 -5293
-5288 -5488 -5297
-5288 -5444 -5348
-5288 -5425 -5374
-5288 -5283 -5496
-5288 -5246 -5519
-5288 -5116 -5588
-5288 -5115 -5592
-5288 -4831 -5697
-5288 -4692 -5727
-5288 -4548 -5745
-5288 -4499 -5754
-5287 -5822 -4273
-5287 -5796 -4627
-5287 -5782 -4732
-5287 -5774 -4740
-5287 -5765 -4776
-5287 -5759 -4815
-5287 -5755 -4846
-5287 -5662 -5041
-5287 -5633 -5109
-5287 -5582 -5177
-5287 -5566 -5208
-5287 -5513 -5287
-5287 -5491 -5296
-5287 -5433 -5356
-5287 -5358 -5433
-5287 -5249 -5521
-5287 -5113 -5594
-5287 -5097 -5609
-5287 -4990 -5642
-5287 -4829 -5698
-5287 -4769 -5710
-5287 -4748 -5712
-5287 -4711 -5718
-5287 -4609 -5739
-5287 -4575 -5742
-5287 -4409 -5761
-5286 -5763 -4810
-5286 -5747 -4878
-5286 -5735 -4886
-5286 -5734 -4888
-5286 -5673 -5016
-5286 -5645 -5075
-5286 -5519 -5267
-5286 -5416 -5386
-5286 -5288 -5488
-5286 -5196 -5544
-5286 -5129 -5590
-5286 -5049 -5621
-5286 -4995 -5648
-5286 -4958 -5657
-5286 -4902 -5673
-5286 -4865 -5685
-5286 -4864 -5687
-5286 -4798 -5702
-5286 -4783 -5707
-5286 -4771 -5708
-5286 -4723 -5719
-5286 -4540 -5746
-5286 -4523 -5748
-5285 -5773 -4744
-5285 -5764 -4805
-5285 -5723 -4923
-5285 -5681 -4998
-5285 -5665 -5040
-5285 -5662 -5043
-5285 -5630 -5113
-5285 -5584 -5171
-5285 -5382 -5403
-5285 -5270 -5497
-5285 -5130 -5586
-5285 -4959 -5654
-5285 -4957 -5658
-5285 -4900 -5674
-5285 -4733 -5717
-5285 -4727 -5719
-5285 -4595 -5740
-5284 -5810 -4571
-5284 -5682 -5004
-5284 -5679 -5020
-5284 -5625 -5119
-5284 -5591 -5172
-5284 -5581 -5179
-5284 -5534 -5249
-5284 -5522 -5272
-5284 -5500 -5290
-5284 -5445 -5355
-5284 -5207 -5545
-5284 -5192 -5548
-5284 -4943 -5665
-5284 -4763 -5712
-5284 -4623 -5737
-5283 -5815 -4511
-5283 -5800 -4627
-5283 -5779 -4741
-5283 -5772 -4765
-5283 -5765 -4828
-5283 -5711 -4945
-5283 -5598 -5154
-5283 -5576 -5196
-5283 -5531 -5258
-5283 -5433 -5358
-5283 -5385 -5408
-5283 -5336 -5458
-5283 -5267 -5501
-5283 -5080 -5612
-5283 -5055 -5616
-5283 -4906 -5671
-5283 -4556 -5744
-5283 -4549 -5749
-5282 -5818 -4454
-5282 -5812 -4556
-5282 -5794 -4647
-5282 -5767 -4772
-5282 -5716 -4954
-5282 -5699 -4982
-5282 -5638 -5087
-5282 -5628 -5115
-5282 -5613 -5131
-5282 -5584 -5184
-5282 -5545 -5232
-5282 -5361 -5425
-5282 -5359 -5428
-5282 -5353 -5447
-5282 -5210 -5536
-5282 -5057 -5617
-5282 -5034 -5625
-5282 -4963 -5656
-5282 -4656 -5729
-5282 -4643 -5736
-5282 -4619 -5738
-5282 -4597 -5741
-5282 -4562 -5744
-5282 -4434 -5757
-5281 -5771 -4770
-5281 -5748 -4853
-5281 -5688 -5002
-5281 -5618 -5125
-5281 -5595 -5163
-5281 -5579 -5201
-5281 -5393 -5411
-5281 -5365 -5425
-5281 -5270 -5499
-5281 -5185 -5560
-5281 -5057 -5621
-5281 -4956 -5663
-5281 -4912 -5672
-5281 -4896 -5675
-5281 -4803 -5700
-5281 -4790 -5706
-5281 -4754 -5714
-5281 -4660 -5729
-5281 -4615 -5741
-5281 -4588 -5743
-5281 -4545 -5750
-5280 -5817 -4461
-5280 -5808 -4577
-5280 -5802 -4645
-5280 -5729 -4902
-5280 -5684 -5005
-5280 -5636 -5098
-5280 -5598 -5155
-5280 -5591 -5179
-5280 -5582 -5189
-5280 -5514 -5274
-5280 -5499 -5292
-5280 -5451 -5346
-5280 -5437 -5368
-5280 -5408 -5387
-5280 -5386 -5413
-5280 -5365 -5430
-5280 -5337 -5463
-5280 -5272 -5497
-5280 -5260 -5513
-5280 -5168 -5569
-5280 -5066 -5624
-5280 -5034 -5627
-5280 -5022 -5629
-5280 -4911 -5673
-5280 -4816 -5699
-5280 -4764 -5711
-5280 -4683 -5728
-5280 -4655 -5732
-5280 -4461 -5762
-5279 -5804 -4589
-5279 -5789 -4690
-5279 -5784 -4697
-5279 -5766 -4779
-5279 -5597 -5164
-5279 -5554 -5220
-5279 -5488 -5301
-5279 -5457 -5342
-5279 -5325 -5468
-5279 -5303 -5478
-5279 -5295 -5486
-5279 -5271 -5502
-5279 -5266 -5510
-5279 -5214 -5541
-5279 -5037 -5626
-5279 -4923 -5666
-5279 -4917 -5670
-5279 -4820 -5699
-5279 -4717 -5722
-5279 -4565 -5748
-5279 -4474 -5757
-5278 -5818 -4458
-5278 -5793 -4662
-5278 -5788 -4693
-5278 -5774 -4743
-5278 -5773 -4788
-5278 -5749 -4864
-5278 -5697 -4987
-5278 -5652 -5068
-5278 -5648 -5073
-5278 -5599 -5153
-5278 -5594 -5184
-5278 -5553 -5229
-5278 -5532 -5258
-5278 -5517 -5279
-5278 -5483 -5308
-5278 -5402 -5393
-5278 -5302 -5487
-5278 -5275 -5502
-5278 -5248 -5523
-5278 -5242 -5524
-5278 -5037 -5630
-5278 -4855 -5692
-5278 -4795 -5704
-5278 -4774 -5708
-5278 -4756 -5716
-5278 -4702 -5729
-5278 -4604 -5742
-5278 -4502 -5754
-5277 -5816 -4501
-5277 -5784 -4725
-5277 -5776 -4752
-5277 -5733 -4890
-5277 -5732 -4893
-5277 -5731 -4903
-5277 -5540 -5241
-5277 -5490 -5302
-5277 -5358 -5434
-5277 -5294 -5493
-5277 -5221 -5537
-5277 -5205 -5552
-5277 -5128 -5591
-5277 -4965 -5653
-5277 -4865 -5689
-5277 -4805 -5701
-5277 -4781 -5708
-5277 -4765 -5711
-5277 -4720 -5722
-5277 -4714 -5726
-5276 -5819 -4360
-5276 -5655 -5073
-5276 -5614 -5137
-5276 -5602 -5158
-5276 -5446 -5348
-5276 -5407 -5389
-5276 -5357 -5438
-5276 -5160 -5572
-5276 -4936 -5668
-5276 -4888 -5682
-5276 -4743 -5721
-5276 -4661 -5730
-5276 -4532 -5752
-5275 -5823 -4408
-5275 -5776 -4761
-5275 -5775 -4771
-5275 -5752 -4855
-5275 -5725 -4923
-5275 -5681 -5029
-5275 -5647 -5074
-5275 -5563 -5217
-5275 -5486 -5312
-5275 -5462 -5340
-5275 -5445 -5357
-5275 -5362 -5435
-5275 -5117 -5592
-5275 -5003 -5640
-5275 -4881 -5687
-5275 -4794 -5706
-5275 -4669 -5733
-5274 -5819 -4421
-5274 -5817 -4557
-5274 -5798 -4647
-5274 -5689 -4997
-5274 -5641 -5083
-5274 -5615 -5138
-5274 -5547 -5238
-5274 -5507 -5291
-5274 -5471 -5319
-5274 -5449 -5353
-5274 -5420 -5382
-5274 -5410 -5394
-5274 -5283 -5504
-5274 -5114 -5593
-5274 -5072 -5614
-5274 -5042 -5625
-5274 -4972 -5651
-5274 -4776 -5711
-5274 -4649 -5734
-5274 -4518 -5753
-5274 -4501 -5755
-5273 -5829 -4384
-5273 -5821 -4523
-5273 -5803 -4614
-5273 -5789 -4692
-5273 -5662 -5049
-5273 -5600 -5160
-5273 -5560 -5221
-5273 -5555 -5224
-5273 -5367 -5424
-5273 -5342 -5449
-5273 -5303 -5483
-5273 -5150 -5580
-5273 -5109 -5595
-5273 -5102 -5600
-5273 -5045 -5625
-5273 -4978 -5652
-5273 -4970 -5653
-5273 -4833 -5697
-5273 -4628 -5738
-5273 -4576 -5744
-5273 -4550 -5751
-5272 -5823 -4467
-5272 -5790 -4679
-5272 -5775 -4780
-5272 -5766 -4792
-5272 -5728 -4914
-5272 -5714 -4959
-5272 -5664 -5044
-5272 -5645 -5083
-5272 -5567 -5208
-5272 -5548 -5235
-5272 -5211 -5553
-5272 -5180 -5567
-5272 -5074 -5616
-5272 -5016 -5634
-5272 -4965 -5655
-5272 -4921 -5672
-5272 -4902 -5674
-5272 -4766 -5716
-5272 -4654 -5737
-5272 -4638 -5740
-5271 -5811 -4601
-5271 -5796 -4676
-5271 -5782 -4734
-5271 -5778 -4742
-5271 -5685 -5003
-5271 -5683 -5015
-5271 -5671 -5036
-5271 -5665 -5056
-5271 -5636 -5107
-5271 -5626 -5117
-5271 -5621 -5128
-5271 -5617 -5135
-5271 -5566 -5217
-5271 -5553 -5233
-5271 -5535 -5247
-5271 -5500 -5295
-5271 -5478 -5321
-5271 -5382 -5415
-5271 -5305 -5476
-5271 -5030 -5636
-5271 -4837 -5695
-5271 -4693 -5731
-5271 -4671 -5732
-5270 -5813 -4575
-5270 -5784 -4739
-5270 -5778 -4754
-5270 -5754 -4848
-5270 -5737 -4894
-5270 -5719 -4941
-5270 -5689 -5002
-5270 -5648 -5088
-5270 -5485 -5318
-5270 -5439 -5365
-5270 -5428 -5371
-5270 -5250 -5516
-5270 -5215 -5558
-5270 -4847 -5693
-5270 -4837 -5699
-5270 -4820 -5700
-5270 -4811 -5701
-5270 -4658 -5738
-5270 -4575 -5751
-5270 -4516 -5754
-5269 -5779 -4749
-5269 -5736 -4904
-5269 -5709 -4960
-5269 -5691 -4998
-5269 -5660 -5067
-5269 -5629 -5122
-5269 -5560 -5228
-5269 -5554 -5230
-5269 -5537 -5248
-5269 -5383 -5417
-5269 -5367 -5427
-5269 -5348 -5454
-5269 -5229 -5529
-5269 -5216 -5539
-5269 -5166 -5570
-5269 -4897 -5678
-5269 -4838 -5698
-5269 -4833 -5701
-5269 -4778 -5710
-5269 -4656 -5740
-5269 -4584 -5746
-5268 -5798 -4664
-5268 -5792 -4682
-5268 -5785 -4729
-5268 -5753 -4851
-5268 -5684 -5006
-5268 -5668 -5041
-5268 -5638 -5095
-5268 -5523 -5269
-5268 -5431 -5376
-5268 -5247 -5524
-5268 -5118 -5593
-5268 -5078 -5613
-5268 -5006 -5640
-5268 -4998 -5645
-5268 -4984 -5651
-5268 -4972 -5653
-5268 -4901 -5679
-5268 -4889 -5680
-5268 -4804 -5707
-5268 -4699 -5730
-5268 -4661 -5735
-5268 -4616 -5743
-5267 -5793 -4677
-5267 -5787 -4703
-5267 -5780 -4772
-5267 -5772 -4798
-5267 -5756 -4866
-5267 -5735 -4907
-5267 -5694 -4996
-5267 -5649 -5084
-5267 -5563 -5233
-5267 -5542 -5247
-5267 -5522 -5278
-5267 -5471 -5323
-5267 -5446 -5355
-5267 -5306 -5486
-5267 -5155 -5576
-5267 -5114 -5600
-5267 -5082 -5614
-5267 -5038 -5626
-5267 -4800 -5710
-5267 -4625 -5742
-5267 -4590 -5744
-5267 -4542 -5752
-5266 -5732 -4911
-5266 -5711 -4978
-5266 -5685 -5019
-5266 -5653 -5074
-5266 -5641 -5100
-5266 -5569 -5213
-5266 -5533 -5252
-5266 -5529 -5261
-5266 -5437 -5376
-5266 -5387 -5418
-5266 -5386 -5421
-5266 -5337 -5471
-5266 -5275 -5507
-5266 -5155 -5580
-5266 -5022 -5637
-5266 -4822 -5703
-5266 -4595 -5746
-5266 -4579 -5752
-5266 -4527 -5753
-5266 -4522 -5756
-5266 -4432 -5765
-5265 -5794 -4700
-5265 -5778 -4786
-5265 -5755 -4869
-5265 -5688 -5008
-5265 -5617 -5137
-5265 -5583 -5186
-5265 -5568 -5222
-5265 -5453 -5343
-5265 -5403 -5397
-5265 -5078 -5615
-5265 -5040 -5629
-5265 -4906 -5674
-5265 -4905 -5682
-5265 -4858 -5690
-5265 -4845 -5694
-5265 -4752 -5719
-5265 -4584 -5747
-5264 -5824 -4473
-5264 -5818 -4558
-5264 -5805 -4627
-5264 -5774 -4816
-5264 -5683 -5024
-5264 -5650 -5078
-5264 -5642 -5089
-5264 -5535 -5254
-5264 -5532 -5266
-5264 -5511 -5289
-5264 -5491 -5311
-5264 -5354 -5442
-5264 -5237 -5531
-5264 -5221 -5546
-5264 -5175 -5570
-5264 -4938 -5668
-5264 -4851 -5693
-5264 -4780 -5712
-5264 -4722 -5725
-5264 -4721 -5728
-5264 -4632 -5742
-5264 -4615 -5744
-5264 -4583 -5753
-5264 -4537 -5755
-5263 -5825 -4498
-5263 -5807 -4631
-5263 -5793 -4722
-5263 -5687 -5037
-5263 -5668 -5045
-5263 -5620 -5144
-5263 -5595 -5179
-5263 -5584 -5187
-5263 -5549 -5238
-5263 -5543 -5241
-5263 -5475 -5322
-5263 -5469 -5324
-5263 -5466 -5336
-5263 -5456 -5348
-5263 -5412 -5387
-5263 -5394 -5410
-5263 -5363 -5437
-5263 -5358 -5442
-5263 -5268 -5512
-5263 -5252 -5527
-5263 -5099 -5604
-5263 -4945 -5666
-5263 -4793 -5711
-5263 -4730 -5723
-5263 -4596 -5746
-5263 -4514 -5760
-5262 -5827 -4442
-5262 -5739 -4887
-5262 -5671 -5045
-5262 -5492 -5305
-5262 -5366 -5433
-5262 -5355 -5443
-5262 -5284 -5497
-5262 -5240 -5536
-5262 -5183 -5561
-5262 -5126 -5592
-5262 -5055 -5627
-5262 -5010 -5638
-5262 -4932 -5671
-5262 -4865 -5691
-5262 -4716 -5730
-5262 -4538 -5755
-5262 -4498 -5764
-5261 -5818 -4567
-5261 -5727 -4924
-5261 -5637 -5106
-5261 -5601 -5159
-5261 -5544 -5239
-5261 -5537 -5250
-5261 -5500 -5302
-5261 -5316 -5478
-5261 -5162 -5579
-5261 -5131 -5590
-5261 -5088 -5610
-5261 -4890 -5686
-5261 -4823 -5703
-5261 -4725 -5725
-5261 -4688 -5732
-5261 -4612 -5749
-5260 -5827 -4448
-5260 -5691 -5007
-5260 -5671 -5050
-5260 -5659 -5068
-5260 -5632 -5112
-5260 -5580 -5197
-5260 -5531 -5270
-5260 -5503 -5292
-5260 -5440 -5363
-5260 -5423 -5382
-5260 -5414 -5392
-5260 -5367 -5434
-5260 -5130 -5591
-5260 -5031 -5631
-5260 -5024 -5640
-5260 -5000 -5647
-5260 -4925 -5675
-5260 -4906 -5676
-5260 -4867 -5689
-5260 -4844 -5695
-5260 -4773 -5713
-5260 -4749 -5720
-5260 -4691 -5732
-5260 -4544 -5756
-5259 -5821 -4531
-5259 -5819 -4544
-5259 -5795 -4677
-5259 -5782 -4758
-5259 -5721 -4936
-5259 -5668 -5054
-5259 -5643 -5098
-5259 -5603 -5154
-5259 -5599 -5170
-5259 -5494 -5303
-5259 -5454 -5367
-5259 -5309 -5480
-5259 -5003 -5641
-5259 -4974 -5655
-5259 -4899 -5683
-5259 -4894 -5686
-5259 -4778 -5715
-5259 -4695 -5732
-5259 -4675 -5738
-5259 -4523 -5764
-5258 -5775 -4788
-5258 -5761 -4833
-5258 -5728 -4922
-5258 -5703 -4983
-5258 -5696 -5008
-5258 -5598 -5171
-5258 -5596 -5176
-5258 -5583 -5202
-5258 -5538 -5248
-5258 -5506 -5297
-5258 -5422 -5387
-5258 -5183 -5563
-5258 -5165 -5582
-5258 -5100 -5602
-5258 -5009 -5644
-5258 -4987 -5652
-5258 -4837 -5700
-5258 -4780 -5713
-5258 -4732 -5724
-5258 -4684 -5733
-5258 -4657 -5739
-5258 -4546 -5756
-5257 -5815 -4575
-5257 -5811 -4609
-5257 -5810 -4613
-5257 -5603 -5158
-5257 -5584 -5188
-5257 -5540 -5249
-5257 -5535 -5255
-5257 -5500 -5303
-5257 -5470 -5326
-5257 -5400 -5398
-5257 -5393 -5417
-5257 -5349 -5448
-5257 -5144 -5589
-5257 -5116 -5594
-5257 -4967 -5659
-5257 -4870 -5690
-5257 -4846 -5694
-5257 -4736 -5724
-5257 -4693 -5733
-5257 -4672 -5742
-5257 -4623 -5743
-5257 -4564 -5756
-5256 -5832 -4396
-5256 -5799 -4653
-5256 -5785 -4749
-5256 -5740 -4881
-5256 -5652 -5083
-5256 -5603 -5160
-5256 -5601 -5165
-5256 -5488 -5313
-5256 -5478 -5322
-5256 -5461 -5342
-5256 -5424 -5385
-5256 -5315 -5484
-5256 -5184 -5563
-5256 -5116 -5595
-5256 -5068 -5619
-5256 -5028 -5637
-5256 -4946 -5666
-5256 -4858 -5694
-5256 -4846 -5698
-5256 -4798 -5712
-5256 -4681 -5737
-5256 -4619 -5745
-5256 -4598 -5754
-5255 -5741 -4884
-5255 -5664 -5061
-5255 -5644 -5099
-5255 -5639 -5103
-5255 -5622 -5123
-5255 -5607 -5159
-5255 -5603 -5164
-5255 -5572 -5208
-5255 -5554 -5238
-5255 -5544 -5243
-5255 -5383 -5425
-5255 -5367 -5435
-5255 -5318 -5485
-5255 -5137 -5593
-5255 -5011 -5642
-5255 -4988 -5650
-5255 -4973 -5660
-5255 -4879 -5690
-5255 -4807 -5707
-5255 -4675 -5739
-5255 -4631 -5743
-5255 -4470 -5769
-5254 -5804 -4652
-5254 -5799 -4683
-5254 -5760 -4835
-5254 -5689 -5020
-5254 -5604 -5172
-5254 -5586 -5186
-5254 -5458 -5344
-5254 -5438 -5371
-5254 -5404 -5399
-5254 -5287 -5495
-5254 -5284 -5500
-5254 -5113 -5601
-5254 -5105 -5604
-5254 -5043 -5631
-5254 -5035 -5632
-5254 -4972 -5661
-5254 -4915 -5677
-5254 -4831 -5702
-5254 -4823 -5706
-5254 -4705 -5731
-5254 -4651 -5744
-5253 -5830 -4404
-5253 -5825 -4548
-5253 -5798 -4694
-5253 -5697 -4988
-5253 -5661 -5069
-5253 -5611 -5155
-5253 -5557 -5243
-5253 -5528 -5272
-5253 -5480 -5326
-5253 -5396 -5405
-5253 -5342 -5468
-5253 -5156 -5584
-5253 -5070 -5618
-5253 -4819 -5709
-5252 -5829 -4422
-5252 -5813 -4611
-5252 -5800 -4673
-5252 -5656 -5086
-5252 -5645 -5095
-5252 -5642 -5108
-5252 -5598 -5181
-5252 -5371 -5429
-5252 -5187 -5559
-5252 -5125 -5594
-5252 -5114 -5603
-5252 -5098 -5618
-5252 -4850 -5698
-5252 -4758 -5719
-5252 -4694 -5733
-5252 -4692 -5736
-5251 -5819 -4560
-5251 -5802 -4665
-5251 -5793 -4727
-5251 -5746 -4882
-5251 -5731 -4912
-5251 -5727 -4925
-5251 -5630 -5121
-5251 -5626 -5126
-5251 -5541 -5248
-5251 -5497 -5312
-5251 -5425 -5385
-5251 -5388 -5418
-5251 -5297 -5490
-5251 -5281 -5505
-5251 -5191 -5560
-5251 -4936 -5670
-5251 -4771 -5718
-5250 -5816 -4578
-5250 -5809 -4632
-5250 -5738 -4914
-5250 -5730 -4940
-5250 -5718 -4950
-5250 -5673 -5047
-5250 -5669 -5055
-5250 -5428 -5382
-5250 -5418 -5391
-5250 -4960 -5662
-5250 -4735 -5725
-5250 -4539 -5759
-5249 -5814 -4586
-5249 -5801 -4670
-5249 -5794 -4717
-5249 -5793 -4730
-5249 -5786 -4745
-5249 -5779 -4775
-5249 -5762 -4839
-5249 -5650 -5094
-5249 -5633 -5126
-5249 -5620 -5152
-5249 -5613 -5153
-5249 -5549 -5246
-5249 -5543 -5248
-5249 -5486 -5317
-5249 -5472 -5339
-5249 -5460 -5346
-5249 -5410 -5397
-5249 -5380 -5430
-5249 -5372 -5434
-5249 -5176 -5570
-5249 -4791 -5717
-5249 -4729 -5727
-5249 -4708 -5734
-5249 -4624 -5745
-5248 -5816 -4631
-5248 -5744 -4895
-5248 -5721 -4946
-5248 -5703 -4984
-5248 -5698 -4987
-5248 -5635 -5120
-5248 -5621 -5136
-5248 -5536 -5251
-5248 -5492 -5313
-5248 -5487 -5319
-5248 -5360 -5439
-5248 -5356 -5445
-5248 -5290 -5494
-5248 -5254 -5520
-5248 -5033 -5639
-5248 -5003 -5653
-5248 -4981 -5655
-5248 -4938 -5669
-5248 -4932 -5673
-5248 -4835 -5702
-5248 -4762 -5723
-5248 -4717 -5729
-5248 -4541 -5757
-5247 -5829 -4429
-5247 -5818 -4575
-5247 -5803 -4676
-5247 -5732 -4958
-5247 -5665 -5057
-5247 -5624 -5128
-5247 -5586 -5189
-5247 -5552 -5251
-5247 -5533 -5257
-5247 -5463 -5342
-5247 -5427 -5384
-5247 -5344 -5457
-5247 -5316 -5486
-5247 -5292 -5494
-5247 -5278 -5507
-5247 -5035 -5634
-5247 -5013 -5643
-5247 -5004 -5645
-5247 -4749 -5725
-5247 -4631 -5748
-5246 -5803 -4688
-5246 -5788 -4763
-5246 -5787 -4774
-5246 -5764 -4857
-5246 -5733 -4921
-5246 -5690 -5018
-5246 -5608 -5157
-5246 -5573 -5209
-5246 -5503 -5298
-5246 -5481 -5324
-5246 -5127 -5594
-5246 -5105 -5608
-5246 -4905 -5683
-5246 -4729 -5729
-5246 -4710 -5731
-5246 -4572 -5756
-5246 -4524 -5763
-5245 -5776 -4826
-5245 -5692 -5012
-5245 -5587 -5188
-5245 -5577 -5204
-5245 -5570 -5214
-5245 -5534 -5267
-5245 -5408 -5399
-5245 -5361 -5438
-5245 -5349 -5449
-5245 -5309 -5488
-5245 -5244 -5535
-5245 -5239 -5539
-5245 -5185 -5561
-5245 -5111 -5605
-5245 -5016 -5641
-5245 -4915 -5681
-5245 -4714 -5731
-5245 -4694 -5737
-5245 -4542 -5763
-5244 -5820 -4556
-5244 -5802 -4692
-5244 -5699 -4999
-5244 -5691 -5014
-5244 -5643 -5109
-5244 -5639 -5114
-5244 -5585 -5192
-5244 -5543 -5253
-5244 -5541 -5257
-5244 -5455 -5353
-5244 -5397 -5403
-5244 -5364 -5439
-5244 -5296 -5494
-5244 -5257 -5518
-5244 -5197 -5560
-5244 -5122 -5595
-5244 -5100 -5610
-5244 -5046 -5629
-5244 -5018 -5643
-5244 -4898 -5687
-5244 -4896 -5690
-5244 -4836 -5702
-5244 -4778 -5718
-5244 -4732 -5726
-5244 -4722 -5732
-5244 -4639 -5749
-5244 -4464 -5771
-5243 -5830 -4460
-5243 -5805 -4644
-5243 -5790 -4747
-5243 -5789 -4757
-5243 -5703 -4989
-5243 -5691 -5015
-5243 -5584 -5197
-5243 -5582 -5209
-5243 -5575 -5213
-5243 -5529 -5271
-5243 -5504 -5298
-5243 -5457 -5353
-5243 -5419 -5401
-5243 -5395 -5407
-5243 -5365 -5442
-5243 -5289 -5499
-5243 -5248 -5540
-5243 -5117 -5599
-5243 -4957 -5668
-5243 -4942 -5670
-5243 -4919 -5676
-5243 -4899 -5684
-5243 -4848 -5702
-5243 -4734 -5729
-5242 -5832 -4404
-5242 -5817 -4588
-5242 -5812 -4633
-5242 -5809 -4638
-5242 -5740 -4900
-5242 -5671 -5053
-5242 -5636 -5115
-5242 -5587 -5192
-5242 -5502 -5300
-5242 -5273 -5508
-5242 -5260 -5518
-5242 -5117 -5603
-5242 -5063 -5625
-5242 -5051 -5632
-5242 -4993 -5655
-5242 -4985 -5656
-5242 -4963 -5665
-5242 -4865 -5695
-5242 -4683 -5738
-5242 -4617 -5753
-5241 -5836 -4319
-5241 -5795 -4695
-5241 -5749 -4888
-5241 -5700 -4995
-5241 -5658 -5080
-5241 -5623 -5132
-5241 -5611 -5157
-5241 -5605 -5163
-5241 -5532 -5278
-5241 -5514 -5281
-5241 -5510 -5290
-5241 -5168 -5573
-5241 -5106 -5608
-5241 -4958 -5666
-5241 -4917 -5677
-5241 -4854 -5697
-5241 -4781 -5719
-5241 -4747 -5726
-5241 -4664 -5743
-5241 -4489 -5768
-5240 -5828 -4468
-5240 -5807 -4647
-5240 -5804 -4665
-5240 -5705 -4985
-5240 -5701 -4998
-5240 -5697 -5003
-5240 -5645 -5097
-5240 -5635 -5127
-5240 -5577 -5222
-5240 -5564 -5224
-5240 -5535 -5266
-5240 -5520 -5288
-5240 -5500 -5317
-5240 -5278 -5510
-5240 -5172 -5574
-5240 -5149 -5585
-5240 -5111 -5606
-5240 -4964 -5662
-5240 -4937 -5673
-5240 -4883 -5691
-5240 -4879 -5692
-5240 -4852 -5698
-5240 -4828 -5705
-5240 -4801 -5712
-5240 -4707 -5736
-5240 -4670 -5743
-5240 -4624 -5753
-5239 -5826 -4490
-5239 -5811 -4656
-5239 -5716 -4959
-5239 -5677 -5043
-5239 -5640 -5113
-5239 -5520 -5289
-5239 -5474 -5336
-5239 -5464 -5345
-5239 -5429 -5378
-5239 -5396 -5413
-5239 -5387 -5420
-5239 -5320 -5478
-5239 -5298 -5489
-5239 -5254 -5522
-5239 -5250 -5529
-5239 -5181 -5566
-5239 -5074 -5623
-5239 -5043 -5634
-5239 -4933 -5674
-5239 -4852 -5702
-5239 -4833 -5706
-5239 -4709 -5734
-5239 -4661 -5745
-5239 -4642 -5753
-5239 -4552 -5759
-5239 -4545 -5761
-5239 -4428 -5775
-5238 -5820 -4565
-5238 -5751 -4880
-5238 -5746 -4894
-5238 -5741 -4901
-5238 -5704 -5003
-5238 -5614 -5154
-5238 -5602 -5175
-5238 -5592 -5191
-5238 -5585 -5196
-5238 -5403 -5405
-5238 -5376 -5432
-5238 -5324 -5474
-5238 -5297 -5495
-5238 -5150 -5587
-5238 -5126 -5597
-5238 -5005 -5650
-5238 -4974 -5659
-5238 -4848 -5704
-5238 -4793 -5713
-5238 -4671 -5743
-5238 -4665 -5745
-5238 -4576 -5756
-5237 -5817 -4595
-5237 -5814 -4642
-5237 -5798 -4704
-5237 -5793 -4735
-5237 -5779 -4780
-5237 -5778 -4793
-5237 -5713 -4960
-5237 -5709 -4983
-5237 -5706 -4990
-5237 -5688 -5021
-5237 -5680 -5048
-5237 -5651 -5092
-5237 -5601 -5177
-5237 -5509 -5294
-5237 -5473 -5341
-5237 -5425 -5393
-5237 -5270 -5513
-5237 -5254 -5528
-5237 -5186 -5563
-5237 -5134 -5594
-5237 -4868 -5693
-5237 -4828 -5708
-5237 -4819 -5710
-5237 -4674 -5740
-5237 -4553 -5760
-5236 -5826 -4516
-5236 -5812 -4650
-5236 -5766 -4856
-5236 -5733 -4922
-5236 -5701 -5007
-5236 -5664 -5068
-5236 -5653 -5087
-5236 -5607 -5164
-5236 -5588 -5201
-5236 -5432 -5391
-5236 -5373 -5433
-5236 -5366 -5443
-5236 -5263 -5514
-5236 -5183 -5565
-5236 -5056 -5632
-5236 -5011 -5644
-5236 -4922 -5676
-5236 -4758 -5724
-5236 -4490 -5767
-5235 -5832 -4521
-5235 -5807 -4663
-5235 -5794 -4758
-5235 -5739 -4910
-5235 -5667 -5072
-5235 -5604 -5184
-5235 -5538 -5262
-5235 -5484 -5321
-5235 -5472 -5347
-5235 -5372 -5442
-5235 -5343 -5460
-5235 -5273 -5518
-5235 -5118 -5600
-5235 -5006 -5645
-5235 -4962 -5670
-5235 -4808 -5712
-5235 -4795 -5713
-5235 -4742 -5728
-5235 -4727 -5733
-5235 -4594 -5755
-5235 -4589 -5758
-5235 -4534 -5767
-5234 -5834 -4465
-5234 -5826 -4523
-5234 -5819 -4613
-5234 -5795 -4707
-5234 -5769 -4831
-5234 -5685 -5042
-5234 -5567 -5225
-5234 -5535 -5267
-5234 -5481 -5329
-5234 -5332 -5476
-5234 -5290 -5502
-5234 -5195 -5561
-5234 -5135 -5597
-5234 -5092 -5619
-5234 -5087 -5621
-5234 -4967 -5664
-5234 -4964 -5665
-5234 -4942 -5674
-5234 -4860 -5697
-5234 -4789 -5718
-5234 -4781 -5722
-5234 -4761 -5724
-5233 -5822 -4599
-5233 -5808 -4686
-5233 -5781 -4775
-5233 -5742 -4915
-5233 -5665 -5073
-5233 -5637 -5115
-5233 -5636 -5124
-5233 -5624 -5137
-5233 -5608 -5160
-5233 -5586 -5203
-5233 -5566 -5234
-5233 -5501 -5307
-5233 -5478 -5334
-5233 -5402 -5409
-5233 -5344 -5465
-5233 -5189 -5563
-5233 -5105 -5609
-5233 -5061 -5629
-5233 -4966 -5665
-5233 -4955 -5674
-5233 -4916 -5680
-5232 -5838 -4395
-5232 -5832 -4544
-5232 -5781 -4776
-5232 -5769 -4832
-5232 -5737 -4916
-5232 -5712 -4970
-5232 -5629 -5130
-5232 -5607 -5169
-5232 -5510 -5293
-5232 -5503 -5307
-5232 -5481 -5332
-5232 -5465 -5355
-5232 -5404 -5406
-5232 -5400 -5415
-5232 -5381 -5427
-5232 -5222 -5556
-5232 -5040 -5636
-5232 -4926 -5676
-5232 -4914 -5682
-5232 -4808 -5714
-5232 -4747 -5727
-5232 -4743 -5728
-5231 -5836 -4408
-5231 -5818 -4620
-5231 -5784 -4791
-5231 -5747 -4902
-5231 -5640 -5120
-5231 -5612 -5160
-5231 -5406 -5407
-5231 -5198 -5564
-5231 -5147 -5589
-5231 -5119 -5599
-5231 -4880 -5694
-5231 -4733 -5730
-5231 -4603 -5757
-5230 -5825 -4566
-5230 -5802 -4700
-5230 -5796 -4727
-5230 -5778 -4794
-5230 -5753 -4873
-5230 -5668 -5058
-5230 -5659 -5091
-5230 -5641 -5113
-5230 -5634 -5133
-5230 -5612 -5168
-5230 -5579 -5210
-5230 -5486 -5322
-5230 -5447 -5369
-5230 -5264 -5530
-5230 -5177 -5571
-5230 -5041 -5638
-5230 -5023 -5644
-5230 -4784 -5720
-5230 -4658 -5748
-5230 -4483 -5770
-5229 -5817 -4623
-5229 -5802 -4704
-5229 -5783 -4796
-5229 -5767 -4838
-5229 -5746 -4905
-5229 -5713 -4975
-5229 -5694 -5013
-5229 -5665 -5078
-5229 -5593 -5194
-5229 -5546 -5271
-5229 -5533 -5273
-5229 -5385 -5422
-5229 -5353 -5448
-5229 -5305 -5489
-5229 -5276 -5519
-5229 -5121 -5598
-5229 -5068 -5632
-5229 -5053 -5634
-5229 -4993 -5656
-5229 -4977 -5659
-5229 -4940 -5678
-5229 -4891 -5694
-5229 -4856 -5699
-5229 -4768 -5724
-5229 -4722 -5734
-5229 -4544 -5764
-5228 -5736 -4920
-5228 -5693 -5015
-5228 -5649 -5096
-5228 -5641 -5117
-5228 -5624 -5138
-5228 -5617 -5157
-5228 -5489 -5338
-5228 -5403 -5409
-5228 -5388 -5421
-5228 -5357 -5446
-5228 -5190 -5569
-5228 -5170 -5575
-5228 -5126 -5600
-5228 -5100 -5613
-5228 -5078 -5622
-5228 -5027 -5640
-5228 -4887 -5697
-5228 -4339 -5778
-5227 -5805 -4691
-5227 -5796 -4744
-5227 -5779 -4797
-5227 -5692 -5017
-5227 -5688 -5025
-5227 -5673 -5052
-5227 -5625 -5143
-5227 -5621 -5153
-5227 -5561 -5240
-5227 -5504 -5301
-5227 -5495 -5318
-5227 -5447 -5373
-5227 -5398 -5416
-5227 -5322 -5481
-5227 -5171 -5576
-5227 -5161 -5584
-5227 -5115 -5605
-5227 -5029 -5640
-5227 -5024 -5647
-5227 -4970 -5662
-5227 -4915 -5682
-5227 -4906 -5683
-5227 -4852 -5703
-5227 -4795 -5716
-5227 -4753 -5727
-5227 -4699 -5740
-5227 -4687 -5741
-5227 -4683 -5742
-5227 -4523 -5768
-5226 -5839 -4466
-5226 -5823 -4572
-5226 -5785 -4814
-5226 -5671 -5054
-5226 -5649 -5097
-5226 -5639 -5122
-5226 -5637 -5127
-5226 -5570 -5226
-5226 -5535 -5274
-5226 -5519 -5295
-5226 -5494 -5327
-5226 -5367 -5447
-5226 -5358 -5454
-5226 -5299 -5496
-5226 -5223 -5545
-5226 -5118 -5601
-5226 -4921 -5679
-5226 -4839 -5706
-5226 -4809 -5714
-5226 -4711 -5735
-5226 -4643 -5752
-5226 -4442 -5775
-5225 -5818 -4629
-5225 -5712 -4979
-5225 -5708 -4987
-5225 -5687 -5054
-5225 -5498 -5323
-5225 -5283 -5506
-5225 -5237 -5543
-5225 -5181 -5574
-5225 -5165 -5589
-5225 -5111 -5608
-5225 -4978 -5660
-5225 -4963 -5666
-5225 -4911 -5686
-5225 -4743 -5729
-5225 -4740 -5732
-5225 -4564 -5760
-5224 -5799 -4735
-5224 -5671 -5062
-5224 -5669 -5067
-5224 -5608 -5169
-5224 -5555 -5248
-5224 -5505 -5299
-5224 -5377 -5431
-5224 -5361 -5459
-5224 -5312 -5509
-5224 -5007 -5649
-5224 -5002 -5654
-5224 -4966 -5669
-5224 -4912 -5685
-5224 -4855 -5705
-5224 -4829 -5712
-5224 -4797 -5715
-5224 -4774 -5726
-5224 -4690 -5742
-5224 -4497 -5769
-5223 -5833 -4510
-5223 -5829 -4565
-5223 -5755 -4870
-5223 -5651 -5100
-5223 -5524 -5280
-5223 -5473 -5342
-5223 -5390 -5421
-5223 -5345 -5462
-5223 -5252 -5531
-5223 -5116 -5611
-5223 -5028 -5644
-5223 -4979 -5657
-5223 -4838 -5709
-5223 -4783 -5721
-5223 -4747 -5730
-5223 -4602 -5760
-5223 -4550 -5766
-5222 -5836 -4519
-5222 -5758 -4861
-5222 -5733 -4930
-5222 -5711 -4980
-5222 -5707 -5001
-5222 -5695 -5009
-5222 -5691 -5024
-5222 -5642 -5111
-5222 -5555 -5252
-5222 -5524 -5288
-5222 -5501 -5310
-5222 -5391 -5418
-5222 -5386 -5423
-5222 -5377 -5439
-5222 -5148 -5592
-5222 -5042 -5643
-5222 -4897 -5688
-5222 -4777 -5723
-5222 -4716 -5736
-5222 -4611 -5755
-5221 -5825 -4579
-5221 -5715 -4963
-5221 -5643 -5119
-5221 -5613 -5158
-5221 -5510 -5296
-5221 -5433 -5377
-5221 -5055 -5633
-5221 -4970 -5663
-5221 -4896 -5695
-5221 -4856 -5700
-5221 -4810 -5713
-5221 -4728 -5741
-5220 -5837 -4498
-5220 -5827 -4578
-5220 -5772 -4831
-5220 -5757 -4868
-5220 -5736 -4935
-5220 -5709 -4989
-5220 -5609 -5169
-5220 -5596 -5193
-5220 -5509 -5299
-5220 -5435 -5377
-5220 -5397 -5425
-5220 -5271 -5524
-5220 -5172 -5580
-5220 -5065 -5633
-5220 -4990 -5660
-5220 -4974 -5661
-5220 -4872 -5701
-5220 -4786 -5721
-5220 -4750 -5731
-5220 -4737 -5736
-5220 -4637 -5754
-5220 -4529 -5768
-5219 -5822 -4607
-5219 -5816 -4644
-5219 -5813 -4646
-5219 -5809 -4662
-5219 -5760 -4868
-5219 -5750 -4889
-5219 -5635 -5144
-5219 -5584 -5205
-5219 -5202 -5562
-5219 -5138 -5600
-5219 -4918 -5680
-5219 -4797 -5717
-5219 -4646 -5749
-5219 -4554 -5762
-5218 -5826 -4583
-5218 -5801 -4705
-5218 -5752 -4900
-5218 -5737 -4924
-5218 -5718 -4971
-5218 -5697 -5010
-5218 -5660 -5081
-5218 -5656 -5094
-5218 -5652 -5099
-5218 -5614 -5158
-5218 -5510 -5302
-5218 -5272 -5521
-5218 -5199 -5573
-5218 -5049 -5635
-5218 -5025 -5646
-5218 -5008 -5648
-5218 -4967 -5665
-5218 -4923 -5679
-5218 -4762 -5727
-5218 -4678 -5746
-5218 -4651 -5750
-5217 -5823 -4630
-5217 -5800 -4715
-5217 -5793 -4761
-5217 -5771 -4842
-5217 -5762 -4862
-5217 -5757 -4870
-5217 -5720 -4960
-5217 -5712 -4994
-5217 -5669 -5068
-5217 -5645 -5101
-5217 -5586 -5206
-5217 -5475 -5339
-5217 -5438 -5379
-5217 -5435 -5383
-5217 -5248 -5544
-5217 -5076 -5623
-5217 -5018 -5656
-5217 -5003 -5658
-5217 -4916 -5681
-5217 -4815 -5715
-5217 -4604 -5758
-5217 -4461 -5774
-5216 -5827 -4596
-5216 -5803 -4706
-5216 -5717 -4972
-5216 -5696 -5012
-5216 -5663 -5083
-5216 -5661 -5093
-5216 -5659 -5099
-5216 -5604 -5189
-5216 -5590 -5202
-5216 -5550 -5255
-5216 -5513 -5307
-5216 -5441 -5379
-5216 -5413 -5402
-5216 -5140 -5593
-5216 -5081 -5622
-5216 -5071 -5624
-5216 -5050 -5637
-5216 -5028 -5646
-5216 -4973 -5663
-5216 -4764 -5728
-5216 -4664 -5748
-5216 -4646 -5751
-5215 -5849 -4328
-5215 -5840 -4397
-5215 -5828 -4601
-5215 -5786 -4778
-5215 -5770 -4850
-5215 -5713 -4983
-5215 -5694 -5030
-5215 -5672 -5073
-5215 -5606 -5176
-5215 -5593 -5202
-5215 -5540 -5281
-5215 -5523 -5289
-5215 -5521 -5290
-5215 -5404 -5408
-5215 -5280 -5510
-5215 -5204 -5559
-5215 -5176 -5577
-5215 -5142 -5597
-5215 -5029 -5644
-5215 -4944 -5677
-5215 -4920 -5686
-5215 -4856 -5707
-5215 -4821 -5721
-5215 -4679 -5744
-5215 -4563 -5763
-5215 -4481 -5772
-5215 -4394 -5777
-5214 -5844 -4416
-5214 -5817 -4674
-5214 -5802 -4749
-5214 -5794 -4759
-5214 -5704 -5004
-5214 -5656 -5103
-5214 -5645 -5112
-5214 -5612 -5175
-5214 -5461 -5356
-5214 -5403 -5417
-5214 -5126 -5608
-5214 -5113 -5612
-5214 -4902 -5687
-5214 -4673 -5750
-5214 -4589 -5762
-5214 -4483 -5771
-5213 -5839 -4481
-5213 -5837 -4530
-5213 -5805 -4699
-5213 -5790 -4812
-5213 -5778 -4820
-5213 -5753 -4875
-5213 -5675 -5056
-5213 -5647 -5104
-5213 -5630 -5145
-5213 -5551 -5253
-5213 -5467 -5352
-5213 -5455 -5361
-5213 -5407 -5413
-5213 -5358 -5463
-5213 -5313 -5488
-5213 -5143 -5596
-5213 -5115 -5613
-5213 -5030 -5649
-5213 -4986 -5661
-5213 -4913 -5690
-5213 -4768 -5727
-5213 -4682 -5745
-5213 -4654 -5752
-5213 -4628 -5756
-5213 -4618 -5757
-5213 -4594 -5764
-5213 -4488 -5771
-5213 -4402 -5776
-5212 -5678 -5059
-5212 -5673 -5064
-5212 -5529 -5284
-5212 -5454 -5372
-5212 -5436 -5383
-5212 -5406 -5422
-5212 -5283 -5511
-5212 -5262 -5533
-5212 -5181 -5579
-5212 -5143 -5600
-5212 -4959 -5671
-5212 -4952 -5678
-5212 -4922 -5680
-5212 -4863 -5705
-5212 -4845 -5711
-5212 -4751 -5729
-5212 -4603 -5759
-5212 -4554 -5765
-5212 -4510 -5776
-5211 -5809 -4684
-5211 -5805 -4715
-5211 -5764 -4867
-5211 -5697 -5011
-5211 -5678 -5061
-5211 -5650 -5111
-5211 -5616 -5164
-5211 -5549 -5259
-5211 -5547 -5264
-5211 -5438 -5383
-5211 -5409 -5414
-5211 -5106 -5617
-5211 -5066 -5635
-5211 -4978 -5668
-5211 -4929 -5681
-5211 -4898 -5694
-5211 -4889 -5696
-5211 -4880 -5698
-5211 -4691 -5742
-5211 -4685 -5744
-5211 -4523 -5771
-5211 -4387 -5778
-5210 -5831 -4574
-5210 -5827 -4629
-5210 -5807 -4692
-5210 -5755 -4893
-5210 -5677 -5066
-5210 -5568 -5228
-5210 -5556 -5250
-5210 -5456 -5358
-5210 -5391 -5428
-5210 -5225 -5545
-5210 -5149 -5590
-5210 -4956 -5673
-5210 -4876 -5700
-5210 -4683 -5745
-5210 -4623 -5757
-5210 -4551 -5768
-5209 -5833 -4557
-5209 -5793 -4768
-5209 -5714 -4979
-5209 -5691 -5039
-5209 -5619 -5169
-5209 -5609 -5176
-5209 -5573 -5229
-5209 -5555 -5259
-5209 -5463 -5357
-5209 -5443 -5379
-5209 -5421 -5395
-5209 -5382 -5430
-5209 -5378 -5439
-5209 -5364 -5449
-5209 -5206 -5559
-5209 -5077 -5623
-5209 -4934 -5680
-5209 -4849 -5710
-5209 -4778 -5727
-5209 -4744 -5740
-5209 -4661 -5753
-5209 -4502 -5780
-5208 -5830 -4577
-5208 -5803 -4728
-5208 -5798 -4754
-5208 -5738 -4920
-5208 -5604 -5193
-5208 -5384 -5431
-5208 -5003 -5662
-5208 -4984 -5664
-5208 -4900 -5692
-5208 -4778 -5731
-5208 -4753 -5735
-5208 -4581 -5766
-5208 -4530 -5771
-5207 -5825 -4642
-5207 -5757 -4877
-5207 -5709 -4997
-5207 -5698 -5009
-5207 -5696 -5021
-5207 -5657 -5103
-5207 -5655 -5113
-5207 -5607 -5181
-5207 -5576 -5234
-5207 -5411 -5403
-5207 -5327 -5479
-5207 -5183 -5580
-5207 -5154 -5592
-5207 -4994 -5664
-5207 -4883 -5698
-5207 -4829 -5713
-5207 -4694 -5743
-5207 -4692 -5745
-5207 -4543 -5772
-5207 -4359 -5782
-5206 -5845 -4513
-5206 -5813 -4682
-5206 -5740 -4930
-5206 -5643 -5126
-5206 -5639 -5131
-5206 -5544 -5273
-5206 -5503 -5309
-5206 -5229 -5558
-5206 -5205 -5561
-5206 -5149 -5597
-5206 -4975 -5670
-5206 -4758 -5732
-5206 -4567 -5767
-5206 -4550 -5769
-5205 -5847 -4457
-5205 -5645 -5118
-5205 -5628 -5148
-5205 -5564 -5236
-5205 -5561 -5244
-5205 -5467 -5362
-5205 -5347 -5469
-5205 -5255 -5538
-5205 -5160 -5592
-5205 -5128 -5604
-5205 -4937 -5679
-5205 -4902 -5691
-5205 -4795 -5723
-5205 -4677 -5752
-5205 -4643 -5755
-5205 -4582 -5765
-5204 -5760 -4874
-5204 -5743 -4913
-5204 -5733 -4936
-5204 -5721 -4960
-5204 -5720 -4961
-5204 -5663 -5088
-5204 -5629 -5152
-5204 -5583 -5207
-5204 -5580 -5210
-5204 -5569 -5243
-5204 -5425 -5397
-5204 -5410 -5407
-5204 -5082 -5622
-5204 -5031 -5646
-5204 -4963 -5672
-5204 -4923 -5687
-5204 -4836 -5712
-5204 -4825 -5720
-5204 -4763 -5735
-5204 -4705 -5743
-5204 -4686 -5747
-5204 -4608 -5760
-5203 -5811 -4685
-5203 -5720 -4968
-5203 -5716 -4989
-5203 -5700 -5012
-5203 -5667 -5075
-5203 -5648 -5125
-5203 -5570 -5238
-5203 -5517 -5297
-5203 -5505 -5308
-5203 -5469 -5349
-5203 -5429 -5393
-5203 -5420 -5399
-5203 -5369 -5450
-5203 -5107 -5622
-5203 -5071 -5627
-5203 -4979 -5668
-5203 -4957 -5677
-5203 -4952 -5682
-5203 -4834 -5714
-5203 -4799 -5722
-5203 -4781 -5724
-5203 -4701 -5746
-5203 -4517 -5773
-5202 -5833 -4599
-5202 -5818 -4645
-5202 -5807 -4698
-5202 -5791 -4776
-5202 -5724 -4963
-5202 -5708 -5005
-5202 -5701 -5015
-5202 -5697 -5020
-5202 -5588 -5209
-5202 -5581 -5212
-5202 -5476 -5347
-5202 -5412 -5405
-5202 -5230 -5548
-5202 -5071 -5628
-5202 -5054 -5636
-5202 -4961 -5674
-5202 -4931 -5684
-5202 -4626 -5757
-5202 -4589 -5765
-5201 -5849 -4336
-5201 -5795 -4761
-5201 -5765 -4858
-5201 -5640 -5130
-5201 -5607 -5182
-5201 -5516 -5303
-5201 -5500 -5326
-5201 -5435 -5386
-5201 -5129 -5602
-5201 -5055 -5639
-5201 -4976 -5670
-5201 -4967 -5671
-5201 -4936 -5685
-5201 -4877 -5702
-5201 -4865 -5704
-5201 -4630 -5757
-5201 -4617 -5762
-5201 -4610 -5763
-5201 -4596 -5764
-5201 -4458 -5789
-5200 -5822 -4646
-5200 -5795 -4762
-5200 -5757 -4892
-5200 -5725 -4964
-5200 -5719 -4972
-5200 -5717 -4973
-5200 -5704 -5020
-5200 -5662 -5097
-5200 -5585 -5213
-5200 -5580 -5216
-5200 -5579 -5223
-5200 -5455 -5368
-5200 -5327 -5482
-5200 -5162 -5592
-5200 -5131 -5603
-5200 -5093 -5624
-5200 -4902 -5693
-5200 -4858 -5706
-5200 -4690 -5747
-5200 -4648 -5757
-5200 -4624 -5759
-5199 -5834 -4540
-5199 -5761 -4888
-5199 -5726 -4981
-5199 -5706 -5014
-5199 -5680 -5065
-5199 -5561 -5245
-5199 -5522 -5290
-5199 -5505 -5315
-5199 -5339 -5471
-5199 -5056 -5641
-5199 -4915 -5688
-5199 -4613 -5763
-5199 -4591 -5766
-5199 -4558 -5768
-5199 -4499 -5781
-5198 -5809 -4703
-5198 -5738 -4944
-5198 -5734 -4949
-5198 -5690 -5046
-5198 -5664 -5085
-5198 -5653 -5119
-5198 -5591 -5209
-5198 -5588 -5218
-5198 -5578 -5225
-5198 -5542 -5276
-5198 -5509 -5311
-5198 -5436 -5391
-5198 -5328 -5479
-5198 -5068 -5637
-5198 -4965 -5672
-5198 -4916 -5693
-5198 -4906 -5697
-5198 -4890 -5700
-5198 -4859 -5707
-5198 -4835 -5714
-5198 -4797 -5725
-5198 -4748 -5739
-5198 -4609 -5766
-5198 -4529 -5775
-5197 -5837 -4532
-5197 -5812 -4687
-5197 -5805 -4756
-5197 -5781 -4824
-5197 -5775 -4828
-5197 -5760 -4891
-5197 -5733 -4951
-5197 -5615 -5171
-5197 -5611 -5176
-5197 -5437 -5393
-5197 -5372 -5447
-5197 -5323 -5497
-5197 -5280 -5512
-5197 -5132 -5602
-5197 -4810 -5724
-5197 -4657 -5754
-5197 -4633 -5761
-5196 -5835 -4536
-5196 -5831 -4621
-5196 -5808 -4706
-5196 -5807 -4715
-5196 -5794 -4770
-5196 -5779 -4838
-5196 -5747 -4904
-5196 -5697 -5032
-5196 -5685 -5059
-5196 -5656 -5124
-5196 -5530 -5289
-5196 -5416 -5402
-5196 -5375 -5443
-5196 -5329 -5486
-5196 -5285 -5513
-5196 -5256 -5535
-5196 -5076 -5627
-5196 -4868 -5704
-5196 -4838 -5717
-5196 -4794 -5730
-5196 -4709 -5745
-5196 -4586 -5769
-5196 -4559 -5773
-5195 -5853 -4404
-5195 -5819 -4684
-5195 -5756 -4894
-5195 -5749 -4902
-5195 -5742 -4932
-5195 -5714 -5003
-5195 -5710 -5008
-5195 -5624 -5154
-5195 -5590 -5227
-5195 -5571 -5236
-5195 -5532 -5283
-5195 -5456 -5368
-5195 -5164 -5590
-5195 -5133 -5604
-5195 -5112 -5614
-5195 -5019 -5652
-5195 -4961 -5676
-5195 -4854 -5709
-5195 -4779 -5737
-5195 -4750 -5741
-5195 -4696 -5754
-5195 -4521 -5779
-5194 -5843 -4542
-5194 -5799 -4800
-5194 -5767 -4866
-5194 -5744 -4909
-5194 -5698 -5021
-5194 -5690 -5048
-5194 -5560 -5246
-5194 -5543 -5275
-5194 -5533 -5294
-5194 -5506 -5315
-5194 -5416 -5403
-5194 -5275 -5521
-5194 -5207 -5565
-5194 -5179 -5582
-5194 -5095 -5628
-5194 -4926 -5689
-5194 -4729 -5743
-5194 -4705 -5749
-5194 -4547 -5778
-5193 -5808 -4715
-5193 -5776 -4856
-5193 -5735 -4948
-5193 -5623 -5158
-5193 -5609 -5183
-5193 -5607 -5189
-5193 -5594 -5203
-5193 -5517 -5298
-5193 -5491 -5329
-5193 -5471 -5351
-5193 -5415 -5404
-5193 -5411 -5413
-5193 -5396 -5430
-5193 -5347 -5480
-5193 -5287 -5510
-5193 -5266 -5527
-5193 -5110 -5616
-5193 -5017 -5657
-5193 -4870 -5705
-5193 -4737 -5746
-5192 -5845 -4521
-5192 -5820 -4659
-5192 -5811 -4689
-5192 -5722 -4988
-5192 -5667 -5077
-5192 -5642 -5129
-5192 -5593 -5214
-5192 -5563 -5251
-5192 -5339 -5486
-5192 -5271 -5528
-5192 -5266 -5530
-5192 -5115 -5614
-5192 -5032 -5646
-5192 -4963 -5673
-5192 -4876 -5705
-5192 -4788 -5731
-5191 -5813 -4702
-5191 -5746 -4927
-5191 -5557 -5258
-5191 -5444 -5374
-5191 -5439 -5380
-5191 -5424 -5398
-5191 -5283 -5517
-5191 -5250 -5541
-5191 -5232 -5555
-5191 -5075 -5630
-5191 -5035 -5644
-5191 -4973 -5671
-5191 -4856 -5710
-5191 -4643 -5759
-5191 -4588 -5768
-5190 -5752 -4915
-5190 -5711 -5007
-5190 -5698 -5026
-5190 -5670 -5084
-5190 -5624 -5155
-5190 -5596 -5203
-5190 -5517 -5304
-5190 -5481 -5340
-5190 -5446 -5374
-5190 -5445 -5376
-5190 -5356 -5465
-5190 -5281 -5526
-5190 -5009 -5658
-5190 -4706 -5753
-5189 -5847 -4459
-5189 -5839 -4565
-5189 -5807 -4742
-5189 -5728 -4960
-5189 -5700 -5021
-5189 -5699 -5023
-5189 -5698 -5047
-5189 -5673 -5069
-5189 -5564 -5248
-5189 -5442 -5385
-5189 -5432 -5396
-5189 -5393 -5435
-5189 -5160 -5593
-5189 -5135 -5601
-5189 -5068 -5641
-5189 -5033 -5646
-5189 -4988 -5665
-5189 -4983 -5667
-5189 -4917 -5695
-5189 -4887 -5704
-5189 -4715 -5748
-5188 -5811 -4715
-5188 -5786 -4817
-5188 -5639 -5134
-5188 -5637 -5144
-5188 -5568 -5244
-5188 -5449 -5376
-5188 -5416 -5407
-5188 -5261 -5538
-5188 -4964 -5673
-5188 -4937 -5685
-5188 -4831 -5720
-5187 -5820 -4665
-5187 -5763 -4873
-5187 -5669 -5091
-5187 -5658 -5107
-5187 -5644 -5131
-5187 -5622 -5168
-5187 -5174 -5591
-5187 -5040 -5649
-5187 -4865 -5712
-5187 -4831 -5724
-5187 -4652 -5763
-5187 -4477 -5788
-5186 -5850 -4407
-5186 -5848 -4543
-5186 -5810 -4733
-5186 -5682 -5060
-5186 -5675 -5078
-5186 -5630 -5156
-5186 -5625 -5165
-5186 -5610 -5178
-5186 -5483 -5347
-5186 -5473 -5350
-5186 -5419 -5412
-5186 -5383 -5442
-5186 -5140 -5601
-5186 -4934 -5686
-5186 -4661 -5758
-5186 -4555 -5774
-5185 -5814 -4701
-5185 -5769 -4862
-5185 -5625 -5173
-5185 -5610 -5180
-5185 -5602 -5195
-5185 -5431 -5401
-5185 -5363 -5451
-5185 -5238 -5549
-5185 -5214 -5561
-5185 -5096 -5625
-5185 -4988 -5666
-5185 -4972 -5673
-5185 -4798 -5729
-5185 -4693 -5755
-5185 -4610 -5765
-5185 -4603 -5769
-5184 -5822 -4648
-5184 -5815 -4688
-5184 -5729 -4959
-5184 -5707 -5018
-5184 -5645 -5127
-5184 -5631 -5153
-5184 -5558 -5260
-5184 -5420 -5402
-5184 -5128 -5606
-5184 -5026 -5651
-5184 -5017 -5661
-5184 -4877 -5705
-5184 -4836 -5724
-5184 -4663 -5759
-5184 -4612 -5764
-5184 -4568 -5772
-5183 -5842 -4587
-5183 -5828 -4625
-5183 -5800 -4764
-5183 -5717 -5001
-5183 -5643 -5136
-5183 -5631 -5155
-5183 -5630 -5162
-5183 -5613 -5175
-5183 -5559 -5256
-5183 -5496 -5327
-5183 -5044 -5642
-5183 -4996 -5663
-5183 -4910 -5698
-5183 -4891 -5700
-5183 -4816 -5728
-5182 -5738 -4946
-5182 -5579 -5228
-5182 -5563 -5252
-5182 -5537 -5283
-5182 -5502 -5323
-5182 -5490 -5332
-5182 -5457 -5367
-5182 -5397 -5431
-5182 -5287 -5520
-5182 -5152 -5597
-5182 -5122 -5609
-5182 -5072 -5631
-5182 -5045 -5652
-5182 -5001 -5664
-5182 -4927 -5687
-5182 -4852 -5715
-5182 -4839 -5719
-5182 -4746 -5744
-5182 -4605 -5768
-5181 -5817 -4706
-5181 -5765 -4867
-5181 -5762 -4878
-5181 -5754 -4898
-5181 -5671 -5085
-5181 -5611 -5178
-5181 -5599 -5201
-5181 -5565 -5246
-5181 -5547 -5267
-5181 -5460 -5367
-5181 -5456 -5376
-5181 -5417 -5413
-5181 -5385 -5440
-5181 -5360 -5462
-5181 -5351 -5469
-5181 -5050 -5642
-5181 -4870 -5708
-5181 -4783 -5733
-5181 -4715 -5753
-5181 -4609 -5769
-5181 -4582 -5773
-5181 -4577 -5778
-5180 -5735 -4951
-5180 -5700 -5030
-5180 -5582 -5235
-5180 -5549 -5263
-5180 -5507 -5323
-5180 -5475 -5349
-5180 -5444 -5385
-5180 -5398 -5423
-5180 -5289 -5510
-5180 -5216 -5562
-5180 -5187 -5574
-5180 -5078 -5629
-5180 -4918 -5690
-5180 -4913 -5697
-5180 -4897 -5699
-5180 -4787 -5736
-5180 -4724 -5748
-5180 -4618 -5764
-5180 -4590 -5771
-5179 -5830 -4637
-5179 -5804 -4759
-5179 -5756 -4896
-5179 -5712 -5011
-5179 -5672 -5079
-5179 -5609 -5189
-5179 -5550 -5263
-5179 -5511 -5308
-5179 -5492 -5328
-5179 -5491 -5330
-5179 -5445 -5377
-5179 -5262 -5540
-5179 -5240 -5546
-5179 -5200 -5569
-5179 -5114 -5616
-5179 -5025 -5654
-5179 -4981 -5672
-5179 -4961 -5677
-5179 -4955 -5679
-5179 -4919 -5690
-5178 -5838 -4594
-5178 -5821 -4657
-5178 -5818 -4700
-5178 -5769 -4879
-5178 -5755 -4913
-5178 -5690 -5050
-5178 -5663 -5100
-5178 -5661 -5110
-5178 -5642 -5137
-5178 -5553 -5263
-5178 -5498 -5328
-5178 -5478 -5350
-5178 -5326 -5489
-5178 -5146 -5599
-5178 -5079 -5629
-5178 -5053 -5642
-5178 -4967 -5674
-5178 -4902 -5702
-5178 -4666 -5756
-5177 -5823 -4659
-5177 -5781 -4848
-5177 -5776 -4858
-5177 -5746 -4935
-5177 -5681 -5067
-5177 -5672 -5090
-5177 -5606 -5193
-5177 -5555 -5262
-5177 -5546 -5274
-5177 -5520 -5297
-5177 -5492 -5333
-5177 -5203 -5574
-5177 -5134 -5605
-5177 -5123 -5614
-5177 -5110 -5617
-5177 -5069 -5632
-5177 -5018 -5665
-5177 -4982 -5668
-5177 -4938 -5689
-5177 -4793 -5734
-5177 -4768 -5740
-5177 -4621 -5764
-5177 -4591 -5777
-5177 -4501 -5783
-5176 -5849 -4475
-5176 -5828 -4672
-5176 -5813 -4747
-5176 -5805 -4757
-5176 -5747 -4918
-5176 -5728 -4968
-5176 -5704 -5021
-5176 -5645 -5144
-5176 -5612 -5176
-5176 -5545 -5283
-5176 -5445 -5378
-5176 -5244 -5546
-5176 -5176 -5583
-5176 -5084 -5631
-5176 -5026 -5655
-5176 -4970 -5677
-5176 -4866 -5709
-5176 -4844 -5716
-5176 -4772 -5740
-5176 -4752 -5746
-5176 -4669 -5763
-5176 -4600 -5772
-5175 -5856 -4484
-5175 -5840 -4590
-5175 -5836 -4623
-5175 -5782 -4829
-5175 -5701 -5029
-5175 -5646 -5128
-5175 -5611 -5179
-5175 -5599 -5205
-5175 -5520 -5300
-5175 -5519 -5304
-5175 -5465 -5366
-5175 -5458 -5369
-5175 -5410 -5421
-5175 -5204 -5568
-5175 -4843 -5719
-5175 -4824 -5726
-5175 -4691 -5756
-5175 -4678 -5758
-5175 -4623 -5764
-5175 -4612 -5766
-5174 -5785 -4818
-5174 -5764 -4885
-5174 -5722 -4994
-5174 -5678 -5076
-5174 -5648 -5149
-5174 -5477 -5358
-5174 -5288 -5514
-5174 -5188 -5577
-5174 -5175 -5595
-5174 -5087 -5629
-5174 -5047 -5645
-5174 -4687 -5758
-5174 -4666 -5767
-5173 -5814 -4710
-5173 -5731 -4976
-5173 -5678 -5078
-5173 -5673 -5083
-5173 -5669 -5099
-5173 -5665 -5104
-5173 -5615 -5180
-5173 -5614 -5184
-5173 -5604 -5214
-5173 -5521 -5295
-5173 -5406 -5423
-5173 -5149 -5604
-5173 -4941 -5684
-5173 -4863 -5717
-5173 -4840 -5723
-5173 -4741 -5747
-5173 -4675 -5762
-5173 -4538 -5782
-5172 -5784 -4847
-5172 -5775 -4867
-5172 -5751 -4918
-5172 -5677 -5083
-5172 -5612 -5185
-5172 -5547 -5271
-5172 -5514 -5308
-5172 -5484 -5352
-5172 -5436 -5394
-5172 -5270 -5529
-5172 -5198 -5575
-5172 -4984 -5672
-5172 -4967 -5685
-5172 -4899 -5704
-5171 -5804 -4766
-5171 -5740 -4944
-5171 -5548 -5277
-5171 -5521 -5299
-5171 -5511 -5318
-5171 -5074 -5637
-5171 -5027 -5653
-5171 -4946 -5687
-5171 -4924 -5692
-5171 -4876 -5707
-5171 -4728 -5752
-5171 -4622 -5768
-5171 -4477 -5789
-5170 -5848 -4545
-5170 -5820 -4674
-5170 -5814 -4726
-5170 -5707 -5035
-5170 -5632 -5153
-5170 -5565 -5249
-5170 -5448 -5381
-5170 -5383 -5443
-5170 -5375 -5447
-5170 -5372 -5450
-5170 -5238 -5550
-5170 -5116 -5616
-5170 -4986 -5667
-5170 -4982 -5674
-5170 -4762 -5746
-5170 -4490 -5784
-5169 -5836 -4640
-5169 -5829 -4645
-5169 -5800 -4772
-5169 -5760 -4906
-5169 -5633 -5155
-5169 -5614 -5194
-5169 -5552 -5264
-5169 -5490 -5339
-5169 -5399 -5424
-5169 -5332 -5488
-5169 -5289 -5517
-5169 -5180 -5581
-5169 -5109 -5621
-5169 -5032 -5655
-5169 -5020 -5657
-5169 -4990 -5668
-5169 -4927 -5692
-5169 -4917 -5696
-5169 -4771 -5741
-5168 -5822 -4675
-5168 -5771 -4878
-5168 -5688 -5061
-5168 -5666 -5103
-5168 -5578 -5238
-5168 -5557 -5262
-5168 -5537 -5291
-5168 -5433 -5403
-5168 -5425 -5410
-5168 -5365 -5459
-5168 -5181 -5583
-5168 -5098 -5623
-5168 -5048 -5644
-5168 -4930 -5691
-5168 -4926 -5695
-5168 -4794 -5733
-5168 -4765 -5743
-5168 -4539 -5781
-5167 -5803 -4777
-5167 -5691 -5048
-5167 -5682 -5064
-5167 -5658 -5111
-5167 -5445 -5392
-5167 -5354 -5467
-5167 -5240 -5547
-5167 -5212 -5564
-5167 -5159 -5596
-5167 -5056 -5643
-5167 -4994 -5669
-5167 -4972 -5676
-5167 -4868 -5712
-5167 -4628 -5768
-5166 -5823 -4689
-5166 -5766 -4880
-5166 -5733 -4953
-5166 -5720 -5000
-5166 -5716 -5005
-5166 -5663 -5105
-5166 -5629 -5169
-5166 -5619 -5176
-5166 -5549 -5269
-5166 -5538 -5287
-5166 -5520 -5303
-5166 -5472 -5364
-5166 -5358 -5468
-5166 -5273 -5529
-5166 -5205 -5566
-5166 -5003 -5666
-5166 -4849 -5719
-5166 -4825 -5727
-5166 -4802 -5729
-5166 -4785 -5742
-5166 -4609 -5770
-5165 -5856 -4534
-5165 -5824 -4676
-5165 -5789 -4814
-5165 -5748 -4920
-5165 -5747 -4937
-5165 -5716 -5006
-5165 -5683 -5069
-5165 -5617 -5183
-5165 -5524 -5295
-5165 -5290 -5519
-5165 -5163 -5601
-5165 -5073 -5638
-5165 -4968 -5678
-5165 -4883 -5707
-5165 -4809 -5733
-5165 -4537 -5785
-5164 -5844 -4597
-5164 -5837 -4601
-5164 -5822 -4692
-5164 -5818 -4701
-5164 -5622 -5181
-5164 -5381 -5445
-5164 -5219 -5564
-5164 -5147 -5608
-5164 -5052 -5645
-5164 -5034 -5655
-5164 -5013 -5666
-5164 -4993 -5670
-5164 -4975 -5677
-5164 -4911 -5699
-5164 -4789 -5737
-5164 -4629 -5768
-5164 -4546 -5780
-5164 -4449 -5790
-5163 -5833 -4651
-5163 -5793 -4809
-5163 -5738 -4950
-5163 -5735 -4962
-5163 -5649 -5128
-5163 -5578 -5246
-5163 -5367 -5453
-5163 -4982 -5676
-5163 -4904 -5701
-5163 -4899 -5708
-5163 -4730 -5748
-5163 -4601 -5771
-5162 -5837 -4628
-5162 -5826 -4694
-5162 -5725 -4992
-5162 -5629 -5174
-5162 -5552 -5269
-5162 -5458 -5374
-5162 -5452 -5377
-5162 -5446 -5384
-5162 -5298 -5510
-5162 -5133 -5611
-5162 -5062 -5643
-5162 -4903 -5702
-5162 -4873 -5710
-5162 -4688 -5762
-5161 -5758 -4912
-5161 -5709 -5018
-5161 -5659 -5113
-5161 -5593 -5225
-5161 -5530 -5296
-5161 -5516 -5320
-5161 -5505 -5328
-5161 -5453 -5401
-5161 -5268 -5530
-5161 -5251 -5543
-5161 -5192 -5576
-5161 -5191 -5585
-5161 -5135 -5610
-5161 -5130 -5617
-5161 -5116 -5620
-5161 -5104 -5626
-5161 -5099 -5628
-5161 -4892 -5712
-5161 -4830 -5727
-5161 -4796 -5734
-5161 -4716 -5757
-5160 -5863 -4416
-5160 -5817 -4711
-5160 -5794 -4806
-5160 -5785 -4832
-5160 -5741 -4942
-5160 -5690 -5063
-5160 -5681 -5070
-5160 -5649 -5132
-5160 -5591 -5226
-5160 -5553 -5266
-5160 -5035 -5655
-5160 -4988 -5672
-5160 -4388 -5792
-5160 -4338 -5794
-5159 -5831 -4657
-5159 -5827 -4688
-5159 -5805 -4774
-5159 -5733 -4968
-5159 -5728 -4983
-5159 -5649 -5136
-5159 -5506 -5324
-5159 -5391 -5436
-5159 -5375 -5455
-5159 -5299 -5512
-5159 -5192 -5577
-5159 -5185 -5588
-5159 -5097 -5630
-5159 -4974 -5681
-5159 -4942 -5690
-5158 -5790 -4836
-5158 -5734 -4970
-5158 -5650 -5128
-5158 -5639 -5162
-5158 -5562 -5257
-5158 -5525 -5297
-5158 -5523 -5298
-5158 -5428 -5406
-5158 -5271 -5531
-5158 -5070 -5640
-5158 -5047 -5647
-5158 -5023 -5656
-5158 -5003 -5668
-5158 -4915 -5697
-5158 -4746 -5748
-5158 -4741 -5751
-5158 -4468 -5791
-5157 -5804 -4781
-5157 -5767 -4892
-5157 -5749 -4919
-5157 -5743 -4960
-5157 -5714 -5020
-5157 -5710 -5025
-5157 -5681 -5075
-5157 -5673 -5084
-5157 -5569 -5248
-5157 -5560 -5259
-5157 -5485 -5347
-5157 -5388 -5440
-5157 -5313 -5498
-5157 -5245 -5547
-5157 -5059 -5645
-5157 -5035 -5656
-5157 -5004 -5667
-5157 -4952 -5688
-5157 -4877 -5716
-5157 -4846 -5723
-5157 -4813 -5729
-5157 -4701 -5761
-5157 -4635 -5769
-5157 -4620 -5772
-5157 -4496 -5788
-5156 -5841 -4606
-5156 -5749 -4920
-5156 -5690 -5065
-5156 -5683 -5075
-5156 -5664 -5106
-5156 -5653 -5135
-5156 -5620 -5187
-5156 -5554 -5265
-5156 -5459 -5377
-5156 -5400 -5429
-5156 -5164 -5598
-5156 -5110 -5622
-5156 -5079 -5633
-5156 -4846 -5727
-5156 -4786 -5739
-5156 -4498 -5786
-5155 -5845 -4572
-5155 -5819 -4713
-5155 -5761 -4896
-5155 -5748 -4933
-5155 -5700 -5046
-5155 -5667 -5101
-5155 -5609 -5200
-5155 -5551 -5270
-5155 -5518 -5318
-5155 -5418 -5413
-5155 -5112 -5623
-5155 -4922 -5700
-5155 -4852 -5720
-5155 -4792 -5736
-5155 -4787 -5738
-5155 -4750 -5747
-5155 -4553 -5782
-5154 -5857 -4438
-5154 -5839 -4614
-5154 -5719 -5019
-5154 -5676 -5091
-5154 -5586 -5232
-5154 -5570 -5249
-5154 -5524 -5298
-5154 -5478 -5355
-5154 -5233 -5556
-5154 -5136 -5610
-5154 -5083 -5634
-5154 -4958 -5687
-5154 -4928 -5696
-5154 -4813 -5732
-5154 -4660 -5769
-5154 -4558 -5780
-5153 -5820 -4696
-5153 -5807 -4754
-5153 -5762 -4899
-5153 -5751 -4938
-5153 -5703 -5037
-5153 -5666 -5124
-5153 -5659 -5125
-5153 -5595 -5218
-5153 -5564 -5253
-5153 -5523 -5307
-5153 -5395 -5432
-5153 -5315 -5499
-5153 -5113 -5625
-5153 -5020 -5660
-5153 -4989 -5671
-5153 -4848 -5721
-5153 -4794 -5735
-5153 -4594 -5775
-5152 -5807 -4766
-5152 -5777 -4853
-5152 -5752 -4932
-5152 -5711 -5024
-5152 -5670 -5101
-5152 -5527 -5303
-5152 -5516 -5328
-5152 -5493 -5334
-5152 -5416 -5429
-5152 -5193 -5578
-5152 -5097 -5632
-5152 -5002 -5669
-5152 -4963 -5690
-5152 -4751 -5749
-5152 -4607 -5775
-5152 -4568 -5781
-5151 -5850 -4563
-5151 -5817 -4720
-5151 -5816 -4731
-5151 -5793 -4814
-5151 -5698 -5064
-5151 -5684 -5074
-5151 -5679 -5078
-5151 -5598 -5223
-5151 -5496 -5329
-5151 -5492 -5338
-5151 -5488 -5343
-5151 -5455 -5382
-5151 -5327 -5491
-5151 -5206 -5566
-5151 -5076 -5639
-5151 -5065 -5642
-5151 -5052 -5646
-5151 -4932 -5693
-5151 -4904 -5702
-5151 -4854 -5722
-5151 -4783 -5743
-5151 -4761 -5747
-5151 -4596 -5778
-5150 -5822 -4713
-5150 -5800 -4799
-5150 -5722 -5003
-5150 -5701 -5039
-5150 -5654 -5129
-5150 -5582 -5238
-5150 -5562 -5274
-5150 -5551 -5282
-5150 -5462 -5369
-5150 -5265 -5545
-5150 -5114 -5621
-5150 -5097 -5634
-5150 -5085 -5636
-5150 -5012 -5667
-5150 -4911 -5707
-5150 -4818 -5728
-5150 -4796 -5736
-5150 -4609 -5773
-5149 -5851 -4586
-5149 -5831 -4692
-5149 -5776 -4864
-5149 -5754 -4914
-5149 -5623 -5176
-5149 -5491 -5339
-5149 -5209 -5565
-5149 -5207 -5566
-5149 -5192 -5579
-5149 -5066 -5644
-5149 -4991 -5674
-5149 -4925 -5697
-5149 -4802 -5739
-5149 -4742 -5751
-5149 -4709 -5759
-5149 -4510 -5788
-5148 -5837 -4636
-5148 -5818 -4714
-5148 -5748 -4953
-5148 -5704 -5036
-5148 -5636 -5163
-5148 -5367 -5456
-5148 -5363 -5463
-5148 -5059 -5648
-5148 -4933 -5691
-5148 -4837 -5728
-5148 -4727 -5755
-5148 -4624 -5771
-5148 -4345 -5796
-5147 -5863 -4452
-5147 -5838 -4621
-5147 -5825 -4699
-5147 -5818 -4749
-5147 -5780 -4852
-5147 -5708 -5026
-5147 -5655 -5134
-5147 -5630 -5169
-5147 -5625 -5180
-5147 -5608 -5211
-5147 -5500 -5332
-5147 -5488 -5346
-5147 -5478 -5357
-5147 -5417 -5423
-5147 -5221 -5559
-5147 -5209 -5569
-5147 -5152 -5604
-5147 -5135 -5612
-5147 -4982 -5677
-5147 -4924 -5705
-5147 -4860 -5718
-5147 -4636 -5770
-5147 -4628 -5771
-5147 -4612 -5777
-5147 -4578 -5780
-5146 -5842 -4607
-5146 -5795 -4805
-5146 -5792 -4821
-5146 -5581 -5245
-5146 -5433 -5409
-5146 -5315 -5502
-5146 -5235 -5552
-5146 -5167 -5599
-5146 -5136 -5611
-5146 -5033 -5657
-5146 -5024 -5659
-5146 -4621 -5772
-5145 -5858 -4476
-5145 -5853 -4585
-5145 -5822 -4716
-5145 -5805 -4786
-5145 -5799 -4801
-5145 -5728 -4991
-5145 -5724 -5012
-5145 -5685 -5073
-5145 -5535 -5292
-5145 -5505 -5331
-5145 -5461 -5373
-5145 -5403 -5434
-5145 -5287 -5521
-5145 -5214 -5565
-5145 -5058 -5649
-5145 -4999 -5671
-5145 -4985 -5680
-5145 -4789 -5740
-5145 -4636 -5771
-5145 -4469 -5793
-5144 -5832 -4665
-5144 -5819 -4743
-5144 -5794 -4808
-5144 -5680 -5077
-5144 -5668 -5107
-5144 -5566 -5260
-5144 -5350 -5470
-5144 -5060 -5646
-5144 -5047 -5655
-5144 -4964 -5687
-5144 -4936 -5692
-5144 -4823 -5734
-5144 -4729 -5753
-5144 -4670 -5764
-5144 -4524 -5790
-5144 -4388 -5797
-5143 -5842 -4616
-5143 -5820 -4718
-5143 -5804 -4789
-5143 -5782 -4852
-5143 -5769 -4889
-5143 -5753 -4917
-5143 -5703 -5044
-5143 -5640 -5156
-5143 -5599 -5218
-5143 -5479 -5356
-5143 -5271 -5532
-5143 -5210 -5566
-5143 -5119 -5620
-5143 -4833 -5731
-5143 -4717 -5756
-5143 -4531 -5789
-5142 -5670 -5109
-5142 -5540 -5294
-5142 -5462 -5371
-5142 -5196 -5576
-5142 -5134 -5614
-5142 -4957 -5691
-5142 -4855 -5721
-5142 -4615 -5773
-5142 -4565 -5782
-5142 -4540 -5784
-5141 -5862 -4473
-5141 -5841 -4635
-5141 -5811 -4751
-5141 -5767 -4894
-5141 -5672 -5096
-5141 -5655 -5135
-5141 -5637 -5167
-5141 -5519 -5313
-5141 -5497 -5342
-5141 -5471 -5365
-5141 -5462 -5383
-5141 -5390 -5438
-5141 -5388 -5441
-5141 -5100 -5634
-5141 -5053 -5651
-5141 -5006 -5668
-5141 -4758 -5748
-5141 -4616 -5774
-5141 -4572 -5781
-5140 -5808 -4754
-5140 -5802 -4790
-5140 -5766 -4903
-5140 -5690 -5067
-5140 -5653 -5136
-5140 -5521 -5314
-5140 -5377 -5446
-5140 -5120 -5619
-5140 -5042 -5656
-5140 -5007 -5669
-5140 -4931 -5695
-5140 -4865 -5718
-5140 -4857 -5721
-5140 -4767 -5744
-5140 -4741 -5755
-5140 -4683 -5764
-5140 -4679 -5768
-5140 -4629 -5772
-5140 -4622 -5773
-5140 -4544 -5791
-5139 -5818 -4752
-5139 -5810 -4754
-5139 -5792 -4828
-5139 -5742 -4964
-5139 -5692 -5065
-5139 -5674 -5093
-5139 -5589 -5228
-5139 -5584 -5234
-5139 -5431 -5414
-5139 -5384 -5450
-5139 -5335 -5500
-5139 -5292 -5516
-5139 -5253 -5553
-5139 -5026 -5663
-5139 -4994 -5672
-5139 -4880 -5714
-5139 -4790 -5741
-5139 -4750 -5750
-5139 -4710 -5761
-5139 -4592 -5779
-5139 -4408 -5796
-5138 -5854 -4558
-5138 -5813 -4769
-5138 -5796 -4803
-5138 -5754 -4916
-5138 -5752 -4933
-5138 -5610 -5195
-5138 -5571 -5249
-5138 -5528 -5298
-5138 -5494 -5344
-5138 -5254 -5550
-5138 -5215 -5569
-5138 -5140 -5609
-5138 -5124 -5624
-5138 -5064 -5645
-5138 -5047 -5658
-5138 -5035 -5660
-5138 -4942 -5695
-5138 -4850 -5725
-5138 -4644 -5770
-5138 -4597 -5781
-5137 -5864 -4417
-5137 -5827 -4711
-5137 -5825 -4715
-5137 -5801 -4809
-5137 -5732 -4978
-5137 -5592 -5233
-5137 -5582 -5243
-5137 -5569 -5250
-5137 -5530 -5297
-5137 -5481 -5354
-5137 -5468 -5374
-5137 -5063 -5647
-5137 -4941 -5698
-5137 -4780 -5746
-5137 -4756 -5750
-5137 -4720 -5758
-5137 -4714 -5762
-5137 -4631 -5779
-5137 -4488 -5795
-5136 -5836 -4642
-5136 -5828 -4701
-5136 -5803 -4791
-5136 -5796 -4816
-5136 -5775 -4883
-5136 -5726 -4995
-5136 -5679 -5083
-5136 -5619 -5189
-5136 -5609 -5205
-5136 -5568 -5258
-5136 -5527 -5304
-5136 -5480 -5363
-5136 -5293 -5524
-5136 -5182 -5593
-5136 -5150 -5605
-5136 -5026 -5664
-5136 -4995 -5675
-5136 -4987 -5679
-5136 -4815 -5735
-5136 -4640 -5774
-5135 -5858 -4486
-5135 -5848 -4602
-5135 -5838 -4646
-5135 -5701 -5050
-5135 -5680 -5079
-5135 -5673 -5100
-5135 -5617 -5192
-5135 -5534 -5295
-5135 -5420 -5416
-5135 -5148 -5613
-5135 -5107 -5626
-5135 -5102 -5628
-5135 -5023 -5666
-5135 -4806 -5740
-5135 -4672 -5771
-5134 -5837 -4660
-5134 -5777 -4868
-5134 -5760 -4908
-5134 -5708 -5037
-5134 -5527 -5308
-5134 -5494 -5347
-5134 -5469 -5366
-5134 -5224 -5567
-5134 -5199 -5578
-5134 -5086 -5635
-5134 -4983 -5681
-5134 -4974 -5683
-5134 -4952 -5693
-5134 -4869 -5721
-5134 -4723 -5756
-5134 -4681 -5766
-5134 -4558 -5783
-5134 -4554 -5785
-5133 -5847 -4605
-5133 -5846 -4636
-5133 -5822 -4730
-5133 -5778 -4859
-5133 -5751 -4942
-5133 -5732 -4985
-5133 -5655 -5142
-5133 -5573 -5250
-5133 -5506 -5336
-5133 -5349 -5473
-5133 -5236 -5556
-5133 -5230 -5559
-5133 -5183 -5589
-5133 -5162 -5611
-5133 -5028 -5669
-5133 -5008 -5673
-5132 -5866 -4318
-5132 -5852 -4590
-5132 -5806 -4770
-5132 -5780 -4870
-5132 -5738 -4966
-5132 -5730 -4986
-5132 -5707 -5052
-5132 -5679 -5090
-5132 -5674 -5115
-5132 -5632 -5170
-5132 -5525 -5310
-5132 -5396 -5437
-5132 -5386 -5443
-5132 -5271 -5535
-5132 -5218 -5570
-5132 -5082 -5637
-5132 -4914 -5711
-5132 -4854 -5723
-5132 -4807 -5736
-5132 -4756 -5752
-5132 -4734 -5756
-5132 -4654 -5773
-5132 -4578 -5782
-5132 -4495 -5795
-5131 -5867 -4370
-5131 -5862 -4541
-5131 -5807 -4795
-5131 -5797 -4815
-5131 -5790 -4842
-5131 -5786 -4847
-5131 -5760 -4923
-5131 -5741 -4973
-5131 -5727 -4994
-5131 -5656 -5128
-5131 -5625 -5181
-5131 -5621 -5186
-5131 -5616 -5193
-5131 -5524 -5319
-5131 -5388 -5446
-5131 -4989 -5677
-5131 -4976 -5686
-5131 -4840 -5728
-5131 -4768 -5750
-5131 -4588 -5785
-5130 -5840 -4680
-5130 -5784 -4855
-5130 -5692 -5067
-5130 -5688 -5078
-5130 -5682 -5095
-5130 -5624 -5184
-5130 -5565 -5267
-5130 -5542 -5289
-5130 -5540 -5299
-5130 -5394 -5442
-5130 -5274 -5527
-5130 -5207 -5579
-5130 -5078 -5638
-5130 -4907 -5715
-5130 -4847 -5727
-5130 -4819 -5735
-5130 -4731 -5760
-5130 -4695 -5765
-5130 -4671 -5772
-5129 -5824 -4720
-5129 -5753 -4928
-5129 -5714 -5025
-5129 -5619 -5198
-5129 -5569 -5257
-5129 -5542 -5293
-5129 -5494 -5352
-5129 -5436 -5408
-5129 -5197 -5580
-5129 -5071 -5645
-5129 -5050 -5658
-5129 -4855 -5722
-5129 -4797 -5742
-5129 -4545 -5786
-5128 -5834 -4687
-5128 -5808 -4792
-5128 -5782 -4860
-5128 -5641 -5151
-5128 -5576 -5247
-5128 -5570 -5256
-5128 -5541 -5295
-5128 -5381 -5454
-5128 -4989 -5684
-5128 -4957 -5693
-5128 -4795 -5744
-5128 -4762 -5752
-5127 -5864 -4467
-5127 -5776 -4878
-5127 -5756 -4933
-5127 -5747 -4954
-5127 -5617 -5199
-5127 -5574 -5252
-5127 -5560 -5276
-5127 -5497 -5357
-5127 -5170 -5599
-5127 -5055 -5650
-5127 -4791 -5745
-5127 -4617 -5782
-5127 -4570 -5793
-5127 -4482 -5797
-5127 -4365 -5800
-5126 -5870 -4386
-5126 -5833 -4690
-5126 -5829 -4699
-5126 -5792 -4835
-5126 -5772 -4888
-5126 -5729 -4987
-5126 -5643 -5155
-5126 -5633 -5171
-5126 -5622 -5185
-5126 -5577 -5247
-5126 -5372 -5457
-5126 -4860 -5722
-5126 -4812 -5737
-5126 -4718 -5761
-5126 -4598 -5784
-5126 -4579 -5788
-5125 -5844 -4649
-5125 -5821 -4734
-5125 -5781 -4878
-5125 -5774 -4886
-5125 -5761 -4910
-5125 -5749 -4948
-5125 -5725 -5016
-5125 -5589 -5236
-5125 -5567 -5268
-5125 -5528 -5305
-5125 -5140 -5614
-5125 -4844 -5731
-5125 -4751 -5753
-5125 -4745 -5754
-5125 -4658 -5774
-5124 -5856 -4543
-5124 -5823 -4729
-5124 -5822 -4733
-5124 -5813 -4777
-5124 -5799 -4822
-5124 -5791 -4840
-5124 -5769 -4890
-5124 -5752 -4937
-5124 -5732 -4992
-5124 -5699 -5055
-5124 -5667 -5119
-5124 -5606 -5213
-5124 -5586 -5241
-5124 -5469 -5378
-5124 -5282 -5529
-5124 -5233 -5561
-5124 -4928 -5701
-5124 -4870 -5720
-5124 -4823 -5738
-5124 -4681 -5769
-5123 -5819 -4744
-5123 -5801 -4814
-5123 -5679 -5108
-5123 -5266 -5541
-5123 -5198 -5583
-5123 -5098 -5637
-5123 -4873 -5720
-5123 -4782 -5746
-5123 -4650 -5778
-5123 -4544 -5794
-5122 -5865 -4398
-5122 -5856 -4550
-5122 -5854 -4577
-5122 -5828 -4709
-5122 -5814 -4754
-5122 -5794 -4823
-5122 -5757 -4937
-5122 -5739 -4979
-5122 -5660 -5130
-5122 -5649 -5144
-5122 -5635 -5173
-5122 -5210 -5572
-5122 -5164 -5603
-5122 -5133 -5615
-5122 -4863 -5724
-5122 -4722 -5761
-5122 -4659 -5773
-5121 -5867 -4408
-5121 -5866 -4428
-5121 -5842 -4655
-5121 -5824 -4722
-5121 -5820 -4741
-5121 -5816 -4753
-5121 -5767 -4899
-5121 -5762 -4904
-5121 -5745 -4956
-5121 -5733 -4982
-5121 -5595 -5226
-5121 -5544 -5284
-5121 -5398 -5441
-5121 -5208 -5581
-5121 -5192 -5586
-5121 -4996 -5674
-5121 -4954 -5695
-5121 -4847 -5728
-5121 -4754 -5753
-5121 -4714 -5764
-5121 -4585 -5786
-5120 -5783 -4857
-5120 -5745 -4957
-5120 -5742 -4984
-5120 -5726 -4996
-5120 -5701 -5053
-5120 -5692 -5069
-5120 -5630 -5188
-5120 -5585 -5242
-5120 -5442 -5402
-5120 -5370 -5460
-5120 -5113 -5627
-5120 -5091 -5642
-5120 -5059 -5651
-5120 -5032 -5661
-5120 -5003 -5674
-5120 -4883 -5719
-5120 -4855 -5726
-5120 -4772 -5749
-5120 -4683 -5766
-5119 -5848 -4604
-5119 -5831 -4706
-5119 -5814 -4758
-5119 -5768 -4895
-5119 -5681 -5096
-5119 -5661 -5127
-5119 -5639 -5174
-5119 -5592 -5234
-5119 -5588 -5243
-5119 -5586 -5253
-5119 -5344 -5482
-5119 -5190 -5590
-5119 -5188 -5593
-5119 -5105 -5628
-5119 -4930 -5701
-5119 -4889 -5716
-5119 -4811 -5739
-5119 -4703 -5765
-5119 -4666 -5773
-5119 -4526 -5802
-5118 -5873 -4429
-5118 -5860 -4605
-5118 -5838 -4691
-5118 -5836 -4699
-5118 -5834 -4703
-5118 -5814 -4785
-5118 -5802 -4813
-5118 -5787 -4843
-5118 -5772 -4895
-5118 -5750 -4944
-5118 -5715 -5025
-5118 -5642 -5156
-5118 -5603 -5225
-5118 -5588 -5247
-5118 -5554 -5278
-5118 -5544 -5288
-5118 -5502 -5338
-5118 -5482 -5362
-5118 -5475 -5366
-5118 -5460 -5385
-5118 -5171 -5596
-5118 -5109 -5629
-5118 -5064 -5649
-5118 -4752 -5754
-5118 -4746 -5757
-5118 -4707 -5765
-5118 -4687 -5771
-5118 -4673 -5772
-5118 -4604 -5788
-5118 -4535 -5797
-5117 -5864 -4507
-5117 -5862 -4549
-5117 -5848 -4613
-5117 -5846 -4638
-5117 -5842 -4657
-5117 -5763 -4907
-5117 -5709 -5026
-5117 -5700 -5063
-5117 -5690 -5070
-5117 -5552 -5279
-5117 -5548 -5284
-5117 -5137 -5616
-5117 -5125 -5618
-5117 -5120 -5625
-5117 -5095 -5638
-5117 -4852 -5731
-5117 -4626 -5781
-5117 -4613 -5783
-5117 -4607 -5784
-5116 -5866 -4445
-5116 -5850 -4612
-5116 -5843 -4662
-5116 -5795 -4825
-5116 -5767 -4904
-5116 -5743 -4968
-5116 -5719 -5036
-5116 -5650 -5149
-5116 -5640 -5157
-5116 -5606 -5230
-5116 -5471 -5368
-5116 -5419 -5417
-5116 -5374 -5456
-5116 -5371 -5463
-5116 -5362 -5470
-5116 -5240 -5554
-5116 -5141 -5616
-5116 -4990 -5678
-5116 -4928 -5704
-5116 -4866 -5722
-5116 -4779 -5747
-5116 -4773 -5751
-5116 -4668 -5774
-5116 -4627 -5780
-5115 -5867 -4473
-5115 -5832 -4735
-5115 -5790 -4844
-5115 -5783 -4869
-5115 -5764 -4908
-5115 -5693 -5075
-5115 -5675 -5110
-5115 -5474 -5368
-5115 -5350 -5473
-5115 -5320 -5508
-5115 -5151 -5614
-5115 -5017 -5672
-5115 -5005 -5674
-5115 -4942 -5696
-5115 -4934 -5700
-5115 -4874 -5720
-5115 -4828 -5736
-5115 -4798 -5742
-5115 -4775 -5748
-5115 -4747 -5756
-5114 -5806 -4807
-5114 -5751 -4948
-5114 -5729 -5001
-5114 -5694 -5065
-5114 -5645 -5150
-5114 -5614 -5200
-5114 -5570 -5257
-5114 -5086 -5643
-5114 -4993 -5676
-5114 -4970 -5688
-5114 -4926 -5706
-5114 -4802 -5741
-5114 -4768 -5753
-5113 -5844 -4656
-5113 -5786 -4865
-5113 -5775 -4884
-5113 -5762 -4920
-5113 -5683 -5082
-5113 -5652 -5167
-5113 -5609 -5217
-5113 -5532 -5302
-5113 -5350 -5477
-5113 -5337 -5490
-5113 -5220 -5568
-5113 -5147 -5616
-5113 -4965 -5689
-5113 -4829 -5735
-5113 -4663 -5777
-5113 -4636 -5781
-5112 -5849 -4615
-5112 -5823 -4736
-5112 -5816 -4765
-5112 -5808 -4794
-5112 -5790 -4847
-5112 -5771 -4910
-5112 -5708 -5041
-5112 -5695 -5072
-5112 -5687 -5081
-5112 -5684 -5086
-5112 -5477 -5365
-5112 -5456 -5393
-5112 -5428 -5415
-5112 -5400 -5436
-5112 -5346 -5488
-5112 -5286 -5535
-5112 -4874 -5723
-5112 -4848 -5734
-5112 -4789 -5747
-5112 -4776 -5748
-5112 -4773 -5762
-5112 -4697 -5771
-5111 -5874 -4309
-5111 -5842 -4690
-5111 -5776 -4880
-5111 -5727 -5007
-5111 -5686 -5087
-5111 -5556 -5284
-5111 -5549 -5287
-5111 -5472 -5371
-5111 -5420 -5421
-5111 -5143 -5617
-5111 -5114 -5629
-5111 -5102 -5631
-5111 -5039 -5661
-5111 -5029 -5665
-5111 -4971 -5689
-5111 -4883 -5723
-5111 -4706 -5766
-5111 -4624 -5786
-5110 -5793 -4830
-5110 -5761 -4938
-5110 -5655 -5154
-5110 -5484 -5360
-5110 -4998 -5675
-5110 -4978 -5687
-5110 -4700 -5768
-5109 -5819 -4752
-5109 -5781 -4880
-5109 -5747 -4969
-5109 -5708 -5043
-5109 -5696 -5069
-5109 -5693 -5080
-5109 -5663 -5140
-5109 -5562 -5275
-5109 -5545 -5289
-5109 -5531 -5303
-5109 -5432 -5410
-5109 -5403 -5435
-5109 -5375 -5456
-5109 -5351 -5474
-5109 -5326 -5506
-5109 -5301 -5510
-5109 -5053 -5653
-5109 -5035 -5663
-5109 -4931 -5703
-5109 -4887 -5718
-5109 -4867 -5726
-5109 -4780 -5751
-5109 -4724 -5765
-5108 -5868 -4468
-5108 -5863 -4515
-5108 -5821 -4751
-5108 -5763 -4912
-5108 -5752 -4940
-5108 -5694 -5074
-5108 -5627 -5191
-5108 -5590 -5238
-5108 -5502 -5343
-5108 -5386 -5448
-5108 -5240 -5556
-5108 -5123 -5625
-5108 -5120 -5629
-5108 -5042 -5659
-5108 -5009 -5675
-5108 -4953 -5698
-5108 -4850 -5735
-5108 -4725 -5764
-5108 -4720 -5767
-5108 -4665 -5776
-5107 -5824 -4740
-5107 -5801 -4823
-5107 -5773 -4888
-5107 -5724 -5029
-5107 -5696 -5071
-5107 -5691 -5081
-5107 -5683 -5093
-5107 -5563 -5269
-5107 -5543 -5291
-5107 -5530 -5304
-5107 -5506 -5339
-5107 -5294 -5519
-5107 -5236 -5560
-5107 -5129 -5618
-5107 -5072 -5644
-5107 -5070 -5648
-5107 -5051 -5654
-5107 -5031 -5664
-5107 -4993 -5678
-5107 -4637 -5782
-5106 -5870 -4490
-5106 -5847 -4632
-5106 -5843 -4663
-5106 -5783 -4874
-5106 -5713 -5042
-5106 -5216 -5571
-5106 -5059 -5653
-5106 -5014 -5673
-5106 -4990 -5680
-5106 -4932 -5704
-5106 -4821 -5741
-5106 -4670 -5775
-5105 -5853 -4614
-5105 -5839 -4701
-5105 -5801 -4832
-5105 -5475 -5370
-5105 -5379 -5456
-5105 -5352 -5477
-5105 -5304 -5517
-5105 -5287 -5530
-5105 -5133 -5623
-5105 -5060 -5652
-5105 -5043 -5660
-5105 -5019 -5671
-5105 -4998 -5676
-5105 -4993 -5680
-5105 -4901 -5716
-5105 -4830 -5738
-5105 -4806 -5742
-5105 -4796 -5747
-5105 -4678 -5774
-5104 -5827 -4740
-5104 -5810 -4802
-5104 -5789 -4869
-5104 -5780 -4889
-5104 -5757 -4939
-5104 -5756 -4940
-5104 -5748 -4955
-5104 -5669 -5116
-5104 -5575 -5259
-5104 -5538 -5300
-5104 -5228 -5566
-5104 -5209 -5576
-5104 -5008 -5676
-5104 -4943 -5699
-5104 -4821 -5743
-5104 -4816 -5746
-5104 -4792 -5748
-5104 -4729 -5771
-5104 -4639 -5785
-5104 -4623 -5787
-5103 -5848 -4631
-5103 -5733 -5000
-5103 -5717 -5041
-5103 -5672 -5120
-5103 -5626 -5199
-5103 -5591 -5235
-5103 -5551 -5287
-5103 -5542 -5298
-5103 -5519 -5320
-5103 -5405 -5430
-5103 -5376 -5460
-5103 -5309 -5516
-5103 -5240 -5561
-5103 -5211 -5573
-5103 -5197 -5584
-5103 -5107 -5632
-5103 -5096 -5638
-5103 -4960 -5691
-5103 -4958 -5695
-5102 -5817 -4757
-5102 -5777 -4891
-5102 -5754 -4944
-5102 -5734 -4985
-5102 -5687 -5088
-5102 -5545 -5292
-5102 -5482 -5363
-5102 -5388 -5449
-5102 -5102 -5635
-5102 -5080 -5645
-5102 -5044 -5663
-5102 -5032 -5665
-5102 -4942 -5700
-5102 -4859 -5729
-5102 -4736 -5763
-5102 -4680 -5777
-5101 -5862 -4551
-5101 -5803 -4808
-5101 -5797 -4834
-5101 -5792 -4845
-5101 -5765 -4928
-5101 -5560 -5281
-5101 -5502 -5347
-5101 -5406 -5433
-5101 -5097 -5640
-5101 -4975 -5688
-5101 -4948 -5699
-5101 -4781 -5751
-5101 -4685 -5772
-5101 -4562 -5797
-5100 -5820 -4762
-5100 -5723 -5031
-5100 -5698 -5078
-5100 -5690 -5096
-5100 -5639 -5179
-5100 -5571 -5264
-5100 -5548 -5297
-5100 -5538 -5303
-5100 -5423 -5417
-5100 -5216 -5572
-5100 -5076 -5647
-5100 -4921 -5710
-5100 -4681 -5773
-5099 -5875 -4444
-5099 -5847 -4679
-5099 -5835 -4707
-5099 -5811 -4801
-5099 -5593 -5233
-5099 -5550 -5292
-5099 -5365 -5469
-5099 -5056 -5655
-5099 -5001 -5677
-5099 -4979 -5689
-5099 -4935 -5701
-5099 -4823 -5739
-5099 -4626 -5787
-5098 -5873 -4495
-5098 -5851 -4645
-5098 -5815 -4766
-5098 -5798 -4841
-5098 -5718 -5040
-5098 -5611 -5203
-5098 -5478 -5364
-5098 -5391 -5443
-5098 -5314 -5514
-5098 -5173 -5596
-5098 -5072 -5648
-5098 -5069 -5651
-5098 -4931 -5708
-5098 -4781 -5752
-5098 -4686 -5777
-5097 -5881 -4420
-5097 -5865 -4522
-5097 -5776 -4892
-5097 -5617 -5201
-5097 -5612 -5203
-5097 -5531 -5305
-5097 -5517 -5323
-5097 -5383 -5452
-5097 -5350 -5478
-5097 -5315 -5511
-5097 -5266 -5543
-5097 -5055 -5657
-5097 -5005 -5678
-5097 -4993 -5683
-5097 -4933 -5703
-5097 -4848 -5736
-5097 -4667 -5779
-5097 -4577 -5789
-5096 -5790 -4849
-5096 -5772 -4896
-5096 -5756 -4947
-5096 -5709 -5047
-5096 -5708 -5054
-5096 -5609 -5223
-5096 -5440 -5404
-5096 -5299 -5523
-5096 -5231 -5565
-5096 -5070 -5653
-5096 -4806 -5748
-5096 -4737 -5763
-5096 -4595 -5794
-5095 -5866 -4532
-5095 -5861 -4579
-5095 -5819 -4764
-5095 -5815 -4795
-5095 -5774 -4900
-5095 -5751 -4959
-5095 -5738 -4989
-5095 -5732 -5002
-5095 -5694 -5079
-5095 -5566 -5271
-5095 -5480 -5364
-5095 -5243 -5554
-5095 -5197 -5585
-5095 -5136 -5619
-5095 -5049 -5660
-5095 -5035 -5667
-5095 -4971 -5690
-5094 -5752 -4958
-5094 -5748 -4963
-5094 -5683 -5103
-5094 -5670 -5127
-5094 -5563 -5276
-5094 -5423 -5420
-5094 -5292 -5525
-5094 -5275 -5538
-5094 -5225 -5568
-5094 -5219 -5569
-5094 -5203 -5584
-5094 -5094 -5642
-5094 -4999 -5679
-5094 -4940 -5704
-5094 -4636 -5786
-5093 -5867 -4496
-5093 -5835 -4720
-5093 -5824 -4754
-5093 -5790 -4859
-5093 -5767 -4921
-5093 -5763 -4934
-5093 -5728 -5003
-5093 -5656 -5145
-5093 -5612 -5210
-5093 -5584 -5254
-5093 -5353 -5472
-5093 -5257 -5547
-5093 -5083 -5647
-5093 -5010 -5676
-5093 -4969 -5695
-5093 -4943 -5704
-5093 -4838 -5741
-5093 -4820 -5745
-5093 -4778 -5753
-5093 -4746 -5771
-5093 -4696 -5772
-5093 -4656 -5781
-5093 -4356 -5803
-5092 -5851 -4678
-5092 -5791 -4854
-5092 -5708 -5061
-5092 -5692 -5084
-5092 -5665 -5133
-5092 -5627 -5192
-5092 -5569 -5265
-5092 -5565 -5274
-5092 -5380 -5456
-5092 -5223 -5572
-5092 -5221 -5575
-5092 -4948 -5702
-5092 -4689 -5774
-5092 -4387 -5808
-5091 -5853 -4622
-5091 -5833 -4730
-5091 -5826 -4742
-5091 -5714 -5042
-5091 -5611 -5224
-5091 -5389 -5447
-5091 -5372 -5465
-5091 -5243 -5555
-5091 -5137 -5622
-5091 -5063 -5654
-5091 -5057 -5656
-5091 -5013 -5674
-5091 -4926 -5709
-5091 -4841 -5739
-5091 -4396 -5803
-5090 -5828 -4740
-5090 -5819 -4790
-5090 -5808 -4809
-5090 -5704 -5062
-5090 -5674 -5121
-5090 -5664 -5136
-5090 -5630 -5197
-5090 -5433 -5412
-5090 -5393 -5443
-5090 -5167 -5604
-5090 -5111 -5631
-5090 -5052 -5659
-5090 -4996 -5682
-5090 -4982 -5689
-5090 -4932 -5705
-5090 -4658 -5784
-5089 -5854 -4645
-5089 -5830 -4739
-5089 -5790 -4870
-5089 -5749 -4962
-5089 -5526 -5315
-5089 -5477 -5373
-5089 -5268 -5540
-5089 -5198 -5586
-5089 -5067 -5655
-5089 -5036 -5666
-5089 -5018 -5677
-5089 -4972 -5692
-5089 -4915 -5714
-5089 -4891 -5717
-5089 -4889 -5724
-5089 -4870 -5729
-5089 -4859 -5730
-5089 -4409 -5803
-5089 -4390 -5806
-5088 -5864 -4567
-5088 -5855 -4620
-5088 -5804 -4813
-5088 -5782 -4876
-5088 -5743 -4973
-5088 -5736 -5002
-5088 -5729 -5004
-5088 -5633 -5180
-5088 -5534 -5308
-5088 -5355 -5472
-5088 -5184 -5596
-5088 -5116 -5633
-5088 -5058 -5657
-5088 -5026 -5671
-5088 -4991 -5687
-5088 -4904 -5719
-5087 -5863 -4604
-5087 -5792 -4850
-5087 -5774 -4903
-5087 -5717 -5042
-5087 -5702 -5065
-5087 -5683 -5115
-5087 -5614 -5204
-5087 -5597 -5231
-5087 -5516 -5330
-5087 -5507 -5333
-5087 -5232 -5562
-5087 -5122 -5626
-5087 -4951 -5701
-5087 -4794 -5750
-5086 -5867 -4541
-5086 -5848 -4689
-5086 -5834 -4727
-5086 -5811 -4803
-5086 -5810 -4820
-5086 -5739 -4986
-5086 -5732 -5009
-5086 -5699 -5072
-5086 -5629 -5198
-5086 -5616 -5202
-5086 -5583 -5255
-5086 -5518 -5324
-5086 -5476 -5376
-5086 -5408 -5430
-5086 -5108 -5639
-5086 -4805 -5749
-5085 -5873 -4498
-5085 -5757 -4943
-5085 -5642 -5172
-5085 -5502 -5348
-5085 -5463 -5385
-5085 -5406 -5434
-5085 -5008 -5678
-5085 -4955 -5702
-5085 -4881 -5725
-5085 -4645 -5786
-5085 -4616 -5789
-5084 -5857 -4648
-5084 -5757 -4954
-5084 -5750 -4962
-5084 -5710 -5043
-5084 -5667 -5128
-5084 -5598 -5234
-5084 -5542 -5303
-5084 -5526 -5318
-5084 -5521 -5329
-5084 -5355 -5479
-5084 -5030 -5668
-5084 -4470 -5803
-5083 -5786 -4879
-5083 -5775 -4898
-5083 -5632 -5185
-5083 -5596 -5235
-5083 -5456 -5394
-5083 -5378 -5457
-5083 -5273 -5539
-5083 -4999 -5684
-5083 -4916 -5711
-5083 -4785 -5753
-5083 -4665 -5784
-5083 -4648 -5785
-5083 -4444 -5804
-5082 -5864 -4577
-5082 -5837 -4708
-5082 -5812 -4796
-5082 -5805 -4821
-5082 -5793 -4849
-5082 -5743 -4980
-5082 -5733 -5004
-5082 -5725 -5022
-5082 -5692 -5086
-5082 -5613 -5207
-5082 -5560 -5286
-5082 -5527 -5311
-5082 -5511 -5333
-5082 -5468 -5383
-5082 -5377 -5458
-5082 -5327 -5502
-5082 -5256 -5548
-5082 -5039 -5666
-5082 -5013 -5678
-5082 -4614 -5793
-5082 -4564 -5797
-5082 -4517 -5803
-5081 -5874 -4460
-5081 -5842 -4704
-5081 -5824 -4757
-5081 -5800 -4851
-5081 -5709 -5055
-5081 -5635 -5190
-5081 -5088 -5644
-5081 -5023 -5673
-5081 -4986 -5689
-5081 -4533 -5800
-5081 -4467 -5804
-5080 -5884 -4432
-5080 -5877 -4444
-5080 -5825 -4751
-5080 -5795 -4855
-5080 -5758 -4940
-5080 -5753 -4966
-5080 -5709 -5058
-5080 -5665 -5139
-5080 -5591 -5255
-5080 -5531 -5310
-5080 -5269 -5542
-5080 -5044 -5668
-5080 -4939 -5707
-5080 -4898 -5726
-5080 -4706 -5774
-5080 -4677 -5778
-5079 -5853 -4655
-5079 -5825 -4753
-5079 -5823 -4771
-5079 -5781 -4886
-5079 -5774 -4905
-5079 -5659 -5144
-5079 -5527 -5314
-5079 -5515 -5341
-5079 -5421 -5421
-5079 -5361 -5471
-5079 -5073 -5648
-5079 -4807 -5747
-5079 -4691 -5775
-5078 -5744 -4971
-5078 -5678 -5117
-5078 -5614 -5209
-5078 -5538 -5305
-5078 -5523 -5327
-5078 -5500 -5349
-5078 -5390 -5444
-5078 -5288 -5526
-5078 -5249 -5554
-5078 -4992 -5685
-5078 -4927 -5713
-5078 -4913 -5715
-5078 -4865 -5731
-5078 -4790 -5759
-5078 -4406 -5807
-5077 -5882 -4440
-5077 -5878 -4471
-5077 -5843 -4733
-5077 -5829 -4742
-5077 -5804 -4823
-5077 -5755 -4957
-5077 -5752 -4984
-5077 -5726 -5020
-5077 -5704 -5065
-5077 -5481 -5365
-5077 -5409 -5433
-5077 -5189 -5591
-5077 -5030 -5670
-5076 -5871 -4545
-5076 -5867 -4591
-5076 -5762 -4946
-5076 -5729 -5011
-5076 -5616 -5203
-5076 -5569 -5266
-5076 -5565 -5275
-5076 -5561 -5280
-5076 -5553 -5287
-5076 -5541 -5310
-5076 -5528 -5319
-5076 -5401 -5439
-5076 -5230 -5566
-5076 -5224 -5569
-5076 -5214 -5576
-5076 -5192 -5587
-5076 -5144 -5621
-5076 -5066 -5657
-5076 -4996 -5686
-5076 -4875 -5730
-5076 -4521 -5803
-5076 -4437 -5811
-5075 -5826 -4744
-5075 -5795 -4856
-5075 -5787 -4874
-5075 -5786 -4882
-5075 -5769 -4912
-5075 -5710 -5057
-5075 -5666 -5138
-5075 -5564 -5278
-5075 -5463 -5391
-5075 -5427 -5416
-5075 -5165 -5605
-5075 -5092 -5646
-5075 -5072 -5650
-5075 -5005 -5683
-5075 -4920 -5718
-5075 -4799 -5753
-5075 -4545 -5799
-5075 -4450 -5806
-5074 -5876 -4484
-5074 -5868 -4614
-5074 -5844 -4708
-5074 -5827 -4763
-5074 -5819 -4792
-5074 -5773 -4907
-5074 -5711 -5043
-5074 -5623 -5200
-5074 -5529 -5315
-5074 -5483 -5362
-5074 -5439 -5405
-5074 -5419 -5422
-5074 -5348 -5480
-5074 -5210 -5578
-5074 -5198 -5587
-5074 -5164 -5611
-5074 -5148 -5626
-5074 -5075 -5655
-5074 -4868 -5734
-5074 -4849 -5736
-5074 -4811 -5750
-5074 -4780 -5760
-5074 -4692 -5779
-5074 -4589 -5798
-5073 -5877 -4476
-5073 -5830 -4741
-5073 -5815 -4818
-5073 -5782 -4883
-5073 -5738 -5005
-5073 -5727 -5024
-5073 -5691 -5092
-5073 -5686 -5104
-5073 -5567 -5283
-5073 -5367 -5466
-5073 -5121 -5627
-5073 -4846 -5739
-5072 -5793 -4869
-5072 -5771 -4925
-5072 -5685 -5110
-5072 -5670 -5130
-5072 -5658 -5145
-5072 -5640 -5176
-5072 -5616 -5210
-5072 -5411 -5431
-5072 -5119 -5630
-5072 -5046 -5661
-5072 -4991 -5688
-5072 -4842 -5740
-5072 -4825 -5744
-5072 -4747 -5765
-5072 -4630 -5790
-5072 -4457 -5806
-5071 -5872 -4518
-5071 -5830 -4750
-5071 -5789 -4873
-5071 -5747 -4986
-5071 -5739 -5001
-5071 -5703 -5067
-5071 -5693 -5097
-5071 -5670 -5132
-5071 -5620 -5206
-5071 -5593 -5238
-5071 -5577 -5256
-5071 -5573 -5265
-5071 -5491 -5364
-5071 -5358 -5472
-5071 -5192 -5589
-5071 -5122 -5627
-5071 -5117 -5634
-5071 -5047 -5668
-5071 -5007 -5680
-5071 -4945 -5706
-5070 -5791 -4877
-5070 -5774 -4910
-5070 -5619 -5215
-5070 -5578 -5268
-5070 -5570 -5270
-5070 -5554 -5287
-5070 -5478 -5369
-5070 -5261 -5546
-5070 -5101 -5645
-5070 -4980 -5690
-5070 -4963 -5702
-5070 -4954 -5703
-5070 -4474 -5807
-5069 -5820 -4776
-5069 -5806 -4831
-5069 -5745 -4990
-5069 -5713 -5043
-5069 -5694 -5086
-5069 -5645 -5170
-5069 -5543 -5298
-5069 -5489 -5373
-5069 -5441 -5403
-5069 -5174 -5600
-5069 -5052 -5660
-5069 -4968 -5697
-5069 -4831 -5743
-5069 -4712 -5773
-5069 -4645 -5789
-5068 -5874 -4501
-5068 -5872 -4592
-5068 -5801 -4838
-5068 -5783 -4891
-5068 -5765 -4932
-5068 -5713 -5059
-5068 -5426 -5417
-5068 -5400 -5440
-5068 -5359 -5473
-5068 -5169 -5601
-5068 -4838 -5742
-5068 -4546 -5804
-5067 -5882 -4475
-5067 -5876 -4511
-5067 -5850 -4699
-5067 -5821 -4772
-5067 -5720 -5033
-5067 -5694 -5094
-5067 -5687 -5098
-5067 -5677 -5124
-5067 -5550 -5294
-5067 -5546 -5303
-5067 -5439 -5420
-5067 -5349 -5485
-5067 -4946 -5704
-5067 -4873 -5731
-5067 -4720 -5772
-5066 -5829 -4752
-5066 -5777 -4913
-5066 -5756 -4957
-5066 -5716 -5044
-5066 -5703 -5080
-5066 -5625 -5200
-5066 -5535 -5320
-5066 -5464 -5393
-5066 -5418 -5423
-5066 -5350 -5482
-5066 -5173 -5604
-5066 -5103 -5640
-5066 -5020 -5681
-5066 -4825 -5746
-5066 -4758 -5763
-5065 -5852 -4674
-5065 -5759 -4950
-5065 -5733 -5017
-5065 -5716 -5047
-5065 -5637 -5189
-5065 -5574 -5273
-5065 -5413 -5438
-5065 -5232 -5563
-5065 -5152 -5613
-5065 -5095 -5647
-5065 -4940 -5707
-5065 -4726 -5772
-5064 -5879 -4484
-5064 -5858 -4632
-5064 -5785 -4892
-5064 -5765 -4933
-5064 -5736 -5006
-5064 -5655 -5159
-5064 -5405 -5447
-5064 -5111 -5637
-5064 -4827 -5749
-5064 -4807 -5751
-5064 -4705 -5779
-5064 -4509 -5809
-5064 -4392 -5812
-5063 -5802 -4837
-5063 -5765 -4945
-5063 -5721 -5033
-5063 -5714 -5058
-5063 -5592 -5249
-5063 -5386 -5454
-5063 -5289 -5527
-5063 -5073 -5656
-5063 -4537 -5806
-5062 -5883 -4448
-5062 -5833 -4745
-5062 -5723 -5048
-5062 -5709 -5076
-5062 -5697 -5089
-5062 -5440 -5414
-5062 -4907 -5719
-5062 -4707 -5774
-5062 -4667 -5781
-5062 -4568 -5801
-5062 -4456 -5810
-5061 -5877 -4486
-5061 -5767 -4928
-5061 -5741 -4992
-5061 -5644 -5172
-5061 -5499 -5353
-5061 -5004 -5686
-5061 -4981 -5692
-5061 -4813 -5750
-5061 -4796 -5763
-5061 -4717 -5773
-5061 -4601 -5798
-5060 -5873 -4513
-5060 -5862 -4643
-5060 -5829 -4762
-5060 -5778 -4896
-5060 -5662 -5146
-5060 -5623 -5201
-5060 -5602 -5234
-5060 -5600 -5237
-5060 -5552 -5300
-5060 -5192 -5590
-5060 -5176 -5605
-5060 -5085 -5648
-5060 -4929 -5713
-5060 -4726 -5774
-5060 -4681 -5782
-5060 -4668 -5783
-5060 -4608 -5797
-5059 -5781 -4900
-5059 -5751 -4987
-5059 -5725 -5028
-5059 -5718 -5052
-5059 -5699 -5107
-5059 -5524 -5323
-5059 -5126 -5634
-5059 -4992 -5692
-5059 -4878 -5732
-5059 -4855 -5738
-5059 -4759 -5767
-5059 -4692 -5781
-5058 -5885 -4364
-5058 -5873 -4524
-5058 -5797 -4857
-5058 -5756 -4964
-5058 -5667 -5135
-5058 -5259 -5547
-5058 -5034 -5671
-5058 -4936 -5708
-5058 -4922 -5717
-5058 -4708 -5776
-5057 -5880 -4533
-5057 -5830 -4762
-5057 -5774 -4917
-5057 -5766 -4932
-5057 -5758 -4957
-5057 -5672 -5131
-5057 -5569 -5279
-5057 -5427 -5421
-5057 -5081 -5649
-5057 -4976 -5693
-5057 -4940 -5709
-5057 -4909 -5721
-5057 -4858 -5736
-5057 -4834 -5745
-5057 -4699 -5781
-5057 -4616 -5798
-5056 -5833 -4755
-5056 -5804 -4844
-5056 -5796 -4862
-5056 -5757 -4959
-5056 -5753 -4970
-5056 -5727 -5046
-5056 -5485 -5374
-5056 -5376 -5466
-5056 -5153 -5614
-5056 -5137 -5629
-5056 -4942 -5707
-5056 -4857 -5737
-5056 -4808 -5751
-5056 -4649 -5787
-5056 -4625 -5793
-5056 -4571 -5799
-5055 -5824 -4766
-5055 -5767 -4938
-5055 -5732 -5023
-5055 -5623 -5204
-5055 -5338 -5490
-5055 -5289 -5530
-5055 -5151 -5617
-5055 -5058 -5661
-5055 -4969 -5697
-5055 -4933 -5713
-5055 -4797 -5755
-5055 -4753 -5769
-5055 -4657 -5790
-5054 -5887 -4395
-5054 -5882 -4516
-5054 -5848 -4712
-5054 -5824 -4806
-5054 -5715 -5053
-5054 -5607 -5225
-5054 -5506 -5342
-5054 -5276 -5544
-5054 -5059 -5659
-5054 -5034 -5672
-5054 -4875 -5735
-5054 -4845 -5741
-5054 -4831 -5746
-5054 -4708 -5787
-5054 -4565 -5803
-5054 -4470 -5810
-5053 -5893 -4349
-5053 -5826 -4764
-5053 -5781 -4906
-5053 -5772 -4921
-5053 -5594 -5241
-5053 -5441 -5404
-5053 -5345 -5490
-5053 -5152 -5616
-5053 -5109 -5638
-5053 -5036 -5671
-5053 -4804 -5755
-5053 -4393 -5812
-5052 -5872 -4594
-5052 -5855 -4649
-5052 -5839 -4738
-5052 -5819 -4807
-5052 -5748 -4989
-5052 -5743 -4997
-5052 -5704 -5079
-5052 -5669 -5136
-5052 -5613 -5235
-5052 -5504 -5345
-5052 -5492 -5372
-5052 -4957 -5703
-5052 -4838 -5745
-5052 -4719 -5775
-5051 -5874 -4541
-5051 -5800 -4865
-5051 -5760 -4949
-5051 -5546 -5304
-5051 -5441 -5417
-5051 -5205 -5584
-5051 -5112 -5641
-5051 -5025 -5675
-5051 -4966 -5699
-5051 -4880 -5728
-5051 -4715 -5776
-5051 -4635 -5791
-5051 -4631 -5793
-5050 -5853 -4656
-5050 -5829 -4764
-5050 -5805 -4833
-5050 -5787 -4883
-5050 -5755 -4966
-5050 -5586 -5259
-5050 -5545 -5307
-5050 -5510 -5355
-5050 -5433 -5426
-5050 -5222 -5573
-5050 -5096 -5648
-5050 -5086 -5650
-5050 -4950 -5708
-5050 -4528 -5808
-5049 -5832 -4763
-5049 -5825 -4767
-5049 -5795 -4866
-5049 -5766 -4939
-5049 -5683 -5132
-5049 -5673 -5139
-5049 -5641 -5174
-5049 -5639 -5180
-5049 -5592 -5250
-5049 -5385 -5455
-5049 -5257 -5551
-5049 -5247 -5558
-5049 -5225 -5569
-5049 -5162 -5616
-5049 -5060 -5658
-5049 -5028 -5674
-5049 -4959 -5703
-5049 -4836 -5750
-5049 -4572 -5807
-5048 -5891 -4463
-5048 -5859 -4687
-5048 -5772 -4926
-5048 -5741 -4998
-5048 -5739 -5003
-5048 -5736 -5008
-5048 -5594 -5245
-5048 -5470 -5383
-5048 -5082 -5651
-5048 -5011 -5683
-5048 -4938 -5710
-5048 -4910 -5723
-5048 -4882 -5731
-5048 -4665 -5793
-5048 -4581 -5802
-5047 -5873 -4578
-5047 -5838 -4740
-5047 -5788 -4891
-5047 -5786 -4901
-5047 -5769 -4930
-5047 -5703 -5085
-5047 -5638 -5185
-5047 -5597 -5239
-5047 -5556 -5292
-5047 -5548 -5301
-5047 -5419 -5428
-5047 -5233 -5563
-5047 -5053 -5662
-5047 -5040 -5670
-5047 -4858 -5739
-5047 -4736 -5772
-5047 -4613 -5799
-5046 -5868 -4646
-5046 -5808 -4822
-5046 -5746 -4990
-5046 -5661 -5154
-5046 -5656 -5156
-5046 -5394 -5450
-5046 -5290 -5527
-5046 -5055 -5665
-5046 -5005 -5686
-5046 -4984 -5695
-5046 -4972 -5697
-5046 -4886 -5732
-5046 -4816 -5752
-5046 -4756 -5768
-5046 -4716 -5779
-5046 -4622 -5794
-5045 -5835 -4746
-5045 -5791 -4887
-5045 -5767 -4942
-5045 -5559 -5297
-5045 -5472 -5384
-5045 -5417 -5433
-5045 -5369 -5468
-5045 -5239 -5572
-5045 -5062 -5659
-5045 -5057 -5663
-5045 -4923 -5721
-5045 -4892 -5728
-5045 -4860 -5737
-5045 -4806 -5756
-5045 -4433 -5813
-5044 -5795 -4869
-5044 -5776 -4932
-5044 -5762 -4967
-5044 -5744 -5002
-5044 -5734 -5009
-5044 -5516 -5335
-5044 -5442 -5407
-5044 -5211 -5578
-5044 -4931 -5715
-5044 -4767 -5766
-5044 -4671 -5788
-5043 -5800 -4868
-5043 -5664 -5141
-5043 -5641 -5181
-5043 -5555 -5299
-5043 -5525 -5321
-5043 -5513 -5344
-5043 -5455 -5400
-5043 -5183 -5597
-5043 -5059 -5661
-5043 -4993 -5687
-5043 -4972 -5698
-5043 -4945 -5709
-5043 -4871 -5738
-5043 -4635 -5797
-5043 -4529 -5813
-5043 -4366 -5814
-5042 -5887 -4465
-5042 -5806 -4835
-5042 -5656 -5159
-5042 -5652 -5172
-5042 -5648 -5177
-5042 -5597 -5243
-5042 -5560 -5287
-5042 -5207 -5582
-5042 -5193 -5590
-5042 -5166 -5606
-5042 -5013 -5683
-5042 -4956 -5705
-5042 -4861 -5742
-5042 -4538 -5808
-5042 -4452 -5815
-5041 -5836 -4751
-5041 -5830 -4764
-5041 -5752 -4991
-5041 -5717 -5056
-5041 -5387 -5452
-5041 -5317 -5509
-5041 -5115 -5637
-5041 -5084 -5654
-5041 -4945 -5710
-5040 -5883 -4471
-5040 -5851 -4695
-5040 -5833 -4757
-5040 -5736 -5009
-5040 -5668 -5142
-5040 -5655 -5177
-5040 -5620 -5210
-5040 -5547 -5305
-5040 -5534 -5321
-5040 -5253 -5561
-5040 -5168 -5606
-5040 -4934 -5711
-5040 -4797 -5757
-5040 -4776 -5764
-5040 -4770 -5767
-5040 -4732 -5776
-5040 -4621 -5802
-5039 -5901 -4364
-5039 -5836 -4754
-5039 -5827 -4765
-5039 -5806 -4845
-5039 -5778 -4909
-5039 -5731 -5028
-5039 -5663 -5146
-5039 -5560 -5291
-5039 -5256 -5552
-5039 -5245 -5567
-5039 -5196 -5589
-5039 -4821 -5752
-5038 -5780 -4919
-5038 -5580 -5260
-5038 -5382 -5456
-5038 -5068 -5660
-5038 -5067 -5663
-5038 -5041 -5672
-5038 -5036 -5674
-5038 -4899 -5724
-5038 -4672 -5788
-5037 -5850 -4713
-5037 -5825 -4771
-5037 -5806 -4854
-5037 -5738 -5027
-5037 -5728 -5034
-5037 -5666 -5147
-5037 -5530 -5324
-5037 -5208 -5583
-5037 -5025 -5679
-5037 -4993 -5688
-5037 -4976 -5697
-5037 -4972 -5701
-5037 -4935 -5712
-5037 -4927 -5716
-5037 -4798 -5758
-5037 -4760 -5768
-5036 -5887 -4482
-5036 -5829 -4766
-5036 -5819 -4809
-5036 -5784 -4905
-5036 -5618 -5217
-5036 -5614 -5226
-5036 -5583 -5260
-5036 -5569 -5280
-5036 -5214 -5585
-5036 -5171 -5609
-5036 -5155 -5624
-5036 -5034 -5676
-5036 -4888 -5734
-5035 -5810 -4822
-5035 -5756 -4978
-5035 -5707 -5078
-5035 -5686 -5108
-5035 -5570 -5291
-5035 -5533 -5329
-5035 -5465 -5393
-5035 -5392 -5451
-5035 -5206 -5591
-5035 -5190 -5595
-5035 -5074 -5656
-5035 -5007 -5686
-5035 -4940 -5714
-5035 -4928 -5716
-5035 -4773 -5766
-5035 -4755 -5770
-5035 -4681 -5796
-5035 -4591 -5806
-5034 -5812 -4823
-5034 -5782 -4913
-5034 -5763 -4950
-5034 -5631 -5191
-5034 -5389 -5452
-5034 -5357 -5476
-5034 -4996 -5691
-5034 -4955 -5710
-5033 -5853 -4688
-5033 -5802 -4856
-5033 -5794 -4874
-5033 -5747 -5003
-5033 -5483 -5376
-5033 -5377 -5460
-5033 -5260 -5547
-5033 -5259 -5548
-5033 -5209 -5587
-5033 -5054 -5666
-5033 -4903 -5724
-5033 -4330 -5816
-5032 -5882 -4518
-5032 -5807 -4827
-5032 -5791 -4894
-5032 -5783 -4909
-5032 -5676 -5138
-5032 -5571 -5275
-5032 -5488 -5374
-5032 -5459 -5399
-5032 -5388 -5454
-5032 -5116 -5639
-5032 -4986 -5694
-5032 -4842 -5743
-5032 -4775 -5765
-5032 -4774 -5766
-5032 -4745 -5773
-5031 -5878 -4541
-5031 -5862 -4647
-5031 -5633 -5200
-5031 -5500 -5363
-5031 -5451 -5405
-5031 -5385 -5461
-5031 -5181 -5598
-5031 -5104 -5644
-5031 -5088 -5650
-5031 -4910 -5726
-5031 -4895 -5733
-5031 -4865 -5739
-5030 -5889 -4476
-5030 -5827 -4777
-5030 -5768 -4949
-5030 -5723 -5062
-5030 -5679 -5143
-5030 -5616 -5220
-5030 -5518 -5333
-5030 -5300 -5518
-5030 -5052 -5669
-5030 -5008 -5684
-5030 -4901 -5729
-5030 -4844 -5746
-5030 -4718 -5777
-5029 -5887 -4501
-5029 -5876 -4544
-5029 -5781 -4914
-5029 -5694 -5111
-5029 -5636 -5205
-5029 -5277 -5536
-5029 -5186 -5596
-5029 -5170 -5611
-5029 -5034 -5678
-5029 -4885 -5736
-5029 -4807 -5753
-5029 -4770 -5773
-5029 -4548 -5812
-5028 -5875 -4564
-5028 -5873 -4589
-5028 -5860 -4652
-5028 -5840 -4743
-5028 -5795 -4871
-5028 -5710 -5072
-5028 -5703 -5097
-5028 -5536 -5316
-5028 -5360 -5481
-5028 -5178 -5602
-5028 -5027 -5679
-5028 -5013 -5685
-5028 -4981 -5696
-5028 -4635 -5798
-5028 -4471 -5814
-5027 -5883 -4520
-5027 -5820 -4808
-5027 -5769 -4938
-5027 -5624 -5215
-5027 -5309 -5526
-5027 -5049 -5674
-5027 -5037 -5676
-5027 -4951 -5711
-5027 -4710 -5781
-5027 -4689 -5788
-5027 -4385 -5816
-5026 -5807 -4831
-5026 -5696 -5109
-5026 -5579 -5275
-5026 -5575 -5284
-5026 -5077 -5657
-5026 -4735 -5777
-5025 -5825 -4778
-5025 -5816 -4821
-5025 -5809 -4841
-5025 -5772 -4943
-5025 -5739 -5008
-5025 -5732 -5028
-5025 -5686 -5112
-5025 -5522 -5330
-5025 -4997 -5691
-5025 -4996 -5694
-5025 -4958 -5705
-5025 -4943 -5712
-5025 -4930 -5721
-5025 -4717 -5778
-5024 -5874 -4565
-5024 -5870 -4598
-5024 -5833 -4762
-5024 -5796 -4874
-5024 -5711 -5063
-5024 -5511 -5347
-5024 -5005 -5687
-5024 -4800 -5759
-5024 -4714 -5790
-5024 -4552 -5808
-5023 -5851 -4698
-5023 -5836 -4756
-5023 -5829 -4788
-5023 -5815 -4823
-5023 -5765 -4954
-5023 -5741 -5009
-5023 -5637 -5190
-5023 -5551 -5301
-5023 -5422 -5427
-5023 -5409 -5439
-5023 -5336 -5496
-5023 -5104 -5645
-5023 -4976 -5699
-5022 -5807 -4850
-5022 -5792 -4880
-5022 -5717 -5063
-5022 -5663 -5151
-5022 -5529 -5330
-5022 -5348 -5489
-5022 -5259 -5551
-5022 -5183 -5603
-5022 -5010 -5689
-5022 -4936 -5717
-5022 -4857 -5747
-5022 -4804 -5760
-5021 -5892 -4459
-5021 -5864 -4651
-5021 -5860 -4683
-5021 -5795 -4892
-5021 -5758 -4979
-5021 -5657 -5166
-5021 -5288 -5532
-5021 -5215 -5576
-5021 -5085 -5655
-5021 -4999 -5690
-5021 -4958 -5706
-5021 -4755 -5780
-5021 -4726 -5782
-5021 -4426 -5817
-5020 -5870 -4609
-5020 -5787 -4897
-5020 -5731 -5033
-5020 -5666 -5156
-5020 -5599 -5241
-5020 -5366 -5469
-5020 -5322 -5507
-5020 -5088 -5651
-5020 -5058 -5665
-5020 -4485 -5814
-5019 -5897 -4417
-5019 -5888 -4490
-5019 -5882 -4523
-5019 -5810 -4824
-5019 -5707 -5087
-5019 -5671 -5147
-5019 -5638 -5186
-5019 -5622 -5221
-5019 -5610 -5237
-5019 -5323 -5509
-5019 -5175 -5606
-5019 -5100 -5646
-5019 -5071 -5660
-5019 -4978 -5700
-5019 -4966 -5702
-5019 -4876 -5737
-5018 -5834 -4759
-5018 -5816 -4825
-5018 -5815 -4842
-5018 -5734 -5038
-5018 -5727 -5063
-5018 -5712 -5073
-5018 -5536 -5328
-5018 -5487 -5378
-5018 -5272 -5554
-5018 -5144 -5627
-5018 -5108 -5643
-5018 -5037 -5680
-5018 -4969 -5702
-5018 -4840 -5749
-5018 -4810 -5755
-5017 -5753 -4980
-5017 -5688 -5112
-5017 -5582 -5270
-5017 -5538 -5312
-5017 -5479 -5384
-5017 -5467 -5385
-5017 -5362 -5478
-5017 -5341 -5495
-5017 -4824 -5754
-5017 -4682 -5792
-5016 -5882 -4534
-5016 -5841 -4739
-5016 -5657 -5167
-5016 -5538 -5315
-5016 -5466 -5388
-5016 -5354 -5484
-5016 -5124 -5635
-5016 -4963 -5709
-5016 -4808 -5757
-5016 -4715 -5785
-5016 -4378 -5819
-5015 -5871 -4597
-5015 -5845 -4718
-5015 -5801 -4859
-5015 -5791 -4901
-5015 -5780 -4920
-5015 -5546 -5306
-5015 -5542 -5311
-5015 -5078 -5657
-5015 -5061 -5670
-5015 -4982 -5700
-5015 -4966 -5703
-5014 -5889 -4478
-5014 -5873 -4607
-5014 -5837 -4747
-5014 -5760 -4976
-5014 -5729 -5039
-5014 -5713 -5065
-5014 -5672 -5146
-5014 -5388 -5460
-5014 -5372 -5467
-5014 -5138 -5633
-5014 -5045 -5677
-5014 -4915 -5722
-5014 -4837 -5752
-5013 -5893 -4423
-5013 -5891 -4488
-5013 -5880 -4541
-5013 -5845 -4727
-5013 -5800 -4882
-5013 -5743 -5009
-5013 -5741 -5011
-5013 -5681 -5136
-5013 -5548 -5304
-5013 -5443 -5406
-5013 -5414 -5434
-5013 -5337 -5505
-5013 -5119 -5639
-5013 -4882 -5740
-5013 -4818 -5763
-5012 -5887 -4529
-5012 -5879 -4543
-5012 -5871 -4635
-5012 -5855 -4698
-5012 -5838 -4745
-5012 -5837 -4749
-5012 -5758 -4988
-5012 -5748 -4995
-5012 -5690 -5122
-5012 -5548 -5315
-5012 -5406 -5443
-5012 -5289 -5534
-5012 -5085 -5659
-5012 -4960 -5712
-5012 -4898 -5730
-5012 -4557 -5808
-5011 -5883 -4531
-5011 -5876 -4550
-5011 -5874 -4572
-5011 -5836 -4765
-5011 -5820 -4810
-5011 -5786 -4908
-5011 -5777 -4937
-5011 -5646 -5178
-5011 -5641 -5191
-5011 -5550 -5309
-5011 -5516 -5340
-5011 -5254 -5556
-5011 -4843 -5748
-5011 -4647 -5798
-5011 -4519 -5817
-5010 -5878 -4548
-5010 -5876 -4571
-5010 -5820 -4821
-5010 -5739 -5023
-5010 -5627 -5214
-5010 -5602 -5240
-5010 -5099 -5657
-5010 -4891 -5734
-5010 -4865 -5743
-5010 -4825 -5754
-5010 -4773 -5767
-5010 -4578 -5807
-5009 -5874 -4602
-5009 -5849 -4720
-5009 -5830 -4776
-5009 -5801 -4861
-5009 -5763 -4959
-5009 -5731 -5042
-5009 -5699 -5108
-5009 -5649 -5183
-5009 -5646 -5187
-5009 -5596 -5253
-5009 -5538 -5319
-5009 -5450 -5406
-5009 -5298 -5529
-5009 -5226 -5575
-5009 -5111 -5646
-5009 -5014 -5682
-5009 -4911 -5724
-5009 -4888 -5735
-5009 -4870 -5741
-5009 -4655 -5797
-5009 -4554 -5810
-5008 -5885 -4530
-5008 -5519 -5333
-5008 -5280 -5538
-5008 -5223 -5577
-5008 -5069 -5661
-5008 -4608 -5805
-5007 -5883 -4544
-5007 -5851 -4700
-5007 -5831 -4772
-5007 -5791 -4904
-5007 -5556 -5302
-5007 -5368 -5472
-5007 -4987 -5696
-5007 -4866 -5742
-5007 -4778 -5765
-5007 -4640 -5799
-5007 -4579 -5808
-5007 -4458 -5819
-5007 -4322 -5820
-5006 -5856 -4706
-5006 -5818 -4829
-5006 -5766 -4956
-5006 -5765 -4957
-5006 -5744 -5006
-5006 -5658 -5159
-5006 -5615 -5222
-5006 -5614 -5229
-5006 -5588 -5257
-5006 -5584 -5266
-5006 -5350 -5486
-5006 -5120 -5636
-5006 -5008 -5691
-5006 -4987 -5704
-5006 -4792 -5768
-5006 -4762 -5774
-5005 -5888 -4502
-5005 -5879 -4574
-5005 -5740 -5012
-5005 -5687 -5127
-5005 -5659 -5162
-5005 -5524 -5331
-5005 -5351 -5488
-5005 -5018 -5682
-5005 -4999 -5693
-5005 -4779 -5769
-5005 -4774 -5772
-5005 -4565 -5809
-5004 -5893 -4440
-5004 -5880 -4549
-5004 -5861 -4664
-5004 -5825 -4799
-5004 -5798 -4891
-5004 -5767 -4963
-5004 -5667 -5157
-5004 -5452 -5404
-5004 -5377 -5462
-5004 -5300 -5533
-5004 -5227 -5577
-5004 -5184 -5601
-5004 -5163 -5613
-5004 -5122 -5639
-5004 -4900 -5731
-5004 -4846 -5750
-5004 -4612 -5804
-5004 -4608 -5806
-5004 -4535 -5817
-5003 -5897 -4419
-5003 -5894 -4455
-5003 -5878 -4580
-5003 -5849 -4730
-5003 -5838 -4754
-5003 -5827 -4790
-5003 -5794 -4895
-5003 -5771 -4945
-5003 -5752 -5008
-5003 -5742 -5015
-5003 -5662 -5167
-5003 -5641 -5195
-5003 -5616 -5227
-5003 -5557 -5299
-5003 -5553 -5308
-5003 -5369 -5474
-5003 -4900 -5732
-5002 -5899 -4429
-5002 -5882 -4546
-5002 -5878 -4601
-5002 -5867 -4653
-5002 -5771 -4955
-5002 -5715 -5066
-5002 -5613 -5236
-5002 -5101 -5649
-5002 -4820 -5759
-5002 -4661 -5799
-5002 -4576 -5809
-5001 -5879 -4597
-5001 -5855 -4708
-5001 -5845 -4732
-5001 -5838 -4763
-5001 -5803 -4869
-5001 -5518 -5334
-5001 -5513 -5347
-5001 -5408 -5440
-5001 -5067 -5664
-5001 -4848 -5749
-5001 -4644 -5801
-5001 -4558 -5810
-5000 -5897 -4478
-5000 -5841 -4741
-5000 -5832 -4768
-5000 -5675 -5147
-5000 -5601 -5246
-5000 -5261 -5557
-5000 -5189 -5603
-5000 -5163 -5614
-5000 -5035 -5683
-5000 -4941 -5716
-5000 -4921 -5723
-5000 -4827 -5756
-5000 -4796 -5765
-4999 -5888 -4556
-4999 -5850 -4731
-4999 -5747 -5014
-4999 -5736 -5033
-4999 -5728 -5051
-4999 -5630 -5212
-4999 -4905 -5728
-4999 -4720 -5786
-4998 -5785 -4915
-4998 -5782 -4935
-4998 -5590 -5258
-4998 -5532 -5330
-4998 -5366 -5475
-4998 -5317 -5513
-4998 -4943 -5713
-4998 -4908 -5728
-4998 -4861 -5747
-4998 -4775 -5778
-4998 -4569 -5810
-4997 -5876 -4612
-4997 -5840 -4757
-4997 -5756 -4995
-4997 -5716 -5064
-4997 -5544 -5319
-4997 -5220 -5578
-4997 -5028 -5688
-4997 -4909 -5729
-4997 -4820 -5765
-4997 -4688 -5794
-4996 -5894 -4487
-4996 -5831 -4775
-4996 -5741 -5028
-4996 -5710 -5074
-4996 -5588 -5261
-4996 -5396 -5450
-4996 -5127 -5636
-4996 -5065 -5668
-4996 -4918 -5726
-4996 -4832 -5754
-4996 -4618 -5805
-4995 -5713 -5073
-4995 -5693 -5121
-4995 -5671 -5152
-4995 -5393 -5452
-4995 -5392 -5453
-4995 -5275 -5546
-4995 -5216 -5585
-4995 -5073 -5660
-4995 -4902 -5733
-4995 -4787 -5770
-4995 -4352 -5821
-4994 -5854 -4715
-4994 -5830 -4791
-4994 -5603 -5250
-4994 -5444 -5412
-4994 -5384 -5462
-4994 -5057 -5671
-4994 -4722 -5783
-4994 -4654 -5800
-4994 -4627 -5804
-4994 -4598 -5807
-4993 -5873 -4614
-4993 -5846 -4737
-4993 -5809 -4847
-4993 -5759 -4978
-4993 -5700 -5098
-4993 -5686 -5133
-4993 -5396 -5451
-4993 -4939 -5719
-4993 -4932 -5720
-4993 -4514 -5819
-4993 -4401 -5822
-4992 -5889 -4498
-4992 -5863 -4674
-4992 -5831 -4779
-4992 -5662 -5181
-4992 -5599 -5252
-4992 -5462 -5395
-4992 -5191 -5595
-4992 -4823 -5757
-4992 -4647 -5802
-4992 -4560 -5812
-4991 -5829 -4809
-4991 -5811 -4844
-4991 -5779 -4940
-4991 -5735 -5034
-4991 -5717 -5066
-4991 -5521 -5336
-4991 -5410 -5439
-4991 -5193 -5594
-4991 -5177 -5609
-4991 -5082 -5663
-4991 -4997 -5694
-4991 -4989 -5697
-4991 -4956 -5713
-4991 -4930 -5722
-4991 -4777 -5771
-4991 -4586 -5809
-4990 -5900 -4367
-4990 -5892 -4519
-4990 -5858 -4708
-4990 -5839 -4764
-4990 -5833 -4772
-4990 -5809 -4849
-4990 -5710 -5089
-4990 -5705 -5092
-4990 -5699 -5113
-4990 -5623 -5216
-4990 -5559 -5301
-4990 -4945 -5718
-4990 -4903 -5732
-4990 -4727 -5783
-4990 -4554 -5816
-4990 -4525 -5819
-4990 -4422 -5820
-4990 -4420 -5824
-4989 -5894 -4518
-4989 -5875 -4616
-4989 -5865 -4657
-4989 -5838 -4768
-4989 -5807 -4857
-4989 -5591 -5258
-4989 -5221 -5578
-4989 -5056 -5672
-4989 -4925 -5725
-4989 -4913 -5727
-4989 -4828 -5757
-4989 -4563 -5811
-4988 -5867 -4667
-4988 -5787 -4910
-4988 -5679 -5147
-4988 -5467 -5386
-4988 -5390 -5457
-4988 -4981 -5705
-4988 -4611 -5806
-4988 -4574 -5814
-4987 -5883 -4578
-4987 -5872 -4630
-4987 -5870 -4656
-4987 -5849 -4732
-4987 -5772 -4960
-4987 -5732 -5045
-4987 -5605 -5238
-4987 -5371 -5468
-4987 -4992 -5695
-4987 -4885 -5741
-4987 -4873 -5742
-4987 -4741 -5781
-4987 -4721 -5784
-4987 -4577 -5812
-4986 -5860 -4685
-4986 -5852 -4729
-4986 -5841 -4753
-4986 -5783 -4916
-4986 -5665 -5166
-4986 -5643 -5197
-4986 -5514 -5355
-4986 -5217 -5582
-4986 -5101 -5650
-4986 -4743 -5782
-4986 -4721 -5788
-4986 -4702 -5791
-4986 -4478 -5823
-4985 -5902 -4428
-4985 -5801 -4873
-4985 -5702 -5098
-4985 -5608 -5243
-4985 -5501 -5360
-4985 -5420 -5429
-4985 -5284 -5537
-4985 -4720 -5794
-4985 -4634 -5803
-4985 -4606 -5807
-4984 -5807 -4867
-4984 -5792 -4897
-4984 -5785 -4917
-4984 -5748 -5019
-4984 -5577 -5282
-4984 -4930 -5724
-4984 -4886 -5740
-4984 -4611 -5808
-4983 -5865 -4675
-4983 -5845 -4741
-4983 -5832 -4785
-4983 -5821 -4817
-4983 -5765 -4971
-4983 -5668 -5153
-4983 -4942 -5720
-4983 -4841 -5751
-4982 -5864 -4678
-4982 -5847 -4751
-4982 -5792 -4905
-4982 -5731 -5050
-4982 -5467 -5387
-4982 -5373 -5467
-4982 -5178 -5606
-4982 -5012 -5692
-4982 -4980 -5706
-4982 -4603 -5810
-4982 -4599 -5812
-4982 -4460 -5825
-4981 -5889 -4532
-4981 -5874 -4634
-4981 -5783 -4926
-4981 -5755 -4997
-4981 -5590 -5262
-4981 -5558 -5311
-4981 -5449 -5410
-4981 -5087 -5658
-4981 -4920 -5729
-4981 -4839 -5753
-4981 -4729 -5783
-4981 -4586 -5817
-4980 -5899 -4485
-4980 -5836 -4773
-4980 -5761 -4975
-4980 -5741 -5030
-4980 -5734 -5055
-4980 -5707 -5090
-4980 -5361 -5479
-4980 -5184 -5606
-4980 -5115 -5641
-4980 -5044 -5678
-4980 -4998 -5695
-4980 -4672 -5798
-4980 -4666 -5801
-4979 -5849 -4734
-4979 -5823 -4810
-4979 -5791 -4923
-4979 -5768 -4964
-4979 -5591 -5260
-4979 -5423 -5428
-4979 -5353 -5485
-4979 -4966 -5707
-4979 -4840 -5757
-4979 -4835 -5760
-4979 -4677 -5800
-4978 -5902 -4459
-4978 -5893 -4532
-4978 -5820 -4822
-4978 -5717 -5071
-4978 -5415 -5437
-4978 -5313 -5515
-4978 -5312 -5518
-4978 -5104 -5649
-4978 -4926 -5725
-4978 -4891 -5737
-4978 -4885 -5744
-4978 -4794 -5768
-4978 -4731 -5783
-4978 -4627 -5807
-4977 -5832 -4791
-4977 -5766 -4966
-4977 -5737 -5034
-4977 -5663 -5169
-4977 -5192 -5595
-4977 -5068 -5668
-4977 -4989 -5698
-4977 -4728 -5786
-4976 -5881 -4582
-4976 -5876 -4613
-4976 -5711 -5082
-4976 -5667 -5163
-4976 -5639 -5198
-4976 -5627 -5215
-4976 -5517 -5338
-4976 -5247 -5565
-4976 -5060 -5671
-4976 -5050 -5673
-4976 -4914 -5731
-4976 -4852 -5749
-4975 -5863 -4685
-4975 -5835 -4787
-4975 -5811 -4846
-4975 -5799 -4887
-4975 -5623 -5228
-4975 -5619 -5237
-4975 -5582 -5275
-4975 -5475 -5392
-4975 -5456 -5401
-4975 -5288 -5535
-4975 -4968 -5708
-4975 -4897 -5734
-4975 -4866 -5745
-4975 -4825 -5761
-4975 -4795 -5773
-4975 -4504 -5821
-4974 -5890 -4541
-4974 -5880 -4593
-4974 -5811 -4857
-4974 -5720 -5065
-4974 -5559 -5302
-4974 -5524 -5335
-4974 -5495 -5365
-4974 -5377 -5463
-4974 -4967 -5710
-4974 -4874 -5746
-4974 -4862 -5748
-4974 -4693 -5806
-4974 -4554 -5819
-4973 -5894 -4520
-4973 -5877 -4607
-4973 -5872 -4644
-4973 -5786 -4925
-4973 -4989 -5699
-4973 -4845 -5751
-4972 -5879 -4601
-4972 -5875 -4633
-4972 -5823 -4811
-4972 -5775 -4946
-4972 -5709 -5092
-4972 -5681 -5143
-4972 -5537 -5320
-4972 -5450 -5412
-4972 -5441 -5419
-4972 -5319 -5510
-4972 -5113 -5644
-4972 -5001 -5694
-4972 -4867 -5750
-4971 -5830 -4793
-4971 -5823 -4813
-4971 -5783 -4931
-4971 -5723 -5065
-4971 -5714 -5080
-4971 -5682 -5146
-4971 -5399 -5457
-4971 -5378 -5463
-4971 -5218 -5582
-4971 -4705 -5798
-4970 -5907 -4348
-4970 -5874 -4645
-4970 -5852 -4731
-4970 -5809 -4865
-4970 -5785 -4941
-4970 -5762 -4984
-4970 -5530 -5331
-4970 -4815 -5767
-4969 -5685 -5151
-4969 -5160 -5618
-4969 -4941 -5723
-4969 -4440 -5828
-4968 -5879 -4644
-4968 -5846 -4754
-4968 -5728 -5056
-4968 -5625 -5216
-4968 -5495 -5366
-4968 -5287 -5536
-4968 -5074 -5668
-4968 -5016 -5689
-4968 -4994 -5702
-4968 -4950 -5720
-4968 -4888 -5738
-4968 -4741 -5785
-4968 -4566 -5820
-4967 -5884 -4558
-4967 -5761 -5000
-4967 -5580 -5281
-4967 -5531 -5331
-4967 -5084 -5661
-4967 -5048 -5677
-4967 -4853 -5752
-4966 -5881 -4587
-4966 -5825 -4816
-4966 -5817 -4845
-4966 -5523 -5337
-4966 -4931 -5724
-4966 -4756 -5779
-4966 -4649 -5815
-4965 -5907 -4361
-4965 -5891 -4545
-4965 -5805 -4868
-4965 -5801 -4887
-4965 -5794 -4905
-4965 -5711 -5089
-4965 -5610 -5241
-4965 -5451 -5407
-4965 -4995 -5703
-4965 -4843 -5753
-4965 -4785 -5775
-4964 -5893 -4544
-4964 -5871 -4656
-4964 -5830 -4805
-4964 -5715 -5083
-4964 -5583 -5268
-4964 -5521 -5346
-4964 -5443 -5416
-4964 -5108 -5647
-4964 -5000 -5697
-4964 -4656 -5807
-4963 -5898 -4509
-4963 -5859 -4704
-4963 -5841 -4767
-4963 -5820 -4825
-4963 -5764 -4974
-4963 -5045 -5685
-4963 -4803 -5769
-4962 -5777 -4946
-4962 -5770 -4971
-4962 -5750 -5012
-4962 -5668 -5156
-4962 -5057 -5674
-4962 -4998 -5699
-4962 -4826 -5765
-4961 -5905 -4440
-4961 -5886 -4559
-4961 -5881 -4590
-4961 -5845 -4761
-4961 -5831 -4793
-4961 -5747 -5031
-4961 -5593 -5258
-4961 -5496 -5366
-4961 -5370 -5469
-4961 -5316 -5514
-4960 -5821 -4826
-4960 -5740 -5033
-4960 -5736 -5038
-4960 -5219 -5579
-4960 -4804 -5768
-4960 -4782 -5776
-4960 -4606 -5821
-4959 -5911 -4429
-4959 -5895 -4518
-4959 -5861 -4707
-4959 -5854 -4720
-4959 -5840 -4774
-4959 -5719 -5072
-4959 -5704 -5095
-4959 -5703 -5102
-4959 -5659 -5183
-4959 -5418 -5431
-4959 -5370 -5472
-4959 -5250 -5564
-4959 -4956 -5716
-4959 -4890 -5740
-4959 -4759 -5779
-4959 -4529 -5823
-4958 -5869 -4662
-4958 -5865 -4686
-4958 -5821 -4827
-4958 -5802 -4886
-4958 -5536 -5335
-4958 -5478 -5391
-4958 -5469 -5398
-4958 -4903 -5734
-4958 -4657 -5807
-4957 -5884 -4565
-4957 -5853 -4741
-4957 -5605 -5247
-4957 -5583 -5278
-4957 -5427 -5436
-4957 -5229 -5573
-4957 -5128 -5637
-4957 -4972 -5708
-4957 -4784 -5776
-4957 -4783 -5777
-4957 -4757 -5781
-4956 -5886 -4564
-4956 -5866 -4671
-4956 -5795 -4898
-4956 -5763 -4977
-4956 -5696 -5115
-4956 -5630 -5213
-4956 -5581 -5282
-4955 -5898 -4511
-4955 -5894 -4543
-4955 -5887 -4563
-4955 -5820 -4845
-4955 -5778 -4945
-4955 -5773 -4949
-4955 -5770 -4976
-4955 -5687 -5128
-4955 -5637 -5203
-4955 -5634 -5207
-4955 -5584 -5273
-4955 -5444 -5418
-4955 -5211 -5588
-4955 -4998 -5701
-4955 -4904 -5734
-4955 -4895 -5736
-4955 -4845 -5754
-4955 -4758 -5785
-4955 -4753 -5788
-4955 -4459 -5827
-4954 -5862 -4688
-4954 -5726 -5064
-4954 -5722 -5069
-4954 -5537 -5321
-4954 -5393 -5463
-4954 -4977 -5708
-4954 -4895 -5737
-4953 -5888 -4589
-4953 -5884 -4621
-4953 -5832 -4799
-4953 -5753 -5001
-4953 -5735 -5051
-4953 -5503 -5356
-4953 -5195 -5594
-4953 -5089 -5661
-4953 -4973 -5709
-4953 -4899 -5737
-4953 -4796 -5771
-4952 -5839 -4781
-4952 -5812 -4851
-4952 -5792 -4919
-4952 -5719 -5076
-4952 -5692 -5122
-4952 -5601 -5252
-4952 -5597 -5261
-4952 -5013 -5693
-4952 -4921 -5728
-4952 -4760 -5779
-4951 -5804 -4869
-4951 -5701 -5108
-4951 -5545 -5316
-4951 -5077 -5667
-4951 -4765 -5780
-4950 -5836 -4787
-4950 -5811 -4861
-4950 -5694 -5121
-4950 -5651 -5186
-4950 -5371 -5474
-4950 -5354 -5487
-4950 -5165 -5614
-4950 -4947 -5721
-4949 -5898 -4521
-4949 -5838 -4797
-4949 -5798 -4903
-4949 -4953 -5717
-4949 -4929 -5727
-4949 -4926 -5728
-4949 -4892 -5739
-4949 -4842 -5755
-4949 -4469 -5824
-4948 -5903 -4459
-4948 -5893 -4546
-4948 -5871 -4683
-4948 -5776 -4953
-4948 -5486 -5380
-4948 -5372 -5469
-4948 -5283 -5538
-4948 -5282 -5539
-4948 -4922 -5729
-4948 -4785 -5778
-4948 -4722 -5789
-4948 -4414 -5830
-4947 -5889 -4564
-4947 -5826 -4815
-4947 -5823 -4821
-4947 -5812 -4853
-4947 -5635 -5206
-4947 -5524 -5345
-4947 -4996 -5703
-4947 -4986 -5706
-4947 -4852 -5753
-4947 -4727 -5792
-4946 -5900 -4528
-4946 -5855 -4714
-4946 -5814 -4856
-4946 -5803 -4875
-4946 -5731 -5057
-4946 -5707 -5100
-4946 -5663 -5175
-4946 -4893 -5740
-4945 -5905 -4442
-4945 -5873 -4666
-4945 -5846 -4777
-4945 -5774 -4962
-4945 -5515 -5349
-4945 -5461 -5400
-4945 -5445 -5415
-4945 -5315 -5515
-4945 -5277 -5546
-4945 -4915 -5733
-4945 -4761 -5783
-4945 -4453 -5829
-4944 -5907 -4452
-4944 -5875 -4676
-4944 -5856 -4732
-4944 -5538 -5320
-4944 -5410 -5445
-4944 -5191 -5596
-4944 -5133 -5635
-4944 -5020 -5689
-4944 -5019 -5690
-4944 -4971 -5713
-4944 -4885 -5748
-4944 -4873 -5750
-4944 -4700 -5800
-4943 -5861 -4709
-4943 -5753 -5002
-4943 -4854 -5751
-4943 -4849 -5754
-4942 -5914 -4428
-4942 -5802 -4888
-4942 -5588 -5265
-4942 -5179 -5607
-4942 -4927 -5732
-4942 -4905 -5735
-4942 -4863 -5751
-4942 -4833 -5765
-4941 -5868 -4685
-4941 -5849 -4752
-4941 -5826 -4817
-4941 -5823 -4827
-4941 -5768 -4981
-4941 -5519 -5348
-4941 -5377 -5468
-4941 -5319 -5516
-4941 -5061 -5673
-4941 -4988 -5705
-4941 -4930 -5726
-4941 -4847 -5755
-4941 -4842 -5758
-4940 -5890 -4566
-4940 -5676 -5152
-4940 -5670 -5159
-4940 -5591 -5270
-4940 -5546 -5316
-4940 -5102 -5656
-4940 -4898 -5738
-4940 -4710 -5803
-4939 -5766 -4983
-4939 -5737 -5051
-4939 -5363 -5479
-4939 -5117 -5640
-4939 -5062 -5669
-4939 -4846 -5763
-4939 -4805 -5768
-4939 -4371 -5834
-4938 -5814 -4859
-4938 -5739 -5037
-4938 -5643 -5199
-4938 -5626 -5227
-4938 -5587 -5272
-4938 -5561 -5296
-4938 -5541 -5332
-4938 -5494 -5368
-4938 -5445 -5418
-4938 -5417 -5439
-4938 -5349 -5489
-4938 -5196 -5594
-4938 -4503 -5825
-4937 -5865 -4687
-4937 -5835 -4804
-4937 -5566 -5292
-4937 -4876 -5752
-4937 -4562 -5822
-4936 -5863 -4696
-4936 -5755 -5001
-4936 -5742 -5042
-4936 -5704 -5102
-4936 -5637 -5207
-4936 -5574 -5287
-4936 -5382 -5466
-4936 -5278 -5543
-4936 -5127 -5644
-4936 -5063 -5680
-4936 -4888 -5741
-4936 -4700 -5804
-4935 -5917 -4398
-4935 -5825 -4830
-4935 -5639 -5207
-4935 -5345 -5498
-4935 -4891 -5741
-4935 -4767 -5779
-4935 -4612 -5817
-4934 -5894 -4544
-4934 -5831 -4808
-4934 -5811 -4863
-4934 -5803 -4880
-4934 -5775 -4963
-4934 -5454 -5406
-4934 -5128 -5638
-4934 -5002 -5696
-4934 -4891 -5742
-4934 -4777 -5779
-4934 -4667 -5809
-4934 -4446 -5832
-4933 -5808 -4891
-4933 -5749 -5013
-4933 -5559 -5306
-4933 -4933 -5725
-4933 -4712 -5796
-4932 -5902 -4474
-4932 -5862 -4703
-4932 -5823 -4842
-4932 -5763 -4985
-4932 -5701 -5113
-4932 -5562 -5297
-4932 -5561 -5303
-4932 -5282 -5544
-4932 -5164 -5615
-4932 -5012 -5694
-4932 -4964 -5714
-4932 -4718 -5795
-4931 -5489 -5379
-4931 -5473 -5394
-4931 -5072 -5670
-4931 -5012 -5700
-4931 -4948 -5721
-4931 -4818 -5766
-4931 -4763 -5782
-4930 -5889 -4575
-4930 -5711 -5094
-4930 -5709 -5096
-4930 -5705 -5101
-4930 -5565 -5302
-4930 -5438 -5424
-4930 -5163 -5616
-4930 -5109 -5648
-4930 -5089 -5662
-4930 -5024 -5689
-4930 -4957 -5718
-4930 -4864 -5754
-4929 -5885 -4616
-4929 -5880 -4653
-4929 -5861 -4721
-4929 -5811 -4866
-4929 -5761 -5017
-4929 -5607 -5244
-4929 -4911 -5736
-4929 -4864 -5755
-4929 -4852 -5757
-4929 -4820 -5766
-4928 -5898 -4534
-4928 -5771 -4972
-4928 -5668 -5165
-4928 -5665 -5173
-4928 -5413 -5441
-4928 -5142 -5630
-4928 -4894 -5740
-4928 -4804 -5771
-4928 -4656 -5813
-4927 -5894 -4575
-4927 -5718 -5081
-4927 -5644 -5188
-4927 -5567 -5293
-4927 -5347 -5495
-4927 -5194 -5595
-4927 -5031 -5687
-4927 -5002 -5701
-4927 -4960 -5717
-4927 -4812 -5772
-4927 -4509 -5825
-4926 -5914 -4430
-4926 -5903 -4475
-4926 -5889 -4585
-4926 -5882 -4654
-4926 -5787 -4925
-4926 -4814 -5768
-4926 -4791 -5779
-4926 -4725 -5794
-4926 -4545 -5823
-4925 -5864 -4696
-4925 -5812 -4862
-4925 -5780 -4948
-4925 -5613 -5239
-4925 -5365 -5478
-4925 -4805 -5776
-4925 -4390 -5833
-4924 -5777 -4963
-4924 -5569 -5311
-4924 -5522 -5347
-4924 -5473 -5397
-4924 -5173 -5611
-4923 -5831 -4810
-4923 -5799 -4904
-4923 -5687 -5135
-4923 -5673 -5158
-4923 -5651 -5189
-4923 -4992 -5711
-4923 -4970 -5714
-4923 -4932 -5727
-4923 -4762 -5786
-4923 -4486 -5828
-4923 -4472 -5830
-4922 -5901 -4523
-4922 -5793 -4922
-4922 -5740 -5050
-4922 -5736 -5055
-4922 -5702 -5103
-4922 -5505 -5358
-4922 -5234 -5573
-4922 -5091 -5659
-4922 -4726 -5793
-4921 -5899 -4554
-4921 -5865 -4689
-4921 -5607 -5257
-4921 -5504 -5364
-4921 -5439 -5424
-4921 -5373 -5477
-4921 -4775 -5782
-4921 -4722 -5795
-4921 -4612 -5825
-4920 -5910 -4482
-4920 -5786 -4934
-4920 -5733 -5062
-4920 -5586 -5277
-4920 -5547 -5322
-4920 -5431 -5430
-4920 -5285 -5538
-4919 -5903 -4519
-4919 -5832 -4820
-4919 -5769 -4981
-4919 -5496 -5367
-4919 -5419 -5438
-4919 -5250 -5568
-4919 -5186 -5604
-4919 -5144 -5630
-4919 -4900 -5737
-4919 -4663 -5811
-4918 -5795 -4915
-4918 -5703 -5107
-4918 -5669 -5163
-4918 -5348 -5497
-4918 -5310 -5523
-4918 -5195 -5597
-4918 -5026 -5692
-4918 -4941 -5731
-4918 -4779 -5780
-4918 -4345 -5836
-4917 -5855 -4739
-4917 -5778 -4962
-4917 -5400 -5448
-4917 -5018 -5693
-4917 -4953 -5720
-4917 -4765 -5783
-4917 -4715 -5796
-4916 -5862 -4705
-4916 -5518 -5351
-4916 -5366 -5480
-4916 -5198 -5593
-4915 -5886 -4598
-4915 -5862 -4729
-4915 -5771 -4974
-4915 -5718 -5089
-4915 -5211 -5592
-4915 -4946 -5724
-4915 -4764 -5791
-4914 -5850 -4748
-4914 -5702 -5114
-4914 -5651 -5194
-4914 -5530 -5336
-4914 -5199 -5593
-4913 -5749 -5020
-4913 -5712 -5095
-4913 -5708 -5100
-4913 -5519 -5351
-4913 -5358 -5484
-4913 -5212 -5586
-4913 -5092 -5661
-4913 -4973 -5712
-4913 -4962 -5716
-4913 -4620 -5817
-4913 -4420 -5834
-4912 -5836 -4805
-4912 -5815 -4849
-4912 -5705 -5119
-4912 -4954 -5719
-4912 -4750 -5792
-4911 -5901 -4533
-4911 -5815 -4855
-4911 -5788 -4927
-4911 -5762 -4987
-4911 -5725 -5065
-4911 -5456 -5406
-4911 -4894 -5742
-4911 -4817 -5767
-4911 -4627 -5816
-4910 -5870 -4697
-4910 -5826 -4831
-4910 -5571 -5288
-4910 -5543 -5323
-4910 -4861 -5758
-4910 -4504 -5827
-4909 -5837 -4813
-4909 -5812 -4864
-4909 -5311 -5525
-4909 -5003 -5701
-4908 -5885 -4629
-4908 -5814 -4873
-4908 -5690 -5138
-4908 -5025 -5696
-4908 -4900 -5738
-4908 -4743 -5793
-4907 -5915 -4402
-4907 -5896 -4555
-4907 -5847 -4759
-4907 -5720 -5072
-4907 -4720 -5800
-4907 -4499 -5828
-4907 -4497 -5832
-4906 -5856 -4749
-4906 -5800 -4899
-4906 -5793 -4924
-4906 -5598 -5258
-4906 -4973 -5713
-4906 -4506 -5826
-4905 -5840 -4788
-4905 -5817 -4853
-4905 -5508 -5357
-4905 -4632 -5818
-4904 -5809 -4880
-4904 -5787 -4940
-4904 -5725 -5075
-4904 -5588 -5273
-4904 -5457 -5402
-4904 -5360 -5483
-4904 -4952 -5721
-4904 -4902 -5739
-4904 -4724 -5797
-4904 -4364 -5835
-4903 -5851 -4752
-4903 -5847 -4764
-4903 -5593 -5267
-4903 -5589 -5276
-4902 -5890 -4597
-4902 -5394 -5459
-4902 -4959 -5719
-4902 -4783 -5781
-4902 -4717 -5801
-4902 -4492 -5834
-4901 -5841 -4784
-4901 -5825 -4833
-4901 -5763 -4999
-4901 -5749 -5021
-4901 -4912 -5734
-4901 -4501 -5829
-4900 -5802 -4893
-4900 -5719 -5077
-4900 -5356 -5487
-4900 -4875 -5756
-4900 -4813 -5770
-4900 -4765 -5787
-4899 -5920 -4291
-4899 -5828 -4826
-4899 -4963 -5716
-4899 -4883 -5750
-4899 -4718 -5802
-4899 -4529 -5826
-4898 -5766 -4999
-4898 -5725 -5080
-4898 -5585 -5281
-4898 -5344 -5499
-4898 -5048 -5681
-4898 -4886 -5744
-4898 -4853 -5759
-4898 -4823 -5773
-4897 -5876 -4655
-4897 -5484 -5385
-4897 -5396 -5458
-4897 -5356 -5488
-4897 -4920 -5734
-4897 -4909 -5739
-4897 -4823 -5774
-4897 -4736 -5794
-4896 -5814 -4878
-4896 -5679 -5159
-4896 -5359 -5485
-4896 -5326 -5511
-4896 -4898 -5740
-4895 -5887 -4599
-4895 -5883 -4642
-4895 -5021 -5699
-4895 -4301 -5837
-4894 -5917 -4417
-4894 -5889 -4609
-4894 -5885 -4641
-4894 -5691 -5126
-4894 -5224 -5578
-4894 -5038 -5691
-4893 -5924 -4359
-4893 -5892 -4583
-4893 -5873 -4696
-4893 -5544 -5323
-4893 -5088 -5663
-4893 -4889 -5744
-4893 -4797 -5777
-4893 -4700 -5805
-4893 -4675 -5808
-4893 -4655 -5814
-4892 -5774 -4967
-4892 -5695 -5120
-4892 -5116 -5646
-4892 -4633 -5816
-4892 -4556 -5826
-4891 -5888 -4628
-4891 -5734 -5056
-4891 -5594 -5262
-4891 -5228 -5574
-4891 -5212 -5587
-4891 -4956 -5720
-4890 -5849 -4755
-4890 -5796 -4906
-4890 -5754 -5019
-4890 -4911 -5738
-4889 -5803 -4898
-4889 -5779 -4953
-4889 -5750 -5026
-4889 -5727 -5068
-4889 -5466 -5401
-4889 -4967 -5715
-4889 -4923 -5733
-4888 -5865 -4727
-4888 -5787 -4942
-4888 -5412 -5443
-4888 -4841 -5765
-4888 -4829 -5767
-4888 -4557 -5827
-4888 -4505 -5828
-4887 -5902 -4528
-4887 -5847 -4766
-4887 -5812 -4879
-4887 -5548 -5320
-4886 -5855 -4753
-4886 -5780 -4953
-4886 -5772 -4968
-4886 -5693 -5123
-4886 -5653 -5191
-4886 -5384 -5466
-4886 -5087 -5664
-4886 -4968 -5716
-4886 -4808 -5775
-4886 -4517 -5836
-4885 -5890 -4608
-4885 -5866 -4702
-4885 -5841 -4786
-4885 -5788 -4943
-4885 -5783 -4946
-4885 -5409 -5447
-4885 -5005 -5705
-4885 -4977 -5712
-4885 -4901 -5744
-4885 -4854 -5763
-4884 -5904 -4493
-4884 -5783 -4949
-4884 -5646 -5198
-4884 -5532 -5337
-4884 -5512 -5356
-4884 -5372 -5478
-4884 -4862 -5757
-4884 -4768 -5790
-4883 -5906 -4500
-4883 -5899 -4585
-4883 -5877 -4671
-4883 -5743 -5046
-4883 -4802 -5780
-4882 -5816 -4855
-4882 -5786 -4951
-4882 -5775 -4980
-4882 -5716 -5100
-4882 -5706 -5101
-4882 -5693 -5124
-4882 -5322 -5513
-4882 -5306 -5528
-4881 -5852 -4754
-4881 -5769 -4998
-4881 -5671 -5163
-4881 -4828 -5769
-4881 -4781 -5788
-4881 -4670 -5809
-4881 -4635 -5818
-4881 -4422 -5838
-4880 -5816 -4862
-4880 -5815 -4864
-4880 -5719 -5105
-4880 -4948 -5729
-4880 -4917 -5735
-4879 -5894 -4586
-4879 -5881 -4664
-4879 -5796 -4911
-4879 -5762 -5010
-4879 -4979 -5713
-4879 -4960 -5718
-4879 -4752 -5794
-4879 -4690 -5808
-4878 -5889 -4611
-4878 -5885 -4643
-4878 -5808 -4896
-4878 -4885 -5751
-4878 -4574 -5827
-4877 -5920 -4416
-4877 -5888 -4640
-4877 -5873 -4698
-4877 -5694 -5125
-4877 -5615 -5238
-4877 -5256 -5558
-4877 -5225 -5579
-4877 -5041 -5690
-4877 -4702 -5804
-4876 -5827 -4841
-4876 -4878 -5755
-4876 -4793 -5784
-4876 -4731 -5798
-4876 -4658 -5812
-4875 -5749 -5037
-4875 -5595 -5264
-4875 -4890 -5745
-4875 -4618 -5819
-4874 -5910 -4515
-4874 -5861 -4733
-4874 -5838 -4805
-4874 -5817 -4867
-4874 -5653 -5193
-4874 -5166 -5615
-4873 -5820 -4847
-4873 -5803 -4900
-4872 -5913 -4471
-4872 -5850 -4763
-4872 -5826 -4848
-4872 -5794 -4918
-4872 -5273 -5547
-4872 -4633 -5820
-4871 -5902 -4530
-4871 -5812 -4881
-4871 -5791 -4925
-4871 -5726 -5076
-4871 -5711 -5108
-4871 -5546 -5327
-4871 -5437 -5426
-4871 -5067 -5672
-4871 -4964 -5718
-4871 -4530 -5828
-4871 -4520 -5829
-4870 -5032 -5694
-4870 -4801 -5781
-4870 -4575 -5827
-4869 -5893 -4596
-4869 -5802 -4907
-4869 -5791 -4926
-4869 -4321 -5841
-4868 -5800 -4916
-4868 -5728 -5070
-4868 -5403 -5453
-4868 -4614 -5821
-4867 -5843 -4778
-4867 -5842 -4781
-4867 -5730 -5069
-4867 -5515 -5355
-4867 -4682 -5810
-4867 -4639 -5816
-4866 -5721 -5082
-4866 -5459 -5403
-4866 -4807 -5776
-4866 -4525 -5829
-4865 -5779 -4955
-4865 -5776 -4975
-4865 -5339 -5500
-4865 -5171 -5612
-4865 -4993 -5709
-4865 -4927 -5736
-4865 -4815 -5775
-4865 -4491 -5838
-4864 -5908 -4555
-4864 -5886 -4641
-4864 -5793 -4929
-4864 -5627 -5225
-4864 -4966 -5717
-4864 -4638 -5817
-4864 -4368 -5839
-4863 -5894 -4588
-4863 -5841 -4801
-4863 -5631 -5215
-4863 -5449 -5418
-4863 -4988 -5714
-4862 -5867 -4702
-4862 -5830 -4823
-4862 -5496 -5372
-4862 -4575 -5831
-4861 -5888 -4642
-4861 -5076 -5668
-4861 -4963 -5722
-4861 -4725 -5800
-4860 -5639 -5214
-4860 -4776 -5790
-4860 -4714 -5805
-4859 -5503 -5365
-4859 -4916 -5737
-4858 -5925 -4333
-4858 -5914 -4435
-4858 -5834 -4816
-4858 -5804 -4902
-4858 -5789 -4939
-4857 -5890 -4640
-4857 -5864 -4732
-4857 -5697 -5129
-4857 -5037 -5692
-4857 -5036 -5693
-4857 -4746 -5797
-4857 -4693 -5813
-4857 -4666 -5814
-4856 -5850 -4765
-4856 -5049 -5681
-4856 -4448 -5842
-4855 -5917 -4422
-4855 -5916 -4470
-4855 -5166 -5617
-4855 -5011 -5701
-4855 -4897 -5745
-4855 -4707 -5806
-4854 -5857 -4738
-4853 -5859 -4739
-4853 -5673 -5160
-4853 -5285 -5539
-4853 -5219 -5585
-4853 -4813 -5782
-4853 -4755 -5792
-4853 -4751 -5796
-4853 -4645 -5817
-4852 -5849 -4772
-4852 -5573 -5288
-4852 -4888 -5748
-4852 -4830 -5766
-4852 -4796 -5783
-4851 -5803 -4915
-4851 -5631 -5217
-4851 -4994 -5709
-4851 -4650 -5819
-4851 -4582 -5830
-4850 -5868 -4717
-4850 -5576 -5293
-4850 -5137 -5634
-4850 -4917 -5745
-4849 -5920 -4420
-4849 -5843 -4785
-4849 -5772 -4982
-4849 -5477 -5397
-4849 -4734 -5798
-4848 -5855 -4770
-4848 -5779 -4974
-4848 -5691 -5136
-4848 -5524 -5351
-4848 -4787 -5786
-4847 -5911 -4484
-4847 -5841 -4803
-4847 -5187 -5606
-4847 -4861 -5761
-4846 -5673 -5161
-4846 -5609 -5244
-4846 -5527 -5339
-4846 -5452 -5417
-4846 -4735 -5803
-4845 -5831 -4829
-4845 -4695 -5807
-4844 -4965 -5724
-4843 -5698 -5126
-4843 -4849 -5764
-4842 -5921 -4390
-4842 -5843 -4789
-4842 -5819 -4852
-4842 -5667 -5179
-4841 -5917 -4434
-4841 -5864 -4734
-4841 -5745 -5048
-4841 -5577 -5283
-4841 -4995 -5706
-4840 -5654 -5185
-4840 -4892 -5749
-4840 -4758 -5798
-4840 -4696 -5812
-4840 -4524 -5835
-4839 -5414 -5441
-4838 -5857 -4740
-4838 -5289 -5541
-4838 -4839 -5770
-4837 -5874 -4683
-4837 -5842 -4795
-4837 -4614 -5823
-4836 -5926 -4410
-4836 -5820 -4850
-4836 -5817 -4884
-4836 -5739 -5056
-4836 -4973 -5716
-4836 -4657 -5818
-4836 -4525 -5836
-4835 -5803 -4917
-4835 -5782 -4961
-4835 -5433 -5431
-4835 -4422 -5844
-4834 -5750 -5038
-4834 -5066 -5673
-4834 -4997 -5708
-4834 -4875 -5759
-4833 -5822 -4853
-4833 -5793 -4943
-4833 -5733 -5068
-4833 -5593 -5269
-4833 -5260 -5558
-4832 -5879 -4674
-4832 -5799 -4921
-4832 -5641 -5211
-4832 -4506 -5837
-4830 -5376 -5470
-4830 -4556 -5832
-4829 -5909 -4529
-4829 -5493 -5374
-4829 -5221 -5582
-4828 -5763 -5000
-4828 -5611 -5245
-4828 -5441 -5420
-4828 -4530 -5833
-4827 -5757 -5018
-4827 -5455 -5410
-4827 -4640 -5825
-4826 -5819 -4854
-4826 -5818 -4857
-4826 -4653 -5820
-4825 -5921 -4415
-4825 -5917 -4436
-4825 -5901 -4605
-4825 -5844 -4791
-4825 -5168 -5613
-4825 -4995 -5712
-4825 -4613 -5826
-4825 -4609 -5828
-4824 -5919 -4446
-4824 -5140 -5632
-4823 -5820 -4855
-4823 -4970 -5720
-4822 -4920 -5738
-4821 -5874 -4685
-4821 -4963 -5725
-4821 -4805 -5783
-4819 -5913 -4488
-4819 -5894 -4607
-4819 -5883 -4644
-4819 -5645 -5203
-4819 -4976 -5715
-4819 -4700 -5811
-4818 -5628 -5219
-4818 -5165 -5618
-4818 -4753 -5801
-4817 -5903 -4566
-4817 -5850 -4775
-4817 -5770 -4985
-4817 -5253 -5564
-4817 -4537 -5833
-4816 -5840 -4808
-4816 -5404 -5449
-4815 -5521 -5353
-4815 -5011 -5704
-4814 -5746 -5044
-4814 -5623 -5230
-4814 -5327 -5507
-4813 -5858 -4741
-4813 -4672 -5818
-4813 -4380 -5845
-4812 -5835 -4815
-4812 -5771 -4987
-4812 -5496 -5373
-4812 -5447 -5423
-4812 -4930 -5732
-4812 -4924 -5743
-4811 -5755 -5020
-4811 -5046 -5682
-4810 -4974 -5719
-4809 -5844 -4793
-4809 -4953 -5726
-4809 -4379 -5846
-4808 -5877 -4675
-4808 -5819 -4861
-4807 -5549 -5313
-4807 -4928 -5734
-4807 -4550 -5837
-4807 -4518 -5840
-4806 -5380 -5470
-4806 -5234 -5578
-4806 -4784 -5790
-4806 -4697 -5813
-4805 -5352 -5489
-4804 -5828 -4830
-4804 -4905 -5747
-4804 -4662 -5820
-4804 -4583 -5830
-4802 -4853 -5764
-4802 -4711 -5815
-4801 -5927 -4384
-4801 -5045 -5686
-4800 -5922 -4476
-4800 -4846 -5768
-4798 -5915 -4482
-4798 -5751 -5026
-4797 -5813 -4889
-4797 -4903 -5750
-4797 -4881 -5753
-4796 -4882 -5757
-4795 -5796 -4926
-4795 -4723 -5805
-4795 -4690 -5817
-4795 -4431 -5845
-4794 -5789 -4948
-4794 -4765 -5791
-4794 -4764 -5792
-4794 -4442 -5844
-4793 -5499 -5366
-4793 -5311 -5526
-4792 -4852 -5770
-4792 -4354 -5847
-4791 -5887 -4646
-4791 -4616 -5826
-4790 -5490 -5376
-4789 -4647 -5823
-4787 -5862 -4738
-4787 -5360 -5489
-4787 -4814 -5778
-4787 -4794 -5784
-4786 -5805 -4897
-4786 -5642 -5205
-4786 -5147 -5630
-4786 -4524 -5839
-4785 -5830 -4834
-4785 -4348 -5850
-4784 -5877 -4681
-4784 -5526 -5340
-4783 -5885 -4660
-4783 -5806 -4898
-4783 -5460 -5402
-4783 -4970 -5723
-4783 -4608 -5832
-4782 -5805 -4904
-4782 -5104 -5653
-4781 -5870 -4706
-4780 -4494 -5843
-4779 -5781 -4963
-4779 -5349 -5490
-4778 -5010 -5705
-4777 -5849 -4777
-4777 -4824 -5773
-4776 -5826 -4851
-4776 -4824 -5774
-4776 -4493 -5844
-4775 -5415 -5441
-4775 -5080 -5665
-4775 -4858 -5764
-4774 -5500 -5372
-4774 -5293 -5534
-4774 -5201 -5593
-4774 -4759 -5794
-4774 -4743 -5809
-4774 -4405 -5847
-4773 -5902 -4573
-4773 -4971 -5720
-4773 -4577 -5837
-4771 -5747 -5044
-4770 -5844 -4803
-4770 -5790 -4949
-4770 -4411 -5848
-4769 -5830 -4836
-4769 -5349 -5492
-4768 -5867 -4718
-4768 -5820 -4860
-4768 -4949 -5730
-4768 -4791 -5788
-4768 -4769 -5791
-4767 -5885 -4662
-4767 -5820 -4862
-4767 -4930 -5737
-4767 -4674 -5821
-4767 -4495 -5841
-4766 -4797 -5785
-4765 -5797 -4924
-4764 -4863 -5762
-4762 -5838 -4812
-4762 -5773 -4983
-4761 -5197 -5596
-4760 -5927 -4403
-4760 -5734 -5064
-4759 -4888 -5751
-4759 -4468 -5845
-4758 -5878 -4692
-4758 -4770 -5791
-4757 -5928 -4339
-4756 -5887 -4651
-4756 -5846 -4780
-4756 -4760 -5794
-4756 -4552 -5838
-4755 -4818 -5777
-4755 -4508 -5842
-4754 -4859 -5768
-4754 -4828 -5774
-4753 -5835 -4818
-4753 -4638 -5826
-4752 -4551 -5839
-4746 -5838 -4814
-4745 -4789 -5789
-4743 -5871 -4703
-4742 -5923 -4430
-4740 -5893 -4619
-4740 -5846 -4782
-4740 -4829 -5771
-4740 -4571 -5840
-4737 -5847 -4783
-4737 -5835 -4820
-4737 -4865 -5762
-4737 -4830 -5771
-4737 -4623 -5829
-4737 -4609 -5831
-4735 -5050 -5681
-4734 -4629 -5827
-4733 -4379 -5849
-4732 -5909 -4542
-4732 -5773 -4987
-4732 -4934 -5734
-4732 -4814 -5782
-4731 -4948 -5731
-4730 -4927 -5738
-4729 -5928 -4350
-4728 -5923 -4442
-4728 -4792 -5788
-4727 -5929 -4244
-4727 -5871 -4705
-4725 -5891 -4627
-4725 -4905 -5748
-4722 -5824 -4855
-4719 -4545 -5842
-4719 -4436 -5846
-4717 -4630 -5827
-4716 -5832 -4823
-4716 -4835 -5772
-4716 -4629 -5835
-4715 -4645 -5824
-4712 -5923 -4444
-4712 -5811 -4894
-4708 -5910 -4537
-4706 -5919 -4496
-4706 -4387 -5852
-4703 -4471 -5845
-4700 -5157 -5620
-4695 -5845 -4785
-4693 -5924 -4416
-4691 -4648 -5822
-4685 -5929 -4305
-4685 -5881 -4670
-4682 -4445 -5847
-4681 -4506 -5843
-4679 -5933 -4373
-4677 -5924 -4418
-4677 -4747 -5802
-4668 -4798 -5784
-4666 -4432 -5849
-4660 -4480 -5845
-4655 -4494 -5844
-4652 -4578 -5837
-4644 -5934 -4347
-4628 -4679 -5818
